{"type":"FeatureCollection","features":[{"type":"Feature","properties":{"id":"m1","m2":13685},"geometry":{"type":"Polygon","coordinates":[[[-68.552163,-31.545246],[-68.552194,-31.544912],[-68.552243,-31.544441],[-68.552284,-31.544019],[-68.552325,-31.543599],[-68.552358,-31.543264],[-68.552395,-31.542878],[-68.552433,-31.542481],[-68.552457,-31.542245],[-68.552386,-31.542495],[-68.552339,-31.542687],[-68.552308,-31.542835],[-68.552275,-31.542978],[-68.552218,-31.543271],[-68.552188,-31.543447],[-68.552156,-31.543604],[-68.552128,-31.543756],[-68.552094,-31.543924],[-68.552077,-31.544007],[-68.552055,-31.544082],[-68.552034,-31.544144],[-68.551996,-31.544222],[-68.551957,-31.544291],[-68.551889,-31.544397],[-68.551842,-31.544473],[-68.551812,-31.544533],[-68.551791,-31.54458],[-68.551762,-31.544655],[-68.551721,-31.544769],[-68.551704,-31.544974],[-68.551697,-31.545048],[-68.55169,-31.545118],[-68.551685,-31.545168],[-68.551678,-31.545268],[-68.551687,-31.545529],[-68.551684,-31.545611],[-68.551679,-31.545752],[-68.551672,-31.545949],[-68.551663,-31.54627],[-68.551648,-31.546733],[-68.551644,-31.546868],[-68.551636,-31.546948],[-68.551625,-31.547028],[-68.551603,-31.547145],[-68.551574,-31.547292],[-68.551527,-31.54749],[-68.551571,-31.547398],[-68.551656,-31.547202],[-68.551735,-31.547004],[-68.5518,-31.546828],[-68.551847,-31.546695],[-68.55191,-31.546492],[-68.551958,-31.546321],[-68.551995,-31.54618],[-68.552035,-31.546015],[-68.552068,-31.545869],[-68.552098,-31.545707],[-68.552118,-31.545588],[-68.552138,-31.545443],[-68.552163,-31.545246]]]}},{"type":"Feature","properties":{"id":"m2","m2":13067},"geometry":{"type":"Polygon","coordinates":[[[-68.552327,-31.544921],[-68.552292,-31.545255],[-68.552273,-31.545393],[-68.552257,-31.545515],[-68.55224,-31.545619],[-68.552226,-31.545708],[-68.552208,-31.545812],[-68.552189,-31.545907],[-68.552166,-31.54601],[-68.55214,-31.546121],[-68.552124,-31.546194],[-68.552093,-31.546307],[-68.552068,-31.546398],[-68.552032,-31.546526],[-68.551999,-31.546631],[-68.551956,-31.546759],[-68.551906,-31.546904],[-68.551862,-31.54702],[-68.55181,-31.54715],[-68.551761,-31.54727],[-68.551694,-31.547427],[-68.551915,-31.547039],[-68.551984,-31.546901],[-68.552019,-31.546831],[-68.55221,-31.546497],[-68.552403,-31.546163],[-68.552515,-31.545966],[-68.552627,-31.54578],[-68.552667,-31.545703],[-68.552685,-31.545661],[-68.552703,-31.545612],[-68.552756,-31.545433],[-68.552785,-31.545184],[-68.552793,-31.545116],[-68.5528,-31.54504],[-68.552802,-31.545015],[-68.552815,-31.544821],[-68.552794,-31.544599],[-68.552777,-31.544503],[-68.552752,-31.544405],[-68.552722,-31.544303],[-68.552698,-31.54421],[-68.552675,-31.544115],[-68.552656,-31.544013],[-68.552639,-31.543891],[-68.552632,-31.543737],[-68.552626,-31.543358],[-68.552624,-31.542943],[-68.552619,-31.54282],[-68.552613,-31.542701],[-68.552584,-31.542261],[-68.552562,-31.542499],[-68.552545,-31.542675],[-68.552524,-31.542882],[-68.552503,-31.543091],[-68.552483,-31.5433],[-68.552452,-31.543621],[-68.55242,-31.543967],[-68.552379,-31.544393],[-68.552351,-31.544678],[-68.552327,-31.544921]]]}},{"type":"Feature","properties":{"id":"m3","m2":21173},"geometry":{"type":"Polygon","coordinates":[[[-68.548501,-31.543004],[-68.548659,-31.542959],[-68.548873,-31.542885],[-68.548915,-31.542871],[-68.548927,-31.542866],[-68.548933,-31.54286],[-68.548952,-31.542846],[-68.548977,-31.542836],[-68.548997,-31.542833],[-68.54901,-31.542818],[-68.549035,-31.542783],[-68.549058,-31.542748],[-68.54908,-31.542712],[-68.549099,-31.542675],[-68.549933,-31.540972],[-68.549974,-31.540862],[-68.548874,-31.540832],[-68.548554,-31.540823],[-68.548494,-31.542619],[-68.548498,-31.54265],[-68.548498,-31.542653],[-68.548506,-31.542723],[-68.548502,-31.542946],[-68.548502,-31.542946],[-68.548501,-31.543004]]]}},{"type":"Feature","properties":{"id":"m4","m2":40151},"geometry":{"type":"Polygon","coordinates":[[[-68.552616,-31.541935],[-68.552601,-31.542078],[-68.552584,-31.542261],[-68.552613,-31.542701],[-68.552619,-31.54282],[-68.552624,-31.542943],[-68.552626,-31.543358],[-68.552632,-31.543737],[-68.552639,-31.543891],[-68.552656,-31.544013],[-68.552675,-31.544115],[-68.552698,-31.54421],[-68.552722,-31.544303],[-68.552752,-31.544405],[-68.552777,-31.544503],[-68.552794,-31.544599],[-68.552815,-31.544821],[-68.552845,-31.544641],[-68.552856,-31.544499],[-68.552898,-31.543899],[-68.552953,-31.543381],[-68.55305,-31.542385],[-68.553077,-31.542112],[-68.553094,-31.541929],[-68.553065,-31.541911],[-68.553014,-31.541874],[-68.552971,-31.541839],[-68.55294,-31.541817],[-68.552897,-31.541791],[-68.552864,-31.541774],[-68.552824,-31.541758],[-68.552787,-31.541751],[-68.552751,-31.541746],[-68.552718,-31.541746],[-68.552674,-31.541752],[-68.552391,-31.541883],[-68.552274,-31.541944],[-68.552164,-31.542006],[-68.552074,-31.542057],[-68.551983,-31.542115],[-68.551978,-31.542167],[-68.551947,-31.542502],[-68.551912,-31.542869],[-68.551877,-31.54322],[-68.551844,-31.54357],[-68.551803,-31.543953],[-68.551761,-31.544277],[-68.551742,-31.544425],[-68.551732,-31.544547],[-68.551721,-31.544769],[-68.551762,-31.544655],[-68.551791,-31.54458],[-68.551812,-31.544533],[-68.551842,-31.544473],[-68.551889,-31.544397],[-68.551957,-31.544291],[-68.551996,-31.544222],[-68.552034,-31.544144],[-68.552055,-31.544082],[-68.552077,-31.544007],[-68.552094,-31.543924],[-68.552128,-31.543756],[-68.552156,-31.543604],[-68.552188,-31.543447],[-68.552218,-31.543271],[-68.552275,-31.542978],[-68.552308,-31.542835],[-68.552339,-31.542687],[-68.552386,-31.542495],[-68.552457,-31.542245],[-68.552471,-31.542073],[-68.552478,-31.541995],[-68.552517,-31.541632],[-68.552532,-31.541415],[-68.552528,-31.541314],[-68.552519,-31.54118],[-68.55251,-31.541023],[-68.552501,-31.540865],[-68.552486,-31.540682],[-68.552472,-31.540465],[-68.552462,-31.540263],[-68.552448,-31.540007],[-68.552437,-31.539782],[-68.552431,-31.539613],[-68.552421,-31.53939],[-68.552408,-31.539111],[-68.552391,-31.538737],[-68.552385,-31.538516],[-68.552376,-31.538315],[-68.552362,-31.538115],[-68.552334,-31.538315],[-68.552314,-31.538515],[-68.552287,-31.538853],[-68.552275,-31.539103],[-68.552251,-31.539385],[-68.552229,-31.539612],[-68.552178,-31.540144],[-68.552155,-31.540378],[-68.552124,-31.540697],[-68.552093,-31.541017],[-68.552055,-31.541406],[-68.552052,-31.541431],[-68.551997,-31.541985],[-68.551992,-31.542029],[-68.552365,-31.541844],[-68.552642,-31.541705],[-68.552988,-31.541532],[-68.553036,-31.541516],[-68.553076,-31.54152],[-68.553106,-31.541532],[-68.55313,-31.541542],[-68.553196,-31.54086],[-68.553227,-31.540533],[-68.553255,-31.540218],[-68.553287,-31.539896],[-68.553329,-31.53948],[-68.553369,-31.539156],[-68.553398,-31.538929],[-68.553427,-31.538711],[-68.553448,-31.538536],[-68.553459,-31.538449],[-68.553459,-31.538212],[-68.553396,-31.538447],[-68.553355,-31.53859],[-68.553293,-31.538795],[-68.553189,-31.539156],[-68.552988,-31.539834],[-68.55294,-31.539995],[-68.552914,-31.540092],[-68.55289,-31.540182],[-68.552875,-31.540242],[-68.552854,-31.540335],[-68.552824,-31.54048],[-68.552803,-31.540602],[-68.55278,-31.540755],[-68.552745,-31.540958],[-68.552668,-31.541394],[-68.552656,-31.541545],[-68.552616,-31.541935]]]}},{"type":"Feature","properties":{"id":"m5","m2":31660},"geometry":{"type":"Polygon","coordinates":[[[-68.557671,-31.52982],[-68.557617,-31.529543],[-68.557614,-31.529527],[-68.55758,-31.529341],[-68.557555,-31.529206],[-68.557529,-31.529072],[-68.557507,-31.528953],[-68.557487,-31.52885],[-68.557463,-31.528742],[-68.557435,-31.528618],[-68.557416,-31.528543],[-68.55739,-31.52844],[-68.557363,-31.528341],[-68.557331,-31.528236],[-68.557298,-31.528134],[-68.557264,-31.528032],[-68.557227,-31.527928],[-68.5572,-31.527859],[-68.557166,-31.527775],[-68.557127,-31.527681],[-68.557089,-31.527597],[-68.557041,-31.527495],[-68.557013,-31.527439],[-68.556965,-31.52734],[-68.556997,-31.527458],[-68.557044,-31.527618],[-68.557064,-31.527689],[-68.557086,-31.527767],[-68.557107,-31.527841],[-68.557128,-31.527929],[-68.557138,-31.528004],[-68.557145,-31.52809],[-68.557148,-31.528176],[-68.557146,-31.528294],[-68.557143,-31.528495],[-68.557139,-31.528698],[-68.557134,-31.528899],[-68.557133,-31.529035],[-68.557135,-31.529126],[-68.557142,-31.529194],[-68.557148,-31.529264],[-68.557157,-31.529406],[-68.557251,-31.529654],[-68.557281,-31.529729],[-68.558216,-31.529433],[-68.558209,-31.529342],[-68.558207,-31.529321],[-68.558159,-31.529121],[-68.558073,-31.528919],[-68.558037,-31.528816],[-68.557994,-31.528716],[-68.557967,-31.528654],[-68.557929,-31.528572],[-68.557887,-31.528487],[-68.557838,-31.528399],[-68.557763,-31.528276],[-68.557699,-31.528176],[-68.557623,-31.528061],[-68.557552,-31.52795],[-68.557492,-31.52786],[-68.55741,-31.527732],[-68.557338,-31.527615],[-68.557231,-31.527444],[-68.556934,-31.527016],[-68.556981,-31.527103],[-68.557023,-31.527179],[-68.557073,-31.527277],[-68.557116,-31.527361],[-68.557155,-31.527441],[-68.557188,-31.527512],[-68.557221,-31.527581],[-68.557254,-31.527658],[-68.557283,-31.527732],[-68.557312,-31.527806],[-68.557342,-31.527883],[-68.557373,-31.527964],[-68.557398,-31.528036],[-68.557421,-31.528104],[-68.557443,-31.528176],[-68.557468,-31.528255],[-68.557494,-31.528337],[-68.557507,-31.528387],[-68.557527,-31.528461],[-68.557543,-31.528528],[-68.557561,-31.528593],[-68.557577,-31.528663],[-68.557593,-31.52874],[-68.557606,-31.528802],[-68.55762,-31.528874],[-68.557629,-31.528917],[-68.557641,-31.528976],[-68.557658,-31.52906],[-68.557678,-31.529164],[-68.557692,-31.529241],[-68.557709,-31.529336],[-68.557738,-31.529489],[-68.557741,-31.529503],[-68.557796,-31.529781],[-68.557803,-31.529824],[-68.557812,-31.529871],[-68.557819,-31.529922],[-68.557827,-31.529979],[-68.55784,-31.530075],[-68.557846,-31.530128],[-68.557851,-31.530166],[-68.557857,-31.53022],[-68.557863,-31.530274],[-68.557867,-31.530323],[-68.55787,-31.530371],[-68.557874,-31.530436],[-68.557873,-31.530515],[-68.557872,-31.530593],[-68.55787,-31.530668],[-68.557869,-31.530719],[-68.557865,-31.530774],[-68.557861,-31.530839],[-68.557855,-31.530891],[-68.557847,-31.530948],[-68.557836,-31.531029],[-68.557827,-31.531098],[-68.557816,-31.531168],[-68.557802,-31.531234],[-68.557789,-31.5313],[-68.557775,-31.531363],[-68.557754,-31.531439],[-68.557739,-31.531495],[-68.557718,-31.531572],[-68.557697,-31.531638],[-68.557668,-31.531721],[-68.557641,-31.531795],[-68.557614,-31.531863],[-68.557583,-31.531941],[-68.557547,-31.532025],[-68.557515,-31.532097],[-68.557475,-31.532182],[-68.557427,-31.532268],[-68.557386,-31.532343],[-68.55734,-31.532421],[-68.557263,-31.532547],[-68.55735,-31.532468],[-68.557397,-31.532414],[-68.557444,-31.532345],[-68.557481,-31.532279],[-68.557546,-31.532154],[-68.557628,-31.531981],[-68.557675,-31.531879],[-68.55775,-31.531697],[-68.557868,-31.531422],[-68.557955,-31.531213],[-68.558038,-31.531016],[-68.558081,-31.530915],[-68.558101,-31.530861],[-68.558118,-31.530807],[-68.558148,-31.530709],[-68.558189,-31.530555],[-68.558208,-31.530463],[-68.558229,-31.530342],[-68.558249,-31.530237],[-68.55826,-31.530171],[-68.558286,-31.529921],[-68.558276,-31.529839],[-68.558261,-31.529759],[-68.558249,-31.529698],[-68.55824,-31.529647],[-68.558224,-31.529546],[-68.557323,-31.529835],[-68.557265,-31.529854],[-68.556874,-31.529979],[-68.556912,-31.530071],[-68.556922,-31.530095],[-68.557097,-31.530542],[-68.557249,-31.530864],[-68.557278,-31.530934],[-68.557295,-31.530984],[-68.557309,-31.531035],[-68.55732,-31.531071],[-68.55733,-31.531104],[-68.557338,-31.531147],[-68.557347,-31.531205],[-68.557357,-31.531274],[-68.557362,-31.531331],[-68.557367,-31.53139],[-68.55737,-31.531455],[-68.55737,-31.531531],[-68.557364,-31.53161],[-68.557356,-31.53168],[-68.557347,-31.53173],[-68.557333,-31.531792],[-68.557313,-31.531867],[-68.557296,-31.531928],[-68.557272,-31.532002],[-68.557246,-31.532074],[-68.55722,-31.532141],[-68.557181,-31.53222],[-68.557137,-31.532309],[-68.557089,-31.532403],[-68.55704,-31.532496],[-68.556997,-31.532571],[-68.556944,-31.532656],[-68.556896,-31.532731],[-68.556853,-31.532793],[-68.556805,-31.532855],[-68.556742,-31.532946],[-68.556641,-31.533113],[-68.556724,-31.533027],[-68.556793,-31.532957],[-68.556865,-31.532873],[-68.556921,-31.532801],[-68.556981,-31.532726],[-68.557068,-31.532611],[-68.557137,-31.532509],[-68.557226,-31.532371],[-68.557298,-31.532248],[-68.557334,-31.532182],[-68.557367,-31.532121],[-68.557404,-31.532045],[-68.557443,-31.531964],[-68.557475,-31.531884],[-68.557508,-31.531802],[-68.557538,-31.531722],[-68.557567,-31.53164],[-68.557592,-31.531562],[-68.55761,-31.531501],[-68.55763,-31.531422],[-68.557648,-31.531353],[-68.557665,-31.531272],[-68.557677,-31.531209],[-68.557694,-31.53112],[-68.557706,-31.531046],[-68.557715,-31.53098],[-68.557727,-31.530873],[-68.557731,-31.530808],[-68.557738,-31.530729],[-68.55774,-31.530673],[-68.557741,-31.530586],[-68.557741,-31.530513],[-68.557743,-31.53046],[-68.557741,-31.530399],[-68.557738,-31.530336],[-68.557734,-31.530279],[-68.557731,-31.530228],[-68.557726,-31.530181],[-68.557716,-31.530112],[-68.557706,-31.530022],[-68.5577,-31.529973],[-68.557689,-31.529918],[-68.55768,-31.529867],[-68.557671,-31.52982]]]}},{"type":"Feature","properties":{"id":"m6","m2":31589},"geometry":{"type":"Polygon","coordinates":[[[-68.552904,-31.537642],[-68.552919,-31.537511],[-68.552926,-31.537447],[-68.552933,-31.537401],[-68.552944,-31.537334],[-68.552955,-31.537269],[-68.552966,-31.53721],[-68.552978,-31.537147],[-68.552994,-31.537077],[-68.553017,-31.536992],[-68.553036,-31.536925],[-68.553055,-31.536862],[-68.553081,-31.536785],[-68.553104,-31.536727],[-68.553126,-31.536671],[-68.553144,-31.536628],[-68.55317,-31.536567],[-68.553193,-31.536518],[-68.553221,-31.536459],[-68.553251,-31.536396],[-68.553272,-31.536353],[-68.553301,-31.5363],[-68.553336,-31.536239],[-68.553376,-31.536171],[-68.553409,-31.536114],[-68.553444,-31.536059],[-68.55347,-31.536019],[-68.553508,-31.535966],[-68.553535,-31.535928],[-68.553577,-31.535873],[-68.553623,-31.535814],[-68.553666,-31.535759],[-68.553707,-31.535708],[-68.553758,-31.535651],[-68.553802,-31.535598],[-68.553852,-31.535543],[-68.553898,-31.535494],[-68.553953,-31.535441],[-68.554005,-31.535391],[-68.554053,-31.535348],[-68.554126,-31.535279],[-68.554214,-31.535204],[-68.554287,-31.53514],[-68.554363,-31.535076],[-68.554194,-31.535194],[-68.554102,-31.535265],[-68.553931,-31.535399],[-68.553845,-31.535475],[-68.553752,-31.535566],[-68.553681,-31.535642],[-68.553611,-31.535723],[-68.553546,-31.535804],[-68.553496,-31.535868],[-68.553431,-31.535953],[-68.553369,-31.536042],[-68.553284,-31.536161],[-68.553228,-31.536237],[-68.553167,-31.536317],[-68.5531,-31.536402],[-68.553043,-31.536474],[-68.552969,-31.53656],[-68.552885,-31.53666],[-68.552814,-31.53674],[-68.552776,-31.536787],[-68.552743,-31.536835],[-68.552711,-31.53688],[-68.552684,-31.536929],[-68.552654,-31.536985],[-68.552628,-31.537036],[-68.552609,-31.537084],[-68.552588,-31.537143],[-68.552565,-31.537224],[-68.552548,-31.537295],[-68.552533,-31.537369],[-68.552504,-31.537516],[-68.552464,-31.537706],[-68.552447,-31.53779],[-68.552668,-31.537801],[-68.553486,-31.537851],[-68.553492,-31.537758],[-68.553494,-31.537731],[-68.553526,-31.53755],[-68.553548,-31.537335],[-68.55356,-31.537235],[-68.553573,-31.537135],[-68.553579,-31.537066],[-68.553584,-31.536999],[-68.553592,-31.536901],[-68.553604,-31.536745],[-68.55361,-31.536645],[-68.553616,-31.536592],[-68.553619,-31.536545],[-68.55363,-31.536483],[-68.553637,-31.536441],[-68.553644,-31.536405],[-68.553659,-31.536334],[-68.553678,-31.536263],[-68.5537,-31.536186],[-68.553725,-31.536114],[-68.553752,-31.536047],[-68.55379,-31.53596],[-68.553834,-31.535879],[-68.553877,-31.535809],[-68.553936,-31.535726],[-68.554005,-31.535637],[-68.554079,-31.535542],[-68.554151,-31.535443],[-68.554217,-31.535361],[-68.554145,-31.535425],[-68.554063,-31.535502],[-68.553999,-31.535566],[-68.553942,-31.535623],[-68.553876,-31.535694],[-68.553805,-31.535775],[-68.553743,-31.535852],[-68.553676,-31.535941],[-68.553619,-31.536018],[-68.553569,-31.536091],[-68.55352,-31.536171],[-68.553479,-31.536239],[-68.553436,-31.536314],[-68.553398,-31.536383],[-68.553353,-31.536471],[-68.553324,-31.536534],[-68.553291,-31.536607],[-68.553259,-31.536678],[-68.553226,-31.536762],[-68.553196,-31.536848],[-68.553158,-31.53696],[-68.553141,-31.537019],[-68.553121,-31.537091],[-68.553101,-31.537178],[-68.553086,-31.537246],[-68.553069,-31.537343],[-68.553053,-31.53745],[-68.553042,-31.537541],[-68.55303,-31.537647],[-68.552987,-31.538104],[-68.552969,-31.538286],[-68.552949,-31.538491],[-68.552918,-31.538808],[-68.552897,-31.539016],[-68.552875,-31.539264],[-68.552854,-31.539468],[-68.552836,-31.539645],[-68.552813,-31.539886],[-68.552792,-31.540095],[-68.552776,-31.540274],[-68.552756,-31.54048],[-68.552736,-31.540689],[-68.552717,-31.5409],[-68.552693,-31.541137],[-68.552668,-31.541394],[-68.552745,-31.540958],[-68.55278,-31.540755],[-68.552803,-31.540602],[-68.552824,-31.54048],[-68.552854,-31.540335],[-68.552875,-31.540242],[-68.55289,-31.540182],[-68.552914,-31.540092],[-68.55294,-31.539995],[-68.552988,-31.539834],[-68.553189,-31.539156],[-68.553293,-31.538795],[-68.553355,-31.53859],[-68.553396,-31.538447],[-68.553459,-31.538212],[-68.553474,-31.538042],[-68.553479,-31.53797],[-68.552573,-31.537924],[-68.552395,-31.537915],[-68.552371,-31.537971],[-68.55237,-31.538002],[-68.552362,-31.538115],[-68.552376,-31.538315],[-68.552385,-31.538516],[-68.552391,-31.538737],[-68.552408,-31.539111],[-68.552421,-31.53939],[-68.552431,-31.539613],[-68.552437,-31.539782],[-68.552448,-31.540007],[-68.552462,-31.540263],[-68.552472,-31.540465],[-68.552486,-31.540682],[-68.552501,-31.540865],[-68.55251,-31.541023],[-68.552519,-31.54118],[-68.552528,-31.541314],[-68.552532,-31.541415],[-68.552566,-31.541098],[-68.55259,-31.540851],[-68.55261,-31.540647],[-68.552628,-31.54046],[-68.552649,-31.540231],[-68.552669,-31.54003],[-68.552688,-31.539843],[-68.552712,-31.539611],[-68.55273,-31.539416],[-68.55276,-31.539114],[-68.552778,-31.538904],[-68.5528,-31.5387],[-68.552832,-31.538386],[-68.552846,-31.538244],[-68.552858,-31.538097],[-68.552904,-31.537642]]]}},{"type":"Feature","properties":{"id":"m7","m2":12090},"geometry":{"type":"Polygon","coordinates":[[[-68.556965,-31.52734],[-68.556919,-31.527251],[-68.556856,-31.527139],[-68.556786,-31.527018],[-68.556583,-31.526781],[-68.556512,-31.526709],[-68.556428,-31.526625],[-68.556373,-31.526579],[-68.556318,-31.526542],[-68.556262,-31.526505],[-68.556205,-31.526465],[-68.556128,-31.52642],[-68.556047,-31.526371],[-68.555943,-31.526313],[-68.55583,-31.526247],[-68.55567,-31.526151],[-68.555396,-31.525991],[-68.555492,-31.526108],[-68.555589,-31.526215],[-68.555694,-31.526329],[-68.555785,-31.526433],[-68.555882,-31.526546],[-68.555984,-31.526678],[-68.556096,-31.526829],[-68.556151,-31.52691],[-68.556212,-31.526998],[-68.556272,-31.527093],[-68.556336,-31.527197],[-68.556398,-31.527307],[-68.556465,-31.527428],[-68.556527,-31.527551],[-68.556592,-31.527681],[-68.556635,-31.527775],[-68.55668,-31.527881],[-68.556722,-31.527985],[-68.556773,-31.528123],[-68.556823,-31.528267],[-68.556873,-31.528446],[-68.556937,-31.528674],[-68.55698,-31.528838],[-68.557017,-31.528993],[-68.55704,-31.529099],[-68.557065,-31.529184],[-68.557092,-31.529256],[-68.557127,-31.529339],[-68.557157,-31.529406],[-68.557148,-31.529264],[-68.557142,-31.529194],[-68.557135,-31.529126],[-68.557133,-31.529035],[-68.557134,-31.528899],[-68.557139,-31.528698],[-68.557143,-31.528495],[-68.557146,-31.528294],[-68.557148,-31.528176],[-68.557145,-31.52809],[-68.557138,-31.528004],[-68.557128,-31.527929],[-68.557107,-31.527841],[-68.557086,-31.527767],[-68.557064,-31.527689],[-68.557044,-31.527618],[-68.556997,-31.527458],[-68.556965,-31.52734]]]}},{"type":"Feature","properties":{"id":"m8","m2":14971},"geometry":{"type":"Polygon","coordinates":[[[-68.556786,-31.527018],[-68.556711,-31.526898],[-68.556663,-31.526822],[-68.5566,-31.526724],[-68.556528,-31.526622],[-68.556445,-31.526505],[-68.556385,-31.52642],[-68.556296,-31.526307],[-68.556212,-31.5262],[-68.556143,-31.526116],[-68.556055,-31.526019],[-68.555986,-31.525947],[-68.555905,-31.52586],[-68.555816,-31.525773],[-68.555727,-31.525685],[-68.55563,-31.525593],[-68.555539,-31.525513],[-68.555485,-31.525465],[-68.55544,-31.525426],[-68.555351,-31.525353],[-68.555263,-31.52528],[-68.555171,-31.525209],[-68.555041,-31.525112],[-68.554906,-31.525017],[-68.554801,-31.524942],[-68.554676,-31.524857],[-68.554535,-31.52477],[-68.554413,-31.524694],[-68.554278,-31.524618],[-68.554146,-31.524547],[-68.554036,-31.524489],[-68.553944,-31.524441],[-68.553834,-31.524388],[-68.553723,-31.524335],[-68.553615,-31.524289],[-68.553514,-31.524245],[-68.553405,-31.524199],[-68.553291,-31.524154],[-68.553157,-31.524101],[-68.553043,-31.52406],[-68.552905,-31.524014],[-68.552768,-31.52397],[-68.552928,-31.524042],[-68.553104,-31.524128],[-68.553183,-31.524171],[-68.553273,-31.524225],[-68.553376,-31.524294],[-68.553424,-31.524332],[-68.553477,-31.524376],[-68.553535,-31.524429],[-68.553579,-31.524479],[-68.553624,-31.524535],[-68.553685,-31.524613],[-68.553741,-31.524685],[-68.553792,-31.524754],[-68.553839,-31.524813],[-68.553895,-31.52487],[-68.553944,-31.524908],[-68.554063,-31.525004],[-68.55418,-31.525073],[-68.554281,-31.525133],[-68.554367,-31.525187],[-68.554463,-31.525247],[-68.554622,-31.525354],[-68.554773,-31.525465],[-68.554872,-31.525546],[-68.555044,-31.525689],[-68.555085,-31.525724],[-68.555187,-31.525811],[-68.555286,-31.525904],[-68.555296,-31.525913],[-68.555305,-31.525922],[-68.555352,-31.525959],[-68.555396,-31.525991],[-68.55567,-31.526151],[-68.55583,-31.526247],[-68.555943,-31.526313],[-68.556047,-31.526371],[-68.556128,-31.52642],[-68.556205,-31.526465],[-68.556262,-31.526505],[-68.556318,-31.526542],[-68.556373,-31.526579],[-68.556428,-31.526625],[-68.556512,-31.526709],[-68.556583,-31.526781],[-68.556786,-31.527018]]]}},{"type":"Feature","properties":{"id":"m9","m2":13441},"geometry":{"type":"Polygon","coordinates":[[[-68.552768,-31.52397],[-68.552575,-31.523915],[-68.552377,-31.523864],[-68.552119,-31.523827],[-68.551925,-31.523804],[-68.551718,-31.523783],[-68.551535,-31.523771],[-68.551394,-31.523766],[-68.551208,-31.523768],[-68.551053,-31.523772],[-68.550897,-31.523781],[-68.550767,-31.523795],[-68.550669,-31.523807],[-68.550545,-31.523825],[-68.55044,-31.523841],[-68.550295,-31.52387],[-68.550162,-31.523897],[-68.549903,-31.52396],[-68.549799,-31.523984],[-68.549578,-31.524037],[-68.549724,-31.524037],[-68.549811,-31.524033],[-68.549935,-31.524026],[-68.550075,-31.524023],[-68.550253,-31.52402],[-68.550365,-31.524021],[-68.550471,-31.524023],[-68.550603,-31.524028],[-68.550726,-31.524035],[-68.550835,-31.52404],[-68.550952,-31.52405],[-68.551048,-31.524058],[-68.551175,-31.524073],[-68.551289,-31.524086],[-68.55141,-31.524103],[-68.551562,-31.524125],[-68.551611,-31.524133],[-68.551765,-31.524162],[-68.551918,-31.524197],[-68.552064,-31.524237],[-68.552212,-31.52428],[-68.552331,-31.524315],[-68.552535,-31.524375],[-68.552702,-31.524424],[-68.552873,-31.524478],[-68.553009,-31.52452],[-68.553134,-31.524562],[-68.553264,-31.52461],[-68.553377,-31.524657],[-68.553429,-31.524681],[-68.553531,-31.524724],[-68.553668,-31.52479],[-68.553783,-31.524851],[-68.553891,-31.524907],[-68.55397,-31.524951],[-68.554063,-31.525004],[-68.553944,-31.524908],[-68.553895,-31.52487],[-68.553839,-31.524813],[-68.553792,-31.524754],[-68.553741,-31.524685],[-68.553685,-31.524613],[-68.553624,-31.524535],[-68.553579,-31.524479],[-68.553535,-31.524429],[-68.553477,-31.524376],[-68.553424,-31.524332],[-68.553376,-31.524294],[-68.553273,-31.524225],[-68.553183,-31.524171],[-68.553104,-31.524128],[-68.552928,-31.524042],[-68.552768,-31.52397]]]}},{"type":"Feature","properties":{"id":"m10","m2":14217},"geometry":{"type":"Polygon","coordinates":[[[-68.55552,-31.525337],[-68.55563,-31.525431],[-68.555706,-31.525499],[-68.55578,-31.52557],[-68.555867,-31.525655],[-68.555939,-31.525724],[-68.556011,-31.5258],[-68.556083,-31.525877],[-68.55616,-31.525962],[-68.556251,-31.526066],[-68.556329,-31.526157],[-68.556408,-31.526253],[-68.556475,-31.52634],[-68.556554,-31.526444],[-68.556624,-31.526543],[-68.556691,-31.526639],[-68.556757,-31.526733],[-68.55683,-31.526848],[-68.556905,-31.526968],[-68.556706,-31.526559],[-68.556653,-31.526466],[-68.556619,-31.526396],[-68.55659,-31.526328],[-68.556566,-31.526275],[-68.556501,-31.526116],[-68.556421,-31.525912],[-68.55636,-31.525744],[-68.556321,-31.525627],[-68.556272,-31.525511],[-68.556223,-31.52542],[-68.556175,-31.525341],[-68.556105,-31.525243],[-68.556016,-31.525152],[-68.555947,-31.525092],[-68.555855,-31.525017],[-68.555787,-31.524961],[-68.555677,-31.524878],[-68.555582,-31.524807],[-68.555485,-31.524735],[-68.555405,-31.524681],[-68.555373,-31.524659],[-68.555226,-31.52456],[-68.555113,-31.524483],[-68.555022,-31.524423],[-68.55488,-31.524336],[-68.554737,-31.524272],[-68.554645,-31.524233],[-68.554578,-31.524212],[-68.554506,-31.524191],[-68.554421,-31.524175],[-68.554342,-31.524166],[-68.554243,-31.524157],[-68.554121,-31.524151],[-68.553989,-31.524145],[-68.553892,-31.52414],[-68.55382,-31.524134],[-68.553753,-31.524122],[-68.553676,-31.524108],[-68.553551,-31.524081],[-68.553415,-31.52405],[-68.553219,-31.524002],[-68.553354,-31.524053],[-68.553466,-31.5241],[-68.553557,-31.524138],[-68.553661,-31.524183],[-68.55379,-31.524241],[-68.553911,-31.524297],[-68.554005,-31.524344],[-68.554086,-31.524386],[-68.554174,-31.524431],[-68.554257,-31.524476],[-68.554345,-31.524524],[-68.55443,-31.524572],[-68.554505,-31.524614],[-68.554577,-31.524658],[-68.554668,-31.524714],[-68.554745,-31.524764],[-68.554822,-31.524815],[-68.55489,-31.524861],[-68.554954,-31.524906],[-68.555039,-31.524965],[-68.555113,-31.525021],[-68.555209,-31.525093],[-68.555297,-31.525159],[-68.555385,-31.525227],[-68.555473,-31.525297],[-68.55552,-31.525337]]]}},{"type":"Feature","properties":{"id":"m11","m2":12928},"geometry":{"type":"Polygon","coordinates":[[[-68.556905,-31.526968],[-68.556934,-31.527016],[-68.557231,-31.527444],[-68.557338,-31.527615],[-68.55741,-31.527732],[-68.557492,-31.52786],[-68.557552,-31.52795],[-68.557623,-31.528061],[-68.557699,-31.528176],[-68.557763,-31.528276],[-68.557838,-31.528399],[-68.557887,-31.528487],[-68.557929,-31.528572],[-68.557967,-31.528654],[-68.557994,-31.528716],[-68.558037,-31.528816],[-68.558073,-31.528919],[-68.558159,-31.529121],[-68.558125,-31.528895],[-68.558099,-31.52876],[-68.558071,-31.528611],[-68.558049,-31.528514],[-68.558022,-31.528402],[-68.557988,-31.528278],[-68.557955,-31.528157],[-68.557924,-31.528056],[-68.55789,-31.52796],[-68.557839,-31.52781],[-68.557789,-31.527683],[-68.557745,-31.52757],[-68.557683,-31.52743],[-68.557633,-31.527322],[-68.557557,-31.527162],[-68.557506,-31.527066],[-68.557456,-31.52697],[-68.557412,-31.526884],[-68.557361,-31.526798],[-68.557307,-31.526709],[-68.557247,-31.526614],[-68.557188,-31.52652],[-68.557123,-31.526422],[-68.557063,-31.526335],[-68.55701,-31.526257],[-68.55692,-31.52614],[-68.556852,-31.52605],[-68.556776,-31.525953],[-68.556705,-31.525873],[-68.556633,-31.525788],[-68.556557,-31.525701],[-68.556454,-31.525587],[-68.556372,-31.525501],[-68.55626,-31.52539],[-68.556105,-31.525243],[-68.556175,-31.525341],[-68.556223,-31.52542],[-68.556272,-31.525511],[-68.556321,-31.525627],[-68.55636,-31.525744],[-68.556421,-31.525912],[-68.556501,-31.526116],[-68.556566,-31.526275],[-68.55659,-31.526328],[-68.556619,-31.526396],[-68.556653,-31.526466],[-68.556706,-31.526559],[-68.556905,-31.526968]]]}},{"type":"Feature","properties":{"id":"m12","m2":21535},"geometry":{"type":"Polygon","coordinates":[[[-68.557263,-31.532547],[-68.557217,-31.532615],[-68.557175,-31.532674],[-68.557132,-31.532733],[-68.557088,-31.532791],[-68.557036,-31.532856],[-68.557012,-31.532889],[-68.556983,-31.532924],[-68.556932,-31.532982],[-68.556882,-31.53304],[-68.556829,-31.533097],[-68.556784,-31.533144],[-68.556724,-31.533205],[-68.556674,-31.533255],[-68.556615,-31.533311],[-68.556551,-31.533374],[-68.556464,-31.53345],[-68.556374,-31.533528],[-68.556287,-31.533607],[-68.556133,-31.533733],[-68.555946,-31.533893],[-68.555792,-31.534022],[-68.555652,-31.534141],[-68.555521,-31.53425],[-68.555377,-31.534374],[-68.555259,-31.534476],[-68.555167,-31.534552],[-68.555058,-31.534645],[-68.55495,-31.534735],[-68.554853,-31.534815],[-68.554767,-31.534889],[-68.554646,-31.53499],[-68.55455,-31.53507],[-68.554441,-31.535165],[-68.55428,-31.535305],[-68.554217,-31.535361],[-68.554151,-31.535443],[-68.554079,-31.535542],[-68.554005,-31.535637],[-68.553936,-31.535726],[-68.553877,-31.535809],[-68.553834,-31.535879],[-68.55379,-31.53596],[-68.553752,-31.536047],[-68.553725,-31.536114],[-68.5537,-31.536186],[-68.553678,-31.536263],[-68.553659,-31.536334],[-68.553644,-31.536405],[-68.553637,-31.536441],[-68.55363,-31.536483],[-68.553619,-31.536545],[-68.553616,-31.536592],[-68.55361,-31.536645],[-68.553604,-31.536745],[-68.553592,-31.536901],[-68.553584,-31.536999],[-68.553579,-31.537066],[-68.553573,-31.537135],[-68.55356,-31.537235],[-68.553548,-31.537335],[-68.553526,-31.53755],[-68.553575,-31.53738],[-68.5536,-31.537284],[-68.553622,-31.537207],[-68.553648,-31.537109],[-68.553675,-31.537013],[-68.5537,-31.536917],[-68.553729,-31.536809],[-68.553753,-31.53672],[-68.55378,-31.536627],[-68.553809,-31.536534],[-68.553843,-31.536449],[-68.553872,-31.536389],[-68.553904,-31.536319],[-68.553948,-31.53623],[-68.55399,-31.536161],[-68.554032,-31.536085],[-68.554089,-31.535994],[-68.554139,-31.535912],[-68.554175,-31.535856],[-68.554222,-31.535793],[-68.554261,-31.535737],[-68.554294,-31.535693],[-68.554375,-31.535591],[-68.554421,-31.535535],[-68.55446,-31.535485],[-68.554495,-31.535441],[-68.55454,-31.535394],[-68.55458,-31.535353],[-68.55462,-31.535314],[-68.554674,-31.535269],[-68.554737,-31.535214],[-68.554784,-31.535178],[-68.554826,-31.535152],[-68.554891,-31.535115],[-68.554939,-31.535088],[-68.554989,-31.535059],[-68.555057,-31.535015],[-68.555115,-31.534975],[-68.555184,-31.534925],[-68.555243,-31.534877],[-68.555316,-31.534815],[-68.555412,-31.534733],[-68.555556,-31.534606],[-68.555696,-31.534485],[-68.555825,-31.534375],[-68.555926,-31.534286],[-68.556046,-31.534181],[-68.556198,-31.534049],[-68.556268,-31.533989],[-68.556373,-31.533901],[-68.556463,-31.53382],[-68.556547,-31.533742],[-68.556628,-31.533664],[-68.556714,-31.533577],[-68.556792,-31.533495],[-68.55687,-31.533411],[-68.556951,-31.533316],[-68.557023,-31.53323],[-68.557088,-31.533148],[-68.557176,-31.533034],[-68.557247,-31.532939],[-68.55732,-31.532843],[-68.557356,-31.532793],[-68.557384,-31.532752],[-68.557432,-31.532675],[-68.557501,-31.532564],[-68.557558,-31.532473],[-68.557624,-31.532363],[-68.557624,-31.532363],[-68.557712,-31.532215],[-68.557792,-31.53208],[-68.557883,-31.531928],[-68.557959,-31.531795],[-68.558011,-31.531705],[-68.558063,-31.531619],[-68.558097,-31.531554],[-68.558124,-31.5315],[-68.558168,-31.531398],[-68.558211,-31.531301],[-68.55824,-31.531228],[-68.558264,-31.531164],[-68.558283,-31.531093],[-68.558297,-31.531039],[-68.558306,-31.530986],[-68.558317,-31.530918],[-68.558321,-31.530866],[-68.558326,-31.5308],[-68.558329,-31.530723],[-68.558331,-31.530655],[-68.558333,-31.530499],[-68.55833,-31.530383],[-68.55833,-31.530264],[-68.558325,-31.530141],[-68.55832,-31.530061],[-68.558306,-31.529995],[-68.558286,-31.529921],[-68.55826,-31.530171],[-68.558249,-31.530237],[-68.558229,-31.530342],[-68.558208,-31.530463],[-68.558189,-31.530555],[-68.558148,-31.530709],[-68.558118,-31.530807],[-68.558101,-31.530861],[-68.558081,-31.530915],[-68.558038,-31.531016],[-68.557955,-31.531213],[-68.557868,-31.531422],[-68.55775,-31.531697],[-68.557675,-31.531879],[-68.557628,-31.531981],[-68.557546,-31.532154],[-68.557481,-31.532279],[-68.557444,-31.532345],[-68.557397,-31.532414],[-68.55735,-31.532468],[-68.557263,-31.532547]]]}},{"type":"Feature","properties":{"id":"m13","m2":14605},"geometry":{"type":"Polygon","coordinates":[[[-68.552823,-31.523869],[-68.55299,-31.523922],[-68.553102,-31.52396],[-68.553219,-31.524002],[-68.553415,-31.52405],[-68.553551,-31.524081],[-68.553676,-31.524108],[-68.553753,-31.524122],[-68.55382,-31.524134],[-68.553892,-31.52414],[-68.553989,-31.524145],[-68.554121,-31.524151],[-68.554243,-31.524157],[-68.554342,-31.524166],[-68.554421,-31.524175],[-68.554506,-31.524191],[-68.554578,-31.524212],[-68.554645,-31.524233],[-68.554737,-31.524272],[-68.55488,-31.524336],[-68.554786,-31.524263],[-68.554643,-31.524181],[-68.554584,-31.524147],[-68.554467,-31.524084],[-68.554313,-31.524002],[-68.554117,-31.523906],[-68.553971,-31.523837],[-68.55383,-31.523777],[-68.553687,-31.523713],[-68.553551,-31.523657],[-68.553418,-31.523611],[-68.553279,-31.523559],[-68.553113,-31.523502],[-68.55292,-31.523441],[-68.552734,-31.523389],[-68.552514,-31.523332],[-68.552333,-31.523288],[-68.552132,-31.523244],[-68.551986,-31.523217],[-68.551971,-31.523214],[-68.551847,-31.523191],[-68.551715,-31.52317],[-68.551603,-31.523152],[-68.551451,-31.523131],[-68.55134,-31.523115],[-68.551209,-31.523103],[-68.551067,-31.52309],[-68.550852,-31.523074],[-68.550731,-31.523069],[-68.55063,-31.523066],[-68.550512,-31.523063],[-68.550353,-31.523062],[-68.550223,-31.523063],[-68.550079,-31.523065],[-68.549983,-31.523067],[-68.549795,-31.523086],[-68.549982,-31.523097],[-68.550147,-31.523108],[-68.550246,-31.523124],[-68.550332,-31.523141],[-68.550427,-31.523163],[-68.550585,-31.523207],[-68.550765,-31.523255],[-68.551014,-31.523324],[-68.551377,-31.523422],[-68.551744,-31.523521],[-68.55202,-31.523597],[-68.552207,-31.523651],[-68.552609,-31.523787],[-68.552823,-31.523869]]]}},{"type":"Feature","properties":{"id":"m14","m2":74601},"geometry":{"type":"Polygon","coordinates":[[[-68.580212,-31.54763],[-68.580184,-31.547446],[-68.580169,-31.547354],[-68.580085,-31.546805],[-68.579999,-31.54625],[-68.579952,-31.545945],[-68.579932,-31.545812],[-68.579823,-31.545817],[-68.57968,-31.545708],[-68.578123,-31.54588],[-68.577971,-31.545897],[-68.578054,-31.546472],[-68.576308,-31.546666],[-68.576398,-31.547251],[-68.577317,-31.547149],[-68.577407,-31.547732],[-68.576486,-31.547832],[-68.576558,-31.548304],[-68.576573,-31.54835],[-68.576593,-31.548399],[-68.576687,-31.548623],[-68.576737,-31.54874],[-68.580004,-31.547694],[-68.580055,-31.547678],[-68.580212,-31.54763]]]}},{"type":"Feature","properties":{"id":"m15","m2":871},"geometry":{"type":"Polygon","coordinates":[[[-68.576737,-31.54874],[-68.576687,-31.548623],[-68.576593,-31.548399],[-68.576445,-31.548422],[-68.57643,-31.548465],[-68.576427,-31.548506],[-68.576429,-31.548551],[-68.576509,-31.548819],[-68.576655,-31.548768],[-68.576737,-31.54874]]]}},{"type":"Feature","properties":{"id":"m16","m2":248145},"geometry":{"type":"Polygon","coordinates":[[[-68.558159,-31.529121],[-68.558207,-31.529321],[-68.558209,-31.529342],[-68.558216,-31.529433],[-68.558449,-31.52936],[-68.55892,-31.529217],[-68.558942,-31.52921],[-68.558968,-31.529202],[-68.55899,-31.529197],[-68.559067,-31.529177],[-68.559324,-31.52912],[-68.559356,-31.529113],[-68.559416,-31.529103],[-68.559374,-31.528857],[-68.559325,-31.528445],[-68.559296,-31.528244],[-68.559299,-31.528229],[-68.559307,-31.528206],[-68.55932,-31.528179],[-68.559479,-31.527949],[-68.559707,-31.527621],[-68.559862,-31.52743],[-68.560203,-31.527009],[-68.560214,-31.526991],[-68.560225,-31.526966],[-68.560231,-31.526946],[-68.560233,-31.526679],[-68.560237,-31.526318],[-68.560136,-31.526317],[-68.559137,-31.526311],[-68.559267,-31.525594],[-68.559399,-31.524863],[-68.560253,-31.524867],[-68.560256,-31.524587],[-68.560268,-31.524544],[-68.560302,-31.524509],[-68.560336,-31.524496],[-68.560381,-31.524493],[-68.561462,-31.524495],[-68.561468,-31.524321],[-68.5615,-31.523264],[-68.560578,-31.522941],[-68.559879,-31.52269],[-68.559038,-31.522389],[-68.557149,-31.52186],[-68.556533,-31.521685],[-68.556517,-31.521681],[-68.556418,-31.521655],[-68.55634,-31.521757],[-68.556298,-31.521849],[-68.556251,-31.521984],[-68.556198,-31.522083],[-68.556047,-31.522665],[-68.555978,-31.522933],[-68.555764,-31.523765],[-68.555712,-31.523939],[-68.555666,-31.524092],[-68.555608,-31.524287],[-68.555535,-31.524532],[-68.555507,-31.524634],[-68.555485,-31.524735],[-68.555582,-31.524807],[-68.555677,-31.524878],[-68.555787,-31.524961],[-68.555855,-31.525017],[-68.555947,-31.525092],[-68.556016,-31.525152],[-68.556105,-31.525243],[-68.55626,-31.52539],[-68.556372,-31.525501],[-68.556454,-31.525587],[-68.556557,-31.525701],[-68.556633,-31.525788],[-68.556705,-31.525873],[-68.556776,-31.525953],[-68.556852,-31.52605],[-68.55692,-31.52614],[-68.55701,-31.526257],[-68.557063,-31.526335],[-68.557123,-31.526422],[-68.557188,-31.52652],[-68.557247,-31.526614],[-68.557307,-31.526709],[-68.557361,-31.526798],[-68.557412,-31.526884],[-68.557456,-31.52697],[-68.557506,-31.527066],[-68.557557,-31.527162],[-68.557633,-31.527322],[-68.557683,-31.52743],[-68.557745,-31.52757],[-68.557789,-31.527683],[-68.557839,-31.52781],[-68.55789,-31.52796],[-68.557924,-31.528056],[-68.557955,-31.528157],[-68.557988,-31.528278],[-68.558022,-31.528402],[-68.558049,-31.528514],[-68.558071,-31.528611],[-68.558099,-31.52876],[-68.558125,-31.528895],[-68.558159,-31.529121]]]}},{"type":"Feature","properties":{"id":"m17","m2":3007},"geometry":{"type":"Polygon","coordinates":[[[-68.548639,-31.516525],[-68.548631,-31.516536],[-68.548625,-31.516553],[-68.548622,-31.516569],[-68.548602,-31.517013],[-68.548599,-31.517086],[-68.548993,-31.517121],[-68.549076,-31.517128],[-68.549081,-31.51705],[-68.549107,-31.516574],[-68.549106,-31.516559],[-68.5491,-31.516542],[-68.549093,-31.516531],[-68.549081,-31.516525],[-68.549067,-31.516522],[-68.549048,-31.51652],[-68.548696,-31.516507],[-68.548676,-31.516508],[-68.548656,-31.516516],[-68.548639,-31.516525]]]}},{"type":"Feature","properties":{"id":"m18","m2":18967},"geometry":{"type":"Polygon","coordinates":[[[-68.548639,-31.516525],[-68.548656,-31.516516],[-68.548676,-31.516508],[-68.548696,-31.516507],[-68.549048,-31.51652],[-68.549067,-31.516522],[-68.549081,-31.516525],[-68.549093,-31.516531],[-68.5491,-31.516542],[-68.549106,-31.516559],[-68.549107,-31.516574],[-68.549081,-31.51705],[-68.549076,-31.517128],[-68.549388,-31.517177],[-68.549619,-31.517214],[-68.549713,-31.517281],[-68.549745,-31.517191],[-68.54992,-31.516698],[-68.550057,-31.516314],[-68.54998,-31.516301],[-68.549326,-31.516193],[-68.549305,-31.516186],[-68.549291,-31.51618],[-68.549277,-31.51617],[-68.549268,-31.516155],[-68.54926,-31.516139],[-68.549257,-31.516119],[-68.549266,-31.515894],[-68.549189,-31.515891],[-68.548552,-31.515868],[-68.548541,-31.51608],[-68.548539,-31.5161],[-68.548534,-31.516117],[-68.548525,-31.516129],[-68.548507,-31.516139],[-68.548486,-31.516141],[-68.54846,-31.516141],[-68.547936,-31.516122],[-68.547895,-31.516951],[-68.547891,-31.517023],[-68.548265,-31.517057],[-68.548599,-31.517086],[-68.548602,-31.517013],[-68.548622,-31.516569],[-68.548625,-31.516553],[-68.548631,-31.516536],[-68.548639,-31.516525]]]}},{"type":"Feature","properties":{"id":"m19","m2":94023},"geometry":{"type":"Polygon","coordinates":[[[-68.548598,-31.517154],[-68.54824,-31.51712],[-68.547888,-31.517093],[-68.547554,-31.517064],[-68.547501,-31.517068],[-68.547463,-31.517078],[-68.547392,-31.517107],[-68.547351,-31.517124],[-68.54732,-31.517134],[-68.547286,-31.517137],[-68.547236,-31.517135],[-68.547147,-31.517131],[-68.547145,-31.517157],[-68.547126,-31.517413],[-68.547099,-31.517773],[-68.547033,-31.518665],[-68.54703,-31.518696],[-68.547026,-31.518756],[-68.54702,-31.518843],[-68.547133,-31.51888],[-68.547167,-31.518891],[-68.547722,-31.519071],[-68.547803,-31.519097],[-68.54795,-31.519144],[-68.548315,-31.519259],[-68.548808,-31.519398],[-68.549181,-31.519457],[-68.549794,-31.519509],[-68.549948,-31.519522],[-68.550113,-31.519531],[-68.550845,-31.519569],[-68.551077,-31.519581],[-68.551097,-31.519492],[-68.551104,-31.51946],[-68.551132,-31.519375],[-68.551203,-31.5192],[-68.551323,-31.518897],[-68.551443,-31.518592],[-68.551474,-31.51853],[-68.551506,-31.518481],[-68.551628,-31.518345],[-68.551669,-31.518299],[-68.551704,-31.518259],[-68.551744,-31.518214],[-68.551789,-31.518165],[-68.551849,-31.518097],[-68.55176,-31.518043],[-68.551087,-31.517707],[-68.550279,-31.517439],[-68.549948,-31.517343],[-68.549713,-31.517281],[-68.549594,-31.517279],[-68.54936,-31.517245],[-68.549073,-31.517198],[-68.548925,-31.517184],[-68.548714,-31.517165],[-68.548598,-31.517154]]]}},{"type":"Feature","properties":{"id":"m20","m2":15451},"geometry":{"type":"Polygon","coordinates":[[[-68.55645,-31.512663],[-68.558296,-31.512677],[-68.558329,-31.512677],[-68.558491,-31.512678],[-68.558517,-31.512566],[-68.558653,-31.511988],[-68.558456,-31.511986],[-68.557204,-31.51197],[-68.556565,-31.511983],[-68.55651,-31.511991],[-68.556484,-31.512002],[-68.556457,-31.512027],[-68.55645,-31.512663]]]}},{"type":"Feature","properties":{"id":"m21","m2":177434},"geometry":{"type":"Polygon","coordinates":[[[-68.55645,-31.512663],[-68.556457,-31.512027],[-68.556484,-31.512002],[-68.55651,-31.511991],[-68.556565,-31.511983],[-68.557204,-31.51197],[-68.558456,-31.511986],[-68.558653,-31.511988],[-68.558658,-31.511964],[-68.558668,-31.511921],[-68.558683,-31.511867],[-68.558688,-31.511839],[-68.558825,-31.511214],[-68.55886,-31.511057],[-68.558893,-31.510907],[-68.558686,-31.510909],[-68.558523,-31.510911],[-68.556715,-31.510931],[-68.556509,-31.510933],[-68.556318,-31.510935],[-68.554561,-31.510955],[-68.554422,-31.510956],[-68.554261,-31.510958],[-68.553422,-31.510967],[-68.553423,-31.511058],[-68.553437,-31.511682],[-68.553433,-31.511708],[-68.553423,-31.511726],[-68.553406,-31.511738],[-68.553383,-31.511743],[-68.552865,-31.511766],[-68.552695,-31.511772],[-68.551489,-31.511778],[-68.550982,-31.511811],[-68.550258,-31.511874],[-68.547504,-31.512027],[-68.547371,-31.512035],[-68.547367,-31.512127],[-68.547365,-31.512177],[-68.547362,-31.512267],[-68.547347,-31.512572],[-68.547475,-31.512576],[-68.548619,-31.512605],[-68.548617,-31.512673],[-68.548607,-31.513125],[-68.548606,-31.513175],[-68.548604,-31.51323],[-68.548594,-31.513679],[-68.548593,-31.513736],[-68.548591,-31.513792],[-68.548583,-31.51416],[-68.548581,-31.514231],[-68.548719,-31.514234],[-68.548918,-31.51424],[-68.548985,-31.514241],[-68.549025,-31.514246],[-68.549062,-31.514251],[-68.549102,-31.514259],[-68.549285,-31.514306],[-68.54935,-31.51432],[-68.549392,-31.514324],[-68.549424,-31.514327],[-68.549457,-31.514328],[-68.549505,-31.514329],[-68.549845,-31.514321],[-68.549936,-31.514323],[-68.550014,-31.514333],[-68.550074,-31.51435],[-68.550639,-31.514584],[-68.550703,-31.514611],[-68.550846,-31.514352],[-68.550864,-31.514318],[-68.550883,-31.514296],[-68.550905,-31.514281],[-68.550835,-31.514177],[-68.550758,-31.514064],[-68.550633,-31.514109],[-68.550519,-31.514141],[-68.550396,-31.514168],[-68.550286,-31.51418],[-68.550151,-31.514187],[-68.550037,-31.514185],[-68.549907,-31.514174],[-68.54976,-31.514139],[-68.549625,-31.514104],[-68.549536,-31.514075],[-68.549567,-31.51398],[-68.549601,-31.513901],[-68.549668,-31.51376],[-68.549879,-31.513401],[-68.549896,-31.513342],[-68.549939,-31.51309],[-68.549962,-31.513052],[-68.549998,-31.51303],[-68.55005,-31.513023],[-68.550557,-31.51304],[-68.55151,-31.513073],[-68.551321,-31.513476],[-68.551262,-31.513583],[-68.551215,-31.51366],[-68.551153,-31.513748],[-68.551072,-31.513834],[-68.550968,-31.513925],[-68.550896,-31.513976],[-68.55084,-31.514019],[-68.550929,-31.514145],[-68.551014,-31.514265],[-68.551052,-31.514274],[-68.551609,-31.514408],[-68.551653,-31.514323],[-68.551907,-31.513846],[-68.5522,-31.513292],[-68.552476,-31.512771],[-68.55255,-31.512676],[-68.552642,-31.512563],[-68.552843,-31.512189],[-68.55287,-31.512171],[-68.552899,-31.512161],[-68.552928,-31.512157],[-68.552962,-31.512161],[-68.553553,-31.512298],[-68.553582,-31.512313],[-68.553596,-31.512333],[-68.553599,-31.512358],[-68.553593,-31.512381],[-68.553468,-31.512767],[-68.553444,-31.512866],[-68.553543,-31.512887],[-68.554047,-31.512877],[-68.554806,-31.512862],[-68.555298,-31.512853],[-68.555449,-31.51285],[-68.555665,-31.512845],[-68.556095,-31.512837],[-68.556253,-31.512834],[-68.556448,-31.51283],[-68.55645,-31.512663]]]}},{"type":"Feature","properties":{"id":"m22","m2":14934},"geometry":{"type":"Polygon","coordinates":[[[-68.55645,-31.512663],[-68.556448,-31.51283],[-68.556442,-31.513384],[-68.55816,-31.5134],[-68.558321,-31.513402],[-68.558391,-31.513102],[-68.558458,-31.512819],[-68.558491,-31.512678],[-68.558329,-31.512677],[-68.558296,-31.512677],[-68.55645,-31.512663]]]}},{"type":"Feature","properties":{"id":"m23","m2":38139},"geometry":{"type":"Polygon","coordinates":[[[-68.558491,-31.512678],[-68.558458,-31.512819],[-68.558391,-31.513102],[-68.558547,-31.513104],[-68.558565,-31.513104],[-68.561457,-31.513114],[-68.561531,-31.513114],[-68.561589,-31.513113],[-68.561683,-31.513113],[-68.561743,-31.512485],[-68.561755,-31.511964],[-68.561734,-31.511965],[-68.56119,-31.511983],[-68.560932,-31.51199],[-68.560722,-31.511994],[-68.560393,-31.511994],[-68.559487,-31.511977],[-68.558806,-31.511966],[-68.558658,-31.511964],[-68.558653,-31.511988],[-68.558517,-31.512566],[-68.558491,-31.512678]]]}},{"type":"Feature","properties":{"id":"m24","m2":6865},"geometry":{"type":"Polygon","coordinates":[[[-68.550057,-31.516314],[-68.54992,-31.516698],[-68.54999,-31.516716],[-68.550657,-31.516885],[-68.550668,-31.516823],[-68.550714,-31.516541],[-68.550795,-31.516314],[-68.550867,-31.516134],[-68.550905,-31.516006],[-68.550834,-31.515987],[-68.55031,-31.51585],[-68.55023,-31.515829],[-68.550057,-31.516314]]]}},{"type":"Feature","properties":{"id":"m25","m2":6619},"geometry":{"type":"Polygon","coordinates":[[[-68.550057,-31.516314],[-68.55023,-31.515829],[-68.550314,-31.515591],[-68.550227,-31.515588],[-68.549408,-31.515564],[-68.54928,-31.51556],[-68.549266,-31.515894],[-68.549257,-31.516119],[-68.54926,-31.516139],[-68.549268,-31.516155],[-68.549277,-31.51617],[-68.549291,-31.51618],[-68.549305,-31.516186],[-68.549326,-31.516193],[-68.54998,-31.516301],[-68.550057,-31.516314]]]}},{"type":"Feature","properties":{"id":"m26","m2":9105},"geometry":{"type":"Polygon","coordinates":[[[-68.551085,-31.515501],[-68.552536,-31.515835],[-68.552647,-31.51547],[-68.552706,-31.515277],[-68.551302,-31.514944],[-68.551255,-31.515026],[-68.551085,-31.515501]]]}},{"type":"Feature","properties":{"id":"m27","m2":7691},"geometry":{"type":"Polygon","coordinates":[[[-68.551085,-31.515501],[-68.550949,-31.515884],[-68.550905,-31.516006],[-68.551032,-31.516043],[-68.552298,-31.516229],[-68.552393,-31.516243],[-68.552441,-31.516106],[-68.552469,-31.516025],[-68.552536,-31.515835],[-68.551085,-31.515501]]]}},{"type":"Feature","properties":{"id":"m28","m2":12712},"geometry":{"type":"Polygon","coordinates":[[[-68.551085,-31.515501],[-68.551255,-31.515026],[-68.551302,-31.514944],[-68.551573,-31.514469],[-68.551609,-31.514408],[-68.551052,-31.514274],[-68.551014,-31.514265],[-68.550988,-31.514262],[-68.550958,-31.514263],[-68.550928,-31.514269],[-68.550905,-31.514281],[-68.550883,-31.514296],[-68.550864,-31.514318],[-68.550846,-31.514352],[-68.550703,-31.514611],[-68.550589,-31.514819],[-68.550542,-31.514951],[-68.550314,-31.515591],[-68.55023,-31.515829],[-68.55031,-31.51585],[-68.550834,-31.515987],[-68.550905,-31.516006],[-68.550949,-31.515884],[-68.551085,-31.515501]]]}},{"type":"Feature","properties":{"id":"m29","m2":37502},"geometry":{"type":"Polygon","coordinates":[[[-68.552536,-31.515835],[-68.552469,-31.516025],[-68.552441,-31.516106],[-68.552393,-31.516243],[-68.55253,-31.516263],[-68.55258,-31.51627],[-68.553087,-31.516342],[-68.553794,-31.516441],[-68.554342,-31.516517],[-68.554382,-31.516523],[-68.55453,-31.516544],[-68.554527,-31.516467],[-68.554525,-31.51639],[-68.554506,-31.515878],[-68.554506,-31.51585],[-68.554511,-31.515829],[-68.554521,-31.515805],[-68.554547,-31.515767],[-68.55458,-31.515737],[-68.554962,-31.515446],[-68.554993,-31.515413],[-68.555008,-31.51539],[-68.55502,-31.515358],[-68.555024,-31.515325],[-68.555011,-31.514857],[-68.555008,-31.51474],[-68.554916,-31.514741],[-68.554378,-31.514748],[-68.554286,-31.514749],[-68.553685,-31.514756],[-68.553571,-31.514757],[-68.553243,-31.514761],[-68.55297,-31.514704],[-68.552885,-31.514686],[-68.55286,-31.514769],[-68.552839,-31.514837],[-68.552706,-31.515277],[-68.552647,-31.51547],[-68.552536,-31.515835]]]}},{"type":"Feature","properties":{"id":"m30","m2":132793},"geometry":{"type":"Polygon","coordinates":[[[-68.55419,-31.519894],[-68.554366,-31.519923],[-68.554506,-31.519949],[-68.554624,-31.519978],[-68.554706,-31.520004],[-68.554822,-31.52004],[-68.554919,-31.520076],[-68.556112,-31.52052],[-68.556426,-31.520637],[-68.556472,-31.52064],[-68.556482,-31.520641],[-68.556513,-31.52064],[-68.556542,-31.520634],[-68.556561,-31.520625],[-68.556585,-31.5206],[-68.556595,-31.520585],[-68.556604,-31.520571],[-68.556623,-31.52053],[-68.556635,-31.520503],[-68.55665,-31.520438],[-68.556871,-31.51948],[-68.556886,-31.519413],[-68.556792,-31.518857],[-68.556781,-31.518826],[-68.556778,-31.518812],[-68.556665,-31.518054],[-68.55665,-31.517953],[-68.556578,-31.517959],[-68.556033,-31.518009],[-68.555913,-31.518011],[-68.555778,-31.518019],[-68.555197,-31.517963],[-68.554433,-31.517886],[-68.55444,-31.517824],[-68.554504,-31.517276],[-68.554541,-31.516966],[-68.554532,-31.516629],[-68.55453,-31.516544],[-68.554382,-31.516523],[-68.554342,-31.516517],[-68.553794,-31.516441],[-68.553087,-31.516342],[-68.55258,-31.51627],[-68.55253,-31.516263],[-68.552393,-31.516243],[-68.552356,-31.516351],[-68.55228,-31.516637],[-68.552262,-31.516708],[-68.552245,-31.516772],[-68.55213,-31.517213],[-68.552112,-31.517283],[-68.552098,-31.517337],[-68.55193,-31.517973],[-68.55192,-31.517997],[-68.5519,-31.518036],[-68.551879,-31.518064],[-68.551849,-31.518097],[-68.551961,-31.518183],[-68.552037,-31.518245],[-68.552094,-31.518295],[-68.552154,-31.518357],[-68.552202,-31.518412],[-68.552291,-31.518524],[-68.552363,-31.518622],[-68.55247,-31.518743],[-68.553244,-31.519594],[-68.553328,-31.519693],[-68.553375,-31.519748],[-68.553426,-31.519786],[-68.553501,-31.519818],[-68.553766,-31.51985],[-68.55419,-31.519894]]]}},{"type":"Feature","properties":{"id":"m31","m2":26159},"geometry":{"type":"Polygon","coordinates":[[[-68.55419,-31.519894],[-68.553766,-31.51985],[-68.553501,-31.519818],[-68.553564,-31.519948],[-68.553601,-31.520006],[-68.553611,-31.520022],[-68.553662,-31.520084],[-68.553809,-31.520237],[-68.553936,-31.520355],[-68.554138,-31.520541],[-68.554334,-31.520695],[-68.554395,-31.520738],[-68.554706,-31.52093],[-68.554787,-31.52098],[-68.555024,-31.521117],[-68.555076,-31.521148],[-68.555173,-31.521204],[-68.555542,-31.52137],[-68.555659,-31.521413],[-68.55595,-31.521521],[-68.556186,-31.521598],[-68.556206,-31.521605],[-68.556305,-31.521637],[-68.556477,-31.521005],[-68.55649,-31.520956],[-68.556505,-31.520903],[-68.556515,-31.520829],[-68.55652,-31.520797],[-68.556523,-31.520757],[-68.556532,-31.520709],[-68.556527,-31.520701],[-68.556493,-31.520679],[-68.556463,-31.520662],[-68.556426,-31.520637],[-68.556112,-31.52052],[-68.554919,-31.520076],[-68.554822,-31.52004],[-68.554706,-31.520004],[-68.554624,-31.519978],[-68.554506,-31.519949],[-68.554366,-31.519923],[-68.55419,-31.519894]]]}},{"type":"Feature","properties":{"id":"m32","m2":9208},"geometry":{"type":"Polygon","coordinates":[[[-68.555197,-31.517963],[-68.555778,-31.518019],[-68.555913,-31.518011],[-68.555907,-31.517947],[-68.555855,-31.51741],[-68.555781,-31.517402],[-68.554591,-31.517284],[-68.554504,-31.517276],[-68.55444,-31.517824],[-68.554433,-31.517886],[-68.555197,-31.517963]]]}},{"type":"Feature","properties":{"id":"m33","m2":20571},"geometry":{"type":"Polygon","coordinates":[[[-68.551077,-31.519581],[-68.551236,-31.519588],[-68.551614,-31.519604],[-68.552052,-31.519635],[-68.552279,-31.519657],[-68.552526,-31.519689],[-68.552845,-31.519731],[-68.55307,-31.519761],[-68.553354,-31.519801],[-68.553501,-31.519818],[-68.553426,-31.519786],[-68.553375,-31.519748],[-68.553328,-31.519693],[-68.553244,-31.519594],[-68.55247,-31.518743],[-68.552363,-31.518622],[-68.552291,-31.518524],[-68.552202,-31.518412],[-68.552154,-31.518357],[-68.552094,-31.518295],[-68.552037,-31.518245],[-68.551961,-31.518183],[-68.551849,-31.518097],[-68.551789,-31.518165],[-68.551744,-31.518214],[-68.551704,-31.518259],[-68.551669,-31.518299],[-68.551628,-31.518345],[-68.551506,-31.518481],[-68.551474,-31.51853],[-68.551443,-31.518592],[-68.551323,-31.518897],[-68.551203,-31.5192],[-68.551132,-31.519375],[-68.551104,-31.51946],[-68.551097,-31.519492],[-68.551077,-31.519581]]]}},{"type":"Feature","properties":{"id":"m34","m2":38423},"geometry":{"type":"Polygon","coordinates":[[[-68.551077,-31.519581],[-68.550845,-31.519569],[-68.550113,-31.519531],[-68.549948,-31.519522],[-68.549923,-31.51967],[-68.549808,-31.52036],[-68.551105,-31.520485],[-68.551201,-31.520495],[-68.551955,-31.520567],[-68.552031,-31.520574],[-68.554222,-31.520786],[-68.554334,-31.520695],[-68.554138,-31.520541],[-68.553936,-31.520355],[-68.553809,-31.520237],[-68.553662,-31.520084],[-68.553611,-31.520022],[-68.553601,-31.520006],[-68.553564,-31.519948],[-68.553501,-31.519818],[-68.553354,-31.519801],[-68.55307,-31.519761],[-68.552845,-31.519731],[-68.552526,-31.519689],[-68.552279,-31.519657],[-68.552052,-31.519635],[-68.551614,-31.519604],[-68.551236,-31.519588],[-68.551077,-31.519581]]]}},{"type":"Feature","properties":{"id":"m35","m2":16683},"geometry":{"type":"Polygon","coordinates":[[[-68.551849,-31.518097],[-68.551879,-31.518064],[-68.5519,-31.518036],[-68.55192,-31.517997],[-68.55193,-31.517973],[-68.552098,-31.517337],[-68.552112,-31.517283],[-68.551981,-31.517247],[-68.550657,-31.516885],[-68.54999,-31.516716],[-68.54992,-31.516698],[-68.549745,-31.517191],[-68.549713,-31.517281],[-68.549948,-31.517343],[-68.550279,-31.517439],[-68.551087,-31.517707],[-68.55176,-31.518043],[-68.551849,-31.518097]]]}},{"type":"Feature","properties":{"id":"m36","m2":9496},"geometry":{"type":"Polygon","coordinates":[[[-68.552112,-31.517283],[-68.55213,-31.517213],[-68.552245,-31.516772],[-68.552262,-31.516708],[-68.552114,-31.516669],[-68.550873,-31.516335],[-68.550795,-31.516314],[-68.550714,-31.516541],[-68.550668,-31.516823],[-68.550657,-31.516885],[-68.551981,-31.517247],[-68.552112,-31.517283]]]}},{"type":"Feature","properties":{"id":"m37","m2":6259},"geometry":{"type":"Polygon","coordinates":[[[-68.552262,-31.516708],[-68.55228,-31.516637],[-68.552356,-31.516351],[-68.552393,-31.516243],[-68.552298,-31.516229],[-68.551032,-31.516043],[-68.550905,-31.516006],[-68.550867,-31.516134],[-68.550795,-31.516314],[-68.550873,-31.516335],[-68.552114,-31.516669],[-68.552262,-31.516708]]]}},{"type":"Feature","properties":{"id":"m38","m2":7759},"geometry":{"type":"Polygon","coordinates":[[[-68.550314,-31.515591],[-68.550542,-31.514951],[-68.549382,-31.514913],[-68.549307,-31.51491],[-68.549293,-31.515253],[-68.54928,-31.51556],[-68.549408,-31.515564],[-68.550227,-31.515588],[-68.550314,-31.515591]]]}},{"type":"Feature","properties":{"id":"m39","m2":8838},"geometry":{"type":"Polygon","coordinates":[[[-68.54928,-31.51556],[-68.549293,-31.515253],[-68.549221,-31.515251],[-68.548031,-31.515214],[-68.548007,-31.515221],[-68.547992,-31.515233],[-68.547982,-31.515252],[-68.547978,-31.515276],[-68.547955,-31.515729],[-68.547949,-31.515847],[-68.548015,-31.515849],[-68.548552,-31.515868],[-68.549189,-31.515891],[-68.549266,-31.515894],[-68.54928,-31.51556]]]}},{"type":"Feature","properties":{"id":"m40","m2":15034},"geometry":{"type":"Polygon","coordinates":[[[-68.556472,-31.515072],[-68.557767,-31.515169],[-68.557903,-31.515179],[-68.557927,-31.515076],[-68.557984,-31.514836],[-68.558059,-31.514513],[-68.558095,-31.514362],[-68.558121,-31.514249],[-68.557978,-31.514242],[-68.556456,-31.514172],[-68.556458,-31.514307],[-68.556466,-31.514723],[-68.556472,-31.515072]]]}},{"type":"Feature","properties":{"id":"m41","m2":16412},"geometry":{"type":"Polygon","coordinates":[[[-68.556472,-31.515072],[-68.55653,-31.516338],[-68.556604,-31.51634],[-68.557467,-31.516372],[-68.557515,-31.516374],[-68.557613,-31.516377],[-68.557873,-31.515303],[-68.557903,-31.515179],[-68.557767,-31.515169],[-68.556472,-31.515072]]]}},{"type":"Feature","properties":{"id":"m42","m2":36328},"geometry":{"type":"Polygon","coordinates":[[[-68.556472,-31.515072],[-68.556466,-31.514723],[-68.556382,-31.514723],[-68.555834,-31.51473],[-68.555734,-31.514731],[-68.555649,-31.514732],[-68.555109,-31.514739],[-68.555008,-31.51474],[-68.555011,-31.514857],[-68.555024,-31.515325],[-68.55502,-31.515358],[-68.555008,-31.51539],[-68.554993,-31.515413],[-68.554962,-31.515446],[-68.55458,-31.515737],[-68.554547,-31.515767],[-68.554521,-31.515805],[-68.554511,-31.515829],[-68.554506,-31.51585],[-68.554506,-31.515878],[-68.554525,-31.51639],[-68.554527,-31.516467],[-68.55453,-31.516544],[-68.554658,-31.516561],[-68.554748,-31.516574],[-68.555249,-31.516644],[-68.555947,-31.516741],[-68.556384,-31.516813],[-68.556469,-31.516819],[-68.556552,-31.516825],[-68.556545,-31.516671],[-68.55653,-31.516338],[-68.556472,-31.515072]]]}},{"type":"Feature","properties":{"id":"m43","m2":203535},"geometry":{"type":"Polygon","coordinates":[[[-68.557903,-31.515179],[-68.557873,-31.515303],[-68.557613,-31.516377],[-68.557387,-31.517326],[-68.557016,-31.518879],[-68.557013,-31.518892],[-68.556997,-31.518937],[-68.556886,-31.519413],[-68.556871,-31.51948],[-68.55665,-31.520438],[-68.556635,-31.520503],[-68.556633,-31.52053],[-68.556629,-31.520594],[-68.556628,-31.520635],[-68.556633,-31.520639],[-68.556687,-31.520639],[-68.556703,-31.520639],[-68.556731,-31.520634],[-68.556764,-31.520627],[-68.556804,-31.520618],[-68.558095,-31.520056],[-68.55839,-31.519935],[-68.558579,-31.519851],[-68.558665,-31.519813],[-68.558713,-31.519792],[-68.558894,-31.519711],[-68.559004,-31.519659],[-68.559104,-31.519606],[-68.559224,-31.519538],[-68.559439,-31.519424],[-68.559516,-31.519377],[-68.559596,-31.519322],[-68.559744,-31.519213],[-68.560345,-31.518754],[-68.560526,-31.518618],[-68.560561,-31.51841],[-68.560686,-31.517653],[-68.560969,-31.51595],[-68.561036,-31.515546],[-68.561065,-31.515367],[-68.561151,-31.51485],[-68.561295,-31.514034],[-68.558385,-31.513948],[-68.558194,-31.513941],[-68.558151,-31.514122],[-68.558121,-31.514249],[-68.558095,-31.514362],[-68.558059,-31.514513],[-68.557984,-31.514836],[-68.557927,-31.515076],[-68.557903,-31.515179]]]}},{"type":"Feature","properties":{"id":"m44","m2":26726},"geometry":{"type":"Polygon","coordinates":[[[-68.549293,-31.515253],[-68.549307,-31.51491],[-68.549319,-31.514598],[-68.549322,-31.514568],[-68.549333,-31.514535],[-68.549395,-31.514393],[-68.549424,-31.514327],[-68.549392,-31.514324],[-68.54935,-31.51432],[-68.549285,-31.514306],[-68.549102,-31.514259],[-68.549062,-31.514251],[-68.549025,-31.514246],[-68.548985,-31.514241],[-68.548918,-31.51424],[-68.548719,-31.514234],[-68.548581,-31.514231],[-68.547927,-31.514213],[-68.547447,-31.5142],[-68.547394,-31.514198],[-68.547347,-31.514197],[-68.547272,-31.514195],[-68.547266,-31.51434],[-68.547249,-31.514747],[-68.547236,-31.515076],[-68.547205,-31.51582],[-68.547297,-31.515823],[-68.54734,-31.515825],[-68.547887,-31.515845],[-68.547949,-31.515847],[-68.547955,-31.515729],[-68.547978,-31.515276],[-68.547982,-31.515252],[-68.547992,-31.515233],[-68.548007,-31.515221],[-68.548031,-31.515214],[-68.549221,-31.515251],[-68.549293,-31.515253]]]}},{"type":"Feature","properties":{"id":"m45","m2":7395},"geometry":{"type":"Polygon","coordinates":[[[-68.549307,-31.51491],[-68.549382,-31.514913],[-68.550542,-31.514951],[-68.550589,-31.514819],[-68.550703,-31.514611],[-68.550639,-31.514584],[-68.550074,-31.51435],[-68.550014,-31.514333],[-68.549936,-31.514323],[-68.549845,-31.514321],[-68.549505,-31.514329],[-68.549457,-31.514328],[-68.549424,-31.514327],[-68.549395,-31.514393],[-68.549333,-31.514535],[-68.549322,-31.514568],[-68.549319,-31.514598],[-68.549307,-31.51491]]]}},{"type":"Feature","properties":{"id":"m46","m2":15319},"geometry":{"type":"Polygon","coordinates":[[[-68.556456,-31.514172],[-68.557978,-31.514242],[-68.558121,-31.514249],[-68.558151,-31.514122],[-68.558194,-31.513941],[-68.558321,-31.513402],[-68.55816,-31.5134],[-68.556442,-31.513384],[-68.556456,-31.514172]]]}},{"type":"Feature","properties":{"id":"m47","m2":26342},"geometry":{"type":"Polygon","coordinates":[[[-68.556456,-31.514172],[-68.556442,-31.513384],[-68.556448,-31.51283],[-68.556253,-31.512834],[-68.556095,-31.512837],[-68.555665,-31.512845],[-68.555449,-31.51285],[-68.555298,-31.512853],[-68.555301,-31.512968],[-68.555311,-31.513396],[-68.555308,-31.513442],[-68.5553,-31.513471],[-68.555283,-31.513496],[-68.555258,-31.513524],[-68.55507,-31.513696],[-68.555042,-31.513724],[-68.555023,-31.513749],[-68.55501,-31.513775],[-68.555006,-31.51381],[-68.555006,-31.513831],[-68.555005,-31.513846],[-68.555007,-31.514605],[-68.555008,-31.51474],[-68.555109,-31.514739],[-68.555649,-31.514732],[-68.555734,-31.514731],[-68.555834,-31.51473],[-68.556382,-31.514723],[-68.556466,-31.514723],[-68.556458,-31.514307],[-68.556456,-31.514172]]]}},{"type":"Feature","properties":{"id":"m48","m2":28687},"geometry":{"type":"Polygon","coordinates":[[[-68.558321,-31.513402],[-68.558194,-31.513941],[-68.558385,-31.513948],[-68.561295,-31.514034],[-68.56134,-31.513779],[-68.561457,-31.513114],[-68.558565,-31.513104],[-68.558547,-31.513104],[-68.558391,-31.513102],[-68.558321,-31.513402]]]}},{"type":"Feature","properties":{"id":"m49","m2":8748},"geometry":{"type":"Polygon","coordinates":[[[-68.551302,-31.514944],[-68.552706,-31.515277],[-68.552839,-31.514837],[-68.55286,-31.514769],[-68.552885,-31.514686],[-68.552758,-31.514658],[-68.552717,-31.514649],[-68.551662,-31.51442],[-68.551609,-31.514408],[-68.551573,-31.514469],[-68.551302,-31.514944]]]}},{"type":"Feature","properties":{"id":"m50","m2":18377},"geometry":{"type":"Polygon","coordinates":[[[-68.55653,-31.516338],[-68.556545,-31.516671],[-68.556552,-31.516825],[-68.556558,-31.516954],[-68.556578,-31.517377],[-68.556641,-31.517883],[-68.55665,-31.517953],[-68.556665,-31.518054],[-68.556778,-31.518812],[-68.556781,-31.518826],[-68.556792,-31.518857],[-68.556813,-31.51889],[-68.556846,-31.518907],[-68.55689,-31.518918],[-68.556997,-31.518937],[-68.557013,-31.518892],[-68.557016,-31.518879],[-68.557387,-31.517326],[-68.557613,-31.516377],[-68.557515,-31.516374],[-68.557467,-31.516372],[-68.556604,-31.51634],[-68.55653,-31.516338]]]}},{"type":"Feature","properties":{"id":"m51","m2":19053},"geometry":{"type":"Polygon","coordinates":[[[-68.555913,-31.518011],[-68.556033,-31.518009],[-68.556578,-31.517959],[-68.55665,-31.517953],[-68.556641,-31.517883],[-68.556578,-31.517377],[-68.556558,-31.516954],[-68.556552,-31.516825],[-68.556469,-31.516819],[-68.556384,-31.516813],[-68.555947,-31.516741],[-68.555249,-31.516644],[-68.554748,-31.516574],[-68.554658,-31.516561],[-68.55453,-31.516544],[-68.554532,-31.516629],[-68.554541,-31.516966],[-68.554504,-31.517276],[-68.554591,-31.517284],[-68.555781,-31.517402],[-68.555855,-31.51741],[-68.555907,-31.517947],[-68.555913,-31.518011]]]}},{"type":"Feature","properties":{"id":"m52","m2":38878},"geometry":{"type":"Polygon","coordinates":[[[-68.552885,-31.514686],[-68.55297,-31.514704],[-68.553243,-31.514761],[-68.553571,-31.514757],[-68.553685,-31.514756],[-68.554286,-31.514749],[-68.554378,-31.514748],[-68.554916,-31.514741],[-68.555008,-31.51474],[-68.555007,-31.514605],[-68.555005,-31.513846],[-68.555006,-31.513831],[-68.555006,-31.51381],[-68.55501,-31.513775],[-68.555023,-31.513749],[-68.555042,-31.513724],[-68.55507,-31.513696],[-68.555258,-31.513524],[-68.555283,-31.513496],[-68.5553,-31.513471],[-68.555308,-31.513442],[-68.555311,-31.513396],[-68.555301,-31.512968],[-68.555298,-31.512853],[-68.554806,-31.512862],[-68.554047,-31.512877],[-68.553543,-31.512887],[-68.553444,-31.512866],[-68.553415,-31.512987],[-68.553244,-31.513536],[-68.553067,-31.514104],[-68.55291,-31.514606],[-68.552885,-31.514686]]]}},{"type":"Feature","properties":{"id":"m53","m2":8024},"geometry":{"type":"Polygon","coordinates":[[[-68.552885,-31.514686],[-68.55291,-31.514606],[-68.553067,-31.514104],[-68.551907,-31.513846],[-68.551653,-31.514323],[-68.551609,-31.514408],[-68.551662,-31.51442],[-68.552717,-31.514649],[-68.552758,-31.514658],[-68.552885,-31.514686]]]}},{"type":"Feature","properties":{"id":"m54","m2":7133},"geometry":{"type":"Polygon","coordinates":[[[-68.551907,-31.513846],[-68.553067,-31.514104],[-68.553244,-31.513536],[-68.5522,-31.513292],[-68.551907,-31.513846]]]}},{"type":"Feature","properties":{"id":"m55","m2":7290},"geometry":{"type":"Polygon","coordinates":[[[-68.5522,-31.513292],[-68.553244,-31.513536],[-68.553415,-31.512987],[-68.553444,-31.512866],[-68.55255,-31.512676],[-68.552476,-31.512771],[-68.5522,-31.513292]]]}},{"type":"Feature","properties":{"id":"m56","m2":5063},"geometry":{"type":"Polygon","coordinates":[[[-68.55255,-31.512676],[-68.553444,-31.512866],[-68.553468,-31.512767],[-68.553593,-31.512381],[-68.553599,-31.512358],[-68.553596,-31.512333],[-68.553582,-31.512313],[-68.553553,-31.512298],[-68.552962,-31.512161],[-68.552928,-31.512157],[-68.552899,-31.512161],[-68.55287,-31.512171],[-68.552843,-31.512189],[-68.552642,-31.512563],[-68.55255,-31.512676]]]}},{"type":"Feature","properties":{"id":"m57","m2":9731},"geometry":{"type":"Polygon","coordinates":[[[-68.562179,-31.526687],[-68.562147,-31.526203],[-68.562096,-31.525451],[-68.561653,-31.525319],[-68.561439,-31.525256],[-68.561441,-31.525412],[-68.561448,-31.525972],[-68.561455,-31.526565],[-68.561455,-31.526606],[-68.561456,-31.526696],[-68.561628,-31.526707],[-68.562179,-31.526687]]]}},{"type":"Feature","properties":{"id":"m58","m2":6491},"geometry":{"type":"Polygon","coordinates":[[[-68.562179,-31.526687],[-68.563413,-31.526646],[-68.563363,-31.526129],[-68.562147,-31.526203],[-68.562179,-31.526687]]]}},{"type":"Feature","properties":{"id":"m59","m2":49159},"geometry":{"type":"Polygon","coordinates":[[[-68.562179,-31.526687],[-68.561628,-31.526707],[-68.561456,-31.526696],[-68.561458,-31.526847],[-68.561458,-31.526869],[-68.561461,-31.527069],[-68.561462,-31.527146],[-68.561467,-31.527577],[-68.561443,-31.528057],[-68.561403,-31.528141],[-68.561383,-31.528772],[-68.561722,-31.528714],[-68.563078,-31.528486],[-68.564558,-31.528237],[-68.564873,-31.528184],[-68.564851,-31.528077],[-68.564784,-31.527737],[-68.564757,-31.527632],[-68.564653,-31.527664],[-68.564261,-31.527784],[-68.564138,-31.527804],[-68.564047,-31.527809],[-68.563972,-31.527802],[-68.56389,-31.527782],[-68.563778,-31.527741],[-68.563693,-31.527697],[-68.563609,-31.527634],[-68.563575,-31.527604],[-68.563534,-31.527561],[-68.563509,-31.527516],[-68.563486,-31.527466],[-68.563474,-31.527409],[-68.563413,-31.526646],[-68.562179,-31.526687]]]}},{"type":"Feature","properties":{"id":"m60","m2":8342},"geometry":{"type":"Polygon","coordinates":[[[-68.562147,-31.526203],[-68.563363,-31.526129],[-68.563303,-31.525497],[-68.563167,-31.525504],[-68.562517,-31.525538],[-68.562423,-31.525543],[-68.562389,-31.525534],[-68.562216,-31.525485],[-68.562096,-31.525451],[-68.562147,-31.526203]]]}},{"type":"Feature","properties":{"id":"m61","m2":11633},"geometry":{"type":"Polygon","coordinates":[[[-68.562096,-31.525451],[-68.562216,-31.525485],[-68.562389,-31.525534],[-68.562423,-31.525543],[-68.562517,-31.525538],[-68.562529,-31.524836],[-68.562524,-31.524787],[-68.56252,-31.524771],[-68.562515,-31.524754],[-68.562502,-31.524728],[-68.562285,-31.524459],[-68.562251,-31.524432],[-68.56218,-31.524396],[-68.56188,-31.524268],[-68.561823,-31.524261],[-68.561601,-31.524293],[-68.561468,-31.524321],[-68.561462,-31.524495],[-68.561439,-31.525256],[-68.561653,-31.525319],[-68.562096,-31.525451]]]}},{"type":"Feature","properties":{"id":"m62","m2":4305},"geometry":{"type":"Polygon","coordinates":[[[-68.565311,-31.526643],[-68.565172,-31.526177],[-68.564455,-31.526314],[-68.564364,-31.526332],[-68.564371,-31.526375],[-68.564378,-31.526415],[-68.5644,-31.526489],[-68.56443,-31.526581],[-68.564508,-31.526816],[-68.564594,-31.526797],[-68.565311,-31.526643]]]}},{"type":"Feature","properties":{"id":"m63","m2":12310},"geometry":{"type":"Polygon","coordinates":[[[-68.565311,-31.526643],[-68.564594,-31.526797],[-68.564508,-31.526816],[-68.56473,-31.527544],[-68.564757,-31.527632],[-68.564852,-31.527603],[-68.565986,-31.527255],[-68.566126,-31.527212],[-68.566125,-31.527149],[-68.566122,-31.527104],[-68.566118,-31.527076],[-68.566007,-31.526603],[-68.56598,-31.52649],[-68.565926,-31.526508],[-68.565854,-31.526526],[-68.565311,-31.526643]]]}},{"type":"Feature","properties":{"id":"m64","m2":4346},"geometry":{"type":"Polygon","coordinates":[[[-68.565311,-31.526643],[-68.565854,-31.526526],[-68.565926,-31.526508],[-68.56598,-31.52649],[-68.565974,-31.526433],[-68.565969,-31.526383],[-68.565967,-31.526357],[-68.565954,-31.526059],[-68.565944,-31.525957],[-68.565929,-31.525873],[-68.565172,-31.526177],[-68.565311,-31.526643]]]}},{"type":"Feature","properties":{"id":"m65","m2":7183},"geometry":{"type":"Polygon","coordinates":[[[-68.565172,-31.526177],[-68.564867,-31.525129],[-68.564843,-31.525046],[-68.564561,-31.525014],[-68.564488,-31.525478],[-68.564365,-31.5262],[-68.564361,-31.526256],[-68.564361,-31.526295],[-68.564364,-31.526332],[-68.564455,-31.526314],[-68.565172,-31.526177]]]}},{"type":"Feature","properties":{"id":"m66","m2":8346},"geometry":{"type":"Polygon","coordinates":[[[-68.565172,-31.526177],[-68.565929,-31.525873],[-68.565922,-31.525839],[-68.565908,-31.525794],[-68.565898,-31.525765],[-68.56588,-31.52573],[-68.565835,-31.525653],[-68.565797,-31.52559],[-68.565789,-31.525575],[-68.565784,-31.525563],[-68.565782,-31.525549],[-68.565782,-31.525535],[-68.565834,-31.525159],[-68.565715,-31.525145],[-68.565064,-31.525071],[-68.564843,-31.525046],[-68.564867,-31.525129],[-68.565172,-31.526177]]]}},{"type":"Feature","properties":{"id":"m67","m2":6997},"geometry":{"type":"Polygon","coordinates":[[[-68.564843,-31.525046],[-68.565064,-31.525071],[-68.565715,-31.525145],[-68.565834,-31.525159],[-68.565916,-31.524671],[-68.565597,-31.524636],[-68.565422,-31.524608],[-68.565164,-31.524559],[-68.564743,-31.524468],[-68.564668,-31.524452],[-68.564651,-31.524504],[-68.564644,-31.524527],[-68.564561,-31.525014],[-68.564843,-31.525046]]]}},{"type":"Feature","properties":{"id":"m68","m2":13567},"geometry":{"type":"Polygon","coordinates":[[[-68.563609,-31.527634],[-68.563693,-31.527697],[-68.563778,-31.527741],[-68.56389,-31.527782],[-68.563972,-31.527802],[-68.564047,-31.527809],[-68.564138,-31.527804],[-68.564261,-31.527784],[-68.564653,-31.527664],[-68.564757,-31.527632],[-68.56473,-31.527544],[-68.564508,-31.526816],[-68.56443,-31.526581],[-68.564359,-31.526586],[-68.563413,-31.526646],[-68.563474,-31.527409],[-68.563486,-31.527466],[-68.563509,-31.527516],[-68.563534,-31.527561],[-68.563575,-31.527604],[-68.563609,-31.527634]]]}},{"type":"Feature","properties":{"id":"m69","m2":9180},"geometry":{"type":"Polygon","coordinates":[[[-68.564757,-31.527632],[-68.564784,-31.527737],[-68.564851,-31.528077],[-68.564873,-31.528184],[-68.565459,-31.528087],[-68.565525,-31.528077],[-68.565592,-31.528067],[-68.565659,-31.528059],[-68.565726,-31.52805],[-68.565793,-31.528043],[-68.56593,-31.52803],[-68.566093,-31.52803],[-68.566092,-31.527922],[-68.56609,-31.527729],[-68.566126,-31.527212],[-68.565986,-31.527255],[-68.564852,-31.527603],[-68.564757,-31.527632]]]}},{"type":"Feature","properties":{"id":"m70","m2":16452},"geometry":{"type":"Polygon","coordinates":[[[-68.566126,-31.527212],[-68.56609,-31.527729],[-68.566092,-31.527922],[-68.566093,-31.52803],[-68.566508,-31.528032],[-68.566734,-31.528033],[-68.566757,-31.528035],[-68.566945,-31.528054],[-68.566939,-31.527903],[-68.566937,-31.52787],[-68.567021,-31.52719],[-68.567044,-31.526999],[-68.567099,-31.526555],[-68.56713,-31.526311],[-68.566964,-31.526319],[-68.566131,-31.526436],[-68.566079,-31.526446],[-68.566032,-31.526469],[-68.56598,-31.52649],[-68.566007,-31.526603],[-68.566118,-31.527076],[-68.566122,-31.527104],[-68.566125,-31.527149],[-68.566126,-31.527212]]]}},{"type":"Feature","properties":{"id":"m71","m2":10825},"geometry":{"type":"Polygon","coordinates":[[[-68.558072,-31.521748],[-68.558287,-31.521216],[-68.559255,-31.521498],[-68.559395,-31.521278],[-68.559432,-31.521106],[-68.559457,-31.520983],[-68.558973,-31.520986],[-68.558812,-31.520987],[-68.558718,-31.520988],[-68.558502,-31.52099],[-68.558102,-31.520991],[-68.557367,-31.520995],[-68.557333,-31.521131],[-68.557237,-31.521513],[-68.558072,-31.521748]]]}},{"type":"Feature","properties":{"id":"m72","m2":32301},"geometry":{"type":"Polygon","coordinates":[[[-68.558072,-31.521748],[-68.557237,-31.521513],[-68.557149,-31.52186],[-68.559038,-31.522389],[-68.559879,-31.52269],[-68.560578,-31.522941],[-68.560574,-31.52251],[-68.560568,-31.521857],[-68.560567,-31.521775],[-68.56056,-31.521106],[-68.560559,-31.520977],[-68.560494,-31.520977],[-68.560251,-31.520979],[-68.560155,-31.520979],[-68.559992,-31.52098],[-68.559978,-31.520981],[-68.55995,-31.520981],[-68.559457,-31.520983],[-68.559432,-31.521106],[-68.559395,-31.521278],[-68.559255,-31.521498],[-68.558909,-31.521978],[-68.558072,-31.521748]]]}},{"type":"Feature","properties":{"id":"m73","m2":5568},"geometry":{"type":"Polygon","coordinates":[[[-68.558072,-31.521748],[-68.558909,-31.521978],[-68.559255,-31.521498],[-68.558287,-31.521216],[-68.558072,-31.521748]]]}},{"type":"Feature","properties":{"id":"m74","m2":10353},"geometry":{"type":"Polygon","coordinates":[[[-68.566027,-31.524137],[-68.566035,-31.524045],[-68.566098,-31.523374],[-68.564932,-31.523301],[-68.564875,-31.523305],[-68.564836,-31.523324],[-68.564821,-31.523338],[-68.564812,-31.523368],[-68.564808,-31.523402],[-68.564729,-31.524048],[-68.565923,-31.52413],[-68.566027,-31.524137]]]}},{"type":"Feature","properties":{"id":"m75","m2":11470},"geometry":{"type":"Polygon","coordinates":[[[-68.566027,-31.524137],[-68.565923,-31.52413],[-68.564729,-31.524048],[-68.564703,-31.524265],[-68.564699,-31.52429],[-68.564686,-31.524358],[-68.56494,-31.524412],[-68.565114,-31.524447],[-68.56539,-31.524498],[-68.565673,-31.524544],[-68.565914,-31.524573],[-68.566044,-31.524584],[-68.566258,-31.524595],[-68.566459,-31.524607],[-68.566676,-31.524613],[-68.567175,-31.524627],[-68.567324,-31.524631],[-68.567329,-31.524598],[-68.567365,-31.524313],[-68.567375,-31.524229],[-68.567247,-31.52422],[-68.567232,-31.524219],[-68.567223,-31.524218],[-68.566131,-31.524144],[-68.566027,-31.524137]]]}},{"type":"Feature","properties":{"id":"m76","m2":11034},"geometry":{"type":"Polygon","coordinates":[[[-68.566027,-31.524137],[-68.566131,-31.524144],[-68.567223,-31.524218],[-68.567232,-31.524219],[-68.567247,-31.52422],[-68.567375,-31.524229],[-68.567386,-31.524135],[-68.567465,-31.52346],[-68.567328,-31.523452],[-68.566098,-31.523374],[-68.566035,-31.524045],[-68.566027,-31.524137]]]}},{"type":"Feature","properties":{"id":"m77","m2":22291},"geometry":{"type":"Polygon","coordinates":[[[-68.566098,-31.523374],[-68.566133,-31.522999],[-68.566153,-31.522785],[-68.566155,-31.522764],[-68.566121,-31.522699],[-68.566095,-31.522665],[-68.566052,-31.52262],[-68.566009,-31.522582],[-68.565982,-31.522568],[-68.56592,-31.522558],[-68.56582,-31.52255],[-68.56575,-31.522547],[-68.565499,-31.522537],[-68.565154,-31.522524],[-68.564985,-31.522519],[-68.564255,-31.522494],[-68.564109,-31.522489],[-68.564029,-31.523196],[-68.563997,-31.523424],[-68.563989,-31.523477],[-68.563981,-31.523521],[-68.563953,-31.523596],[-68.563878,-31.523674],[-68.563973,-31.523716],[-68.564729,-31.524048],[-68.564808,-31.523402],[-68.564812,-31.523368],[-68.564821,-31.523338],[-68.564836,-31.523324],[-68.564875,-31.523305],[-68.564932,-31.523301],[-68.566098,-31.523374]]]}},{"type":"Feature","properties":{"id":"m78","m2":18443},"geometry":{"type":"Polygon","coordinates":[[[-68.566098,-31.523374],[-68.567328,-31.523452],[-68.567465,-31.52346],[-68.567482,-31.5233],[-68.567504,-31.523103],[-68.567505,-31.52309],[-68.567518,-31.522985],[-68.567563,-31.522621],[-68.567648,-31.522078],[-68.567525,-31.522073],[-68.566921,-31.522049],[-68.566853,-31.522064],[-68.566799,-31.522081],[-68.566742,-31.522106],[-68.566689,-31.522139],[-68.566638,-31.52217],[-68.566577,-31.522217],[-68.566398,-31.52237],[-68.566198,-31.522541],[-68.566185,-31.522584],[-68.566177,-31.522633],[-68.566155,-31.522764],[-68.566153,-31.522785],[-68.566133,-31.522999],[-68.566098,-31.523374]]]}},{"type":"Feature","properties":{"id":"m79","m2":12141},"geometry":{"type":"Polygon","coordinates":[[[-68.566093,-31.528135],[-68.565923,-31.528133],[-68.565916,-31.528233],[-68.565864,-31.52901],[-68.56583,-31.529227],[-68.566854,-31.529293],[-68.566913,-31.528773],[-68.566941,-31.528145],[-68.566791,-31.52814],[-68.566786,-31.52814],[-68.566093,-31.528135]]]}},{"type":"Feature","properties":{"id":"m80","m2":931},"geometry":{"type":"Polygon","coordinates":[[[-68.566093,-31.528135],[-68.566786,-31.52814],[-68.566791,-31.52814],[-68.566941,-31.528145],[-68.566943,-31.528099],[-68.566945,-31.528054],[-68.566757,-31.528035],[-68.566734,-31.528033],[-68.566508,-31.528032],[-68.566093,-31.52803],[-68.566093,-31.528135]]]}},{"type":"Feature","properties":{"id":"m81","m2":4509},"geometry":{"type":"Polygon","coordinates":[[[-68.562983,-31.523797],[-68.562982,-31.523647],[-68.562979,-31.5233],[-68.562979,-31.523204],[-68.56288,-31.523204],[-68.562322,-31.523209],[-68.561983,-31.523211],[-68.561884,-31.523212],[-68.561889,-31.523338],[-68.561887,-31.523402],[-68.562275,-31.523542],[-68.562983,-31.523797]]]}},{"type":"Feature","properties":{"id":"m82","m2":5714},"geometry":{"type":"Polygon","coordinates":[[[-68.562983,-31.523797],[-68.563314,-31.523769],[-68.563583,-31.523732],[-68.563806,-31.523693],[-68.563878,-31.523674],[-68.563953,-31.523596],[-68.563981,-31.523521],[-68.563989,-31.523477],[-68.563997,-31.523424],[-68.564029,-31.523196],[-68.563089,-31.523204],[-68.562979,-31.523204],[-68.562979,-31.5233],[-68.562982,-31.523647],[-68.562983,-31.523797]]]}},{"type":"Feature","properties":{"id":"m83","m2":5293},"geometry":{"type":"Polygon","coordinates":[[[-68.562983,-31.523797],[-68.563344,-31.523914],[-68.56407,-31.524178],[-68.564499,-31.524311],[-68.564686,-31.524358],[-68.564699,-31.52429],[-68.564703,-31.524265],[-68.564729,-31.524048],[-68.563973,-31.523716],[-68.563878,-31.523674],[-68.563806,-31.523693],[-68.563583,-31.523732],[-68.563314,-31.523769],[-68.562983,-31.523797]]]}},{"type":"Feature","properties":{"id":"m84","m2":29282},"geometry":{"type":"Polygon","coordinates":[[[-68.562983,-31.523797],[-68.562275,-31.523542],[-68.561887,-31.523402],[-68.5615,-31.523264],[-68.561468,-31.524321],[-68.561601,-31.524293],[-68.561823,-31.524261],[-68.56188,-31.524268],[-68.56218,-31.524396],[-68.562251,-31.524432],[-68.562285,-31.524459],[-68.562502,-31.524728],[-68.562515,-31.524754],[-68.56252,-31.524771],[-68.562524,-31.524787],[-68.562529,-31.524836],[-68.563008,-31.524562],[-68.56309,-31.524516],[-68.563514,-31.525046],[-68.56354,-31.525031],[-68.563583,-31.525009],[-68.563592,-31.525004],[-68.563666,-31.524975],[-68.563729,-31.524952],[-68.563804,-31.524933],[-68.56385,-31.524931],[-68.564425,-31.524998],[-68.564561,-31.525014],[-68.564644,-31.524527],[-68.564651,-31.524504],[-68.564668,-31.524452],[-68.564686,-31.524358],[-68.564499,-31.524311],[-68.56407,-31.524178],[-68.563344,-31.523914],[-68.562983,-31.523797]]]}},{"type":"Feature","properties":{"id":"m85","m2":8284},"geometry":{"type":"Polygon","coordinates":[[[-68.562979,-31.523204],[-68.562978,-31.52311],[-68.562976,-31.522569],[-68.562976,-31.522485],[-68.562869,-31.522486],[-68.56282,-31.522486],[-68.562416,-31.522491],[-68.561994,-31.522495],[-68.561879,-31.522496],[-68.561879,-31.522578],[-68.561884,-31.523212],[-68.561983,-31.523211],[-68.562322,-31.523209],[-68.56288,-31.523204],[-68.562979,-31.523204]]]}},{"type":"Feature","properties":{"id":"m86","m2":8229},"geometry":{"type":"Polygon","coordinates":[[[-68.562979,-31.523204],[-68.563089,-31.523204],[-68.564029,-31.523196],[-68.564109,-31.522489],[-68.563974,-31.522486],[-68.563146,-31.522485],[-68.563123,-31.522485],[-68.56309,-31.522485],[-68.562976,-31.522485],[-68.562976,-31.522569],[-68.562978,-31.52311],[-68.562979,-31.523204]]]}},{"type":"Feature","properties":{"id":"m87","m2":9167},"geometry":{"type":"Polygon","coordinates":[[[-68.562976,-31.522485],[-68.56309,-31.522485],[-68.563123,-31.522485],[-68.563146,-31.522485],[-68.563974,-31.522486],[-68.564109,-31.522489],[-68.564174,-31.521927],[-68.564181,-31.521848],[-68.564183,-31.521783],[-68.56418,-31.521746],[-68.563076,-31.521754],[-68.56296,-31.521755],[-68.562962,-31.521845],[-68.562964,-31.521963],[-68.562973,-31.522358],[-68.562974,-31.522396],[-68.562976,-31.522485]]]}},{"type":"Feature","properties":{"id":"m88","m2":8412},"geometry":{"type":"Polygon","coordinates":[[[-68.562976,-31.522485],[-68.562974,-31.522396],[-68.562973,-31.522358],[-68.562964,-31.521963],[-68.562962,-31.521845],[-68.56296,-31.521755],[-68.562855,-31.521756],[-68.562522,-31.521759],[-68.561978,-31.521763],[-68.561873,-31.521764],[-68.561874,-31.52183],[-68.561878,-31.522422],[-68.561879,-31.522496],[-68.561994,-31.522495],[-68.562416,-31.522491],[-68.56282,-31.522486],[-68.562869,-31.522486],[-68.562976,-31.522485]]]}},{"type":"Feature","properties":{"id":"m89","m2":14400},"geometry":{"type":"Polygon","coordinates":[[[-68.563413,-31.526646],[-68.564359,-31.526586],[-68.56443,-31.526581],[-68.5644,-31.526489],[-68.564378,-31.526415],[-68.564371,-31.526375],[-68.564364,-31.526332],[-68.564361,-31.526295],[-68.564361,-31.526256],[-68.564365,-31.5262],[-68.564488,-31.525478],[-68.564109,-31.525431],[-68.564049,-31.525416],[-68.564001,-31.525398],[-68.563799,-31.525312],[-68.563674,-31.525249],[-68.563444,-31.525118],[-68.563396,-31.525187],[-68.563348,-31.525282],[-68.563317,-31.525351],[-68.563301,-31.525416],[-68.563303,-31.525497],[-68.563363,-31.526129],[-68.563413,-31.526646]]]}},{"type":"Feature","properties":{"id":"m90","m2":9177},"geometry":{"type":"Polygon","coordinates":[[[-68.561456,-31.526696],[-68.561455,-31.526606],[-68.561455,-31.526565],[-68.561448,-31.525972],[-68.561294,-31.525971],[-68.56034,-31.525965],[-68.560241,-31.525964],[-68.560237,-31.526318],[-68.560233,-31.526679],[-68.560338,-31.52668],[-68.561319,-31.526689],[-68.561456,-31.526696]]]}},{"type":"Feature","properties":{"id":"m91","m2":30115},"geometry":{"type":"Polygon","coordinates":[[[-68.561456,-31.526696],[-68.561319,-31.526689],[-68.560338,-31.52668],[-68.560233,-31.526679],[-68.560231,-31.526946],[-68.560225,-31.526966],[-68.560214,-31.526991],[-68.560203,-31.527009],[-68.559862,-31.52743],[-68.559707,-31.527621],[-68.559479,-31.527949],[-68.55932,-31.528179],[-68.559307,-31.528206],[-68.559299,-31.528229],[-68.559296,-31.528244],[-68.559325,-31.528445],[-68.559374,-31.528857],[-68.559481,-31.528842],[-68.559599,-31.528825],[-68.559628,-31.52897],[-68.559646,-31.529064],[-68.56033,-31.528949],[-68.561038,-31.52883],[-68.56125,-31.528794],[-68.561383,-31.528772],[-68.561403,-31.528141],[-68.561314,-31.52813],[-68.561176,-31.528114],[-68.56056,-31.528046],[-68.560134,-31.527335],[-68.560544,-31.527168],[-68.560718,-31.527132],[-68.561323,-31.527146],[-68.561379,-31.527148],[-68.561462,-31.527146],[-68.561461,-31.527069],[-68.561458,-31.526869],[-68.561458,-31.526847],[-68.561456,-31.526696]]]}},{"type":"Feature","properties":{"id":"m92","m2":7838},"geometry":{"type":"Polygon","coordinates":[[[-68.559137,-31.526311],[-68.560136,-31.526317],[-68.560237,-31.526318],[-68.560241,-31.525964],[-68.560245,-31.525606],[-68.560149,-31.525605],[-68.559267,-31.525594],[-68.559137,-31.526311]]]}},{"type":"Feature","properties":{"id":"m93","m2":9570},"geometry":{"type":"Polygon","coordinates":[[[-68.56598,-31.52649],[-68.566032,-31.526469],[-68.566079,-31.526446],[-68.566131,-31.526436],[-68.566964,-31.526319],[-68.56713,-31.526311],[-68.567225,-31.525554],[-68.567018,-31.525581],[-68.56588,-31.52573],[-68.565898,-31.525765],[-68.565908,-31.525794],[-68.565922,-31.525839],[-68.565929,-31.525873],[-68.565944,-31.525957],[-68.565954,-31.526059],[-68.565967,-31.526357],[-68.565969,-31.526383],[-68.565974,-31.526433],[-68.56598,-31.52649]]]}},{"type":"Feature","properties":{"id":"m94","m2":26521},"geometry":{"type":"Polygon","coordinates":[[[-68.56713,-31.526311],[-68.567099,-31.526555],[-68.567044,-31.526999],[-68.567021,-31.52719],[-68.567175,-31.527194],[-68.567668,-31.527215],[-68.567785,-31.527213],[-68.567889,-31.527203],[-68.567956,-31.527185],[-68.567997,-31.527172],[-68.568028,-31.526454],[-68.568071,-31.525952],[-68.568551,-31.525965],[-68.568674,-31.525962],[-68.568736,-31.525387],[-68.56805,-31.525367],[-68.56811,-31.524777],[-68.567468,-31.524759],[-68.56744,-31.524758],[-68.567312,-31.524754],[-68.567266,-31.525206],[-68.567254,-31.525321],[-68.567237,-31.525457],[-68.567225,-31.525554],[-68.56713,-31.526311]]]}},{"type":"Feature","properties":{"id":"m95","m2":9552},"geometry":{"type":"Polygon","coordinates":[[[-68.560381,-31.524493],[-68.560336,-31.524496],[-68.560302,-31.524509],[-68.560268,-31.524544],[-68.560256,-31.524587],[-68.560253,-31.524867],[-68.560249,-31.52525],[-68.561439,-31.525256],[-68.561462,-31.524495],[-68.560381,-31.524493]]]}},{"type":"Feature","properties":{"id":"m96","m2":7568},"geometry":{"type":"Polygon","coordinates":[[[-68.562529,-31.524836],[-68.562517,-31.525538],[-68.563167,-31.525504],[-68.563303,-31.525497],[-68.563301,-31.525416],[-68.563317,-31.525351],[-68.563348,-31.525282],[-68.563396,-31.525187],[-68.563444,-31.525118],[-68.563481,-31.525074],[-68.563514,-31.525046],[-68.56309,-31.524516],[-68.563008,-31.524562],[-68.562529,-31.524836]]]}},{"type":"Feature","properties":{"id":"m97","m2":4288},"geometry":{"type":"Polygon","coordinates":[[[-68.563514,-31.525046],[-68.563481,-31.525074],[-68.563444,-31.525118],[-68.563674,-31.525249],[-68.563799,-31.525312],[-68.564001,-31.525398],[-68.564049,-31.525416],[-68.564109,-31.525431],[-68.564488,-31.525478],[-68.564561,-31.525014],[-68.564425,-31.524998],[-68.56385,-31.524931],[-68.563804,-31.524933],[-68.563729,-31.524952],[-68.563666,-31.524975],[-68.563592,-31.525004],[-68.563583,-31.525009],[-68.56354,-31.525031],[-68.563514,-31.525046]]]}},{"type":"Feature","properties":{"id":"m98","m2":8069},"geometry":{"type":"Polygon","coordinates":[[[-68.565834,-31.525159],[-68.565967,-31.525174],[-68.567034,-31.525296],[-68.567057,-31.525298],[-68.567254,-31.525321],[-68.567266,-31.525206],[-68.567312,-31.524754],[-68.567316,-31.524723],[-68.567167,-31.524719],[-68.566559,-31.524703],[-68.56631,-31.524695],[-68.566106,-31.524685],[-68.565916,-31.524671],[-68.565834,-31.525159]]]}},{"type":"Feature","properties":{"id":"m99","m2":6119},"geometry":{"type":"Polygon","coordinates":[[[-68.565834,-31.525159],[-68.565782,-31.525535],[-68.565782,-31.525549],[-68.565784,-31.525563],[-68.565789,-31.525575],[-68.565797,-31.52559],[-68.565835,-31.525653],[-68.56588,-31.52573],[-68.567018,-31.525581],[-68.567225,-31.525554],[-68.567237,-31.525457],[-68.567254,-31.525321],[-68.567057,-31.525298],[-68.567034,-31.525296],[-68.565967,-31.525174],[-68.565834,-31.525159]]]}},{"type":"Feature","properties":{"id":"m100","m2":9030},"geometry":{"type":"Polygon","coordinates":[[[-68.560241,-31.525964],[-68.56034,-31.525965],[-68.561294,-31.525971],[-68.561448,-31.525972],[-68.561441,-31.525412],[-68.561439,-31.525256],[-68.560249,-31.52525],[-68.560245,-31.525606],[-68.560241,-31.525964]]]}},{"type":"Feature","properties":{"id":"m101","m2":7105},"geometry":{"type":"Polygon","coordinates":[[[-68.559267,-31.525594],[-68.560149,-31.525605],[-68.560245,-31.525606],[-68.560249,-31.52525],[-68.560253,-31.524867],[-68.559399,-31.524863],[-68.559267,-31.525594]]]}},{"type":"Feature","properties":{"id":"m102","m2":32796},"geometry":{"type":"Polygon","coordinates":[[[-68.564109,-31.522489],[-68.564255,-31.522494],[-68.564985,-31.522519],[-68.565154,-31.522524],[-68.565499,-31.522537],[-68.56575,-31.522547],[-68.56582,-31.52255],[-68.565889,-31.52253],[-68.565916,-31.522515],[-68.565951,-31.522483],[-68.565976,-31.52244],[-68.566007,-31.522395],[-68.566042,-31.522327],[-68.566064,-31.522267],[-68.566087,-31.522132],[-68.566115,-31.521986],[-68.566144,-31.521887],[-68.566143,-31.521837],[-68.566043,-31.521523],[-68.566021,-31.521455],[-68.565955,-31.521248],[-68.565936,-31.521189],[-68.565828,-31.520851],[-68.565812,-31.520803],[-68.565808,-31.52079],[-68.565773,-31.52068],[-68.565667,-31.520705],[-68.565231,-31.520809],[-68.564709,-31.520933],[-68.564655,-31.520944],[-68.5646,-31.520951],[-68.564556,-31.520954],[-68.564433,-31.520955],[-68.564268,-31.520956],[-68.564123,-31.520958],[-68.564133,-31.521076],[-68.564146,-31.521251],[-68.56418,-31.521746],[-68.564183,-31.521783],[-68.564181,-31.521848],[-68.564174,-31.521927],[-68.564109,-31.522489]]]}},{"type":"Feature","properties":{"id":"m103","m2":9969},"geometry":{"type":"Polygon","coordinates":[[[-68.56418,-31.521746],[-68.564146,-31.521251],[-68.564133,-31.521076],[-68.564123,-31.520958],[-68.56387,-31.520958],[-68.563716,-31.520959],[-68.562953,-31.520963],[-68.562954,-31.52106],[-68.562958,-31.521541],[-68.562959,-31.521666],[-68.56296,-31.521755],[-68.563076,-31.521754],[-68.56418,-31.521746]]]}},{"type":"Feature","properties":{"id":"m104","m2":14355},"geometry":{"type":"Polygon","coordinates":[[[-68.559457,-31.520983],[-68.55995,-31.520981],[-68.559978,-31.520981],[-68.559992,-31.52098],[-68.560155,-31.520979],[-68.560251,-31.520979],[-68.560268,-31.520829],[-68.560361,-31.520025],[-68.560371,-31.519931],[-68.559074,-31.519918],[-68.559065,-31.520015],[-68.558986,-31.520845],[-68.558973,-31.520986],[-68.559457,-31.520983]]]}},{"type":"Feature","properties":{"id":"m105","m2":9170},"geometry":{"type":"Polygon","coordinates":[[[-68.561884,-31.523212],[-68.561879,-31.522578],[-68.561879,-31.522496],[-68.561792,-31.522497],[-68.560657,-31.52251],[-68.560574,-31.52251],[-68.560578,-31.522941],[-68.5615,-31.523264],[-68.561887,-31.523402],[-68.561889,-31.523338],[-68.561884,-31.523212]]]}},{"type":"Feature","properties":{"id":"m106","m2":10101},"geometry":{"type":"Polygon","coordinates":[[[-68.560568,-31.521857],[-68.560574,-31.52251],[-68.560657,-31.52251],[-68.561792,-31.522497],[-68.561879,-31.522496],[-68.561878,-31.522422],[-68.561874,-31.52183],[-68.561873,-31.521764],[-68.561772,-31.521765],[-68.560623,-31.521774],[-68.560567,-31.521775],[-68.560568,-31.521857]]]}},{"type":"Feature","properties":{"id":"m107","m2":10976},"geometry":{"type":"Polygon","coordinates":[[[-68.560567,-31.521775],[-68.560623,-31.521774],[-68.561772,-31.521765],[-68.561873,-31.521764],[-68.561872,-31.521683],[-68.561868,-31.521091],[-68.561868,-31.52107],[-68.561867,-31.520968],[-68.560559,-31.520977],[-68.56056,-31.521106],[-68.560567,-31.521775]]]}},{"type":"Feature","properties":{"id":"m108","m2":42367},"geometry":{"type":"Polygon","coordinates":[[[-68.560559,-31.520977],[-68.561867,-31.520968],[-68.562173,-31.520967],[-68.562335,-31.520967],[-68.562334,-31.520831],[-68.562334,-31.520807],[-68.562332,-31.520434],[-68.562331,-31.520226],[-68.561643,-31.520223],[-68.561648,-31.51913],[-68.561205,-31.51907],[-68.561204,-31.519023],[-68.561646,-31.51886],[-68.561791,-31.518809],[-68.561837,-31.518798],[-68.561884,-31.518793],[-68.562324,-31.51879],[-68.562318,-31.518337],[-68.562315,-31.51819],[-68.561813,-31.518203],[-68.561767,-31.518205],[-68.561726,-31.51821],[-68.561678,-31.518221],[-68.561612,-31.518245],[-68.561257,-31.51837],[-68.560785,-31.518535],[-68.560637,-31.518587],[-68.560526,-31.518618],[-68.560511,-31.518766],[-68.560385,-31.519814],[-68.560371,-31.519931],[-68.560361,-31.520025],[-68.560268,-31.520829],[-68.560251,-31.520979],[-68.560494,-31.520977],[-68.560559,-31.520977]]]}},{"type":"Feature","properties":{"id":"m109","m2":9087},"geometry":{"type":"Polygon","coordinates":[[[-68.561873,-31.521764],[-68.561978,-31.521763],[-68.562522,-31.521759],[-68.562855,-31.521756],[-68.56296,-31.521755],[-68.562959,-31.521666],[-68.562958,-31.521541],[-68.562954,-31.52106],[-68.562953,-31.520963],[-68.562632,-31.520965],[-68.562431,-31.520966],[-68.562335,-31.520967],[-68.562173,-31.520967],[-68.561867,-31.520968],[-68.561868,-31.52107],[-68.561868,-31.521091],[-68.561872,-31.521683],[-68.561873,-31.521764]]]}},{"type":"Feature","properties":{"id":"m110","m2":17764},"geometry":{"type":"Polygon","coordinates":[[[-68.567375,-31.524229],[-68.567482,-31.524236],[-68.56749,-31.524237],[-68.56779,-31.524263],[-68.569673,-31.524305],[-68.569738,-31.52363],[-68.567683,-31.523474],[-68.567591,-31.523467],[-68.567465,-31.52346],[-68.567386,-31.524135],[-68.567375,-31.524229]]]}},{"type":"Feature","properties":{"id":"m111","m2":14623},"geometry":{"type":"Polygon","coordinates":[[[-68.567375,-31.524229],[-68.567365,-31.524313],[-68.567329,-31.524598],[-68.567324,-31.524631],[-68.567316,-31.524723],[-68.567312,-31.524754],[-68.56744,-31.524758],[-68.567468,-31.524759],[-68.56811,-31.524777],[-68.56988,-31.524829],[-68.570029,-31.524833],[-68.570071,-31.524343],[-68.569785,-31.524308],[-68.569673,-31.524305],[-68.56779,-31.524263],[-68.56749,-31.524237],[-68.567482,-31.524236],[-68.567375,-31.524229]]]}},{"type":"Feature","properties":{"id":"m112","m2":18167},"geometry":{"type":"Polygon","coordinates":[[[-68.569673,-31.524305],[-68.569785,-31.524308],[-68.570071,-31.524343],[-68.570324,-31.524352],[-68.570953,-31.524366],[-68.571579,-31.524379],[-68.571591,-31.523794],[-68.57159,-31.523766],[-68.571586,-31.523744],[-68.57158,-31.523724],[-68.571568,-31.523706],[-68.571555,-31.523692],[-68.571512,-31.523662],[-68.57146,-31.523634],[-68.571406,-31.523609],[-68.571359,-31.523587],[-68.571324,-31.523568],[-68.571303,-31.523546],[-68.571284,-31.523522],[-68.571215,-31.523405],[-68.571014,-31.523107],[-68.569976,-31.523625],[-68.569943,-31.523635],[-68.569907,-31.523638],[-68.569853,-31.523636],[-68.569738,-31.52363],[-68.569673,-31.524305]]]}},{"type":"Feature","properties":{"id":"m113","m2":17440},"geometry":{"type":"Polygon","coordinates":[[[-68.570071,-31.524343],[-68.570029,-31.524833],[-68.570156,-31.524837],[-68.571343,-31.524872],[-68.571389,-31.524874],[-68.57143,-31.524867],[-68.571469,-31.524859],[-68.571514,-31.524853],[-68.571563,-31.524846],[-68.571622,-31.524844],[-68.571664,-31.524849],[-68.571698,-31.524857],[-68.57175,-31.524873],[-68.571799,-31.524888],[-68.57185,-31.524902],[-68.571904,-31.524913],[-68.57195,-31.52492],[-68.572035,-31.524919],[-68.572174,-31.524918],[-68.572341,-31.524916],[-68.573377,-31.524908],[-68.57338,-31.524829],[-68.573396,-31.524752],[-68.573411,-31.524719],[-68.573422,-31.524685],[-68.573415,-31.52465],[-68.5734,-31.52461],[-68.573374,-31.524556],[-68.573347,-31.52452],[-68.573318,-31.524495],[-68.573281,-31.524471],[-68.573241,-31.524451],[-68.573209,-31.52444],[-68.573167,-31.524429],[-68.573131,-31.524422],[-68.573071,-31.524416],[-68.572723,-31.524408],[-68.572174,-31.524394],[-68.571579,-31.524379],[-68.570953,-31.524366],[-68.570324,-31.524352],[-68.570071,-31.524343]]]}},{"type":"Feature","properties":{"id":"m114","m2":39794},"geometry":{"type":"Polygon","coordinates":[[[-68.571579,-31.524379],[-68.572174,-31.524394],[-68.572723,-31.524408],[-68.573071,-31.524416],[-68.573131,-31.524422],[-68.573167,-31.524429],[-68.573209,-31.52444],[-68.573241,-31.524451],[-68.573281,-31.524471],[-68.573318,-31.524495],[-68.573347,-31.52452],[-68.573374,-31.524556],[-68.5734,-31.52461],[-68.573415,-31.52465],[-68.573422,-31.524685],[-68.573682,-31.524692],[-68.573732,-31.524694],[-68.573825,-31.524696],[-68.574112,-31.524704],[-68.574136,-31.524017],[-68.57414,-31.523987],[-68.574164,-31.523931],[-68.574335,-31.523628],[-68.574269,-31.523549],[-68.574144,-31.52344],[-68.573617,-31.523192],[-68.572827,-31.522829],[-68.572621,-31.523151],[-68.572539,-31.523211],[-68.572448,-31.523258],[-68.572346,-31.523292],[-68.572243,-31.523297],[-68.572131,-31.523292],[-68.572028,-31.523271],[-68.571941,-31.52324],[-68.571857,-31.523186],[-68.571809,-31.523133],[-68.571574,-31.522825],[-68.571014,-31.523107],[-68.571215,-31.523405],[-68.571284,-31.523522],[-68.571303,-31.523546],[-68.571324,-31.523568],[-68.571359,-31.523587],[-68.571406,-31.523609],[-68.57146,-31.523634],[-68.571512,-31.523662],[-68.571555,-31.523692],[-68.571568,-31.523706],[-68.57158,-31.523724],[-68.571586,-31.523744],[-68.57159,-31.523766],[-68.571591,-31.523794],[-68.571579,-31.524379]]]}},{"type":"Feature","properties":{"id":"m115","m2":6126},"geometry":{"type":"Polygon","coordinates":[[[-68.557237,-31.521513],[-68.557333,-31.521131],[-68.557367,-31.520995],[-68.557196,-31.520996],[-68.556873,-31.520998],[-68.556747,-31.520999],[-68.556613,-31.521002],[-68.556452,-31.521571],[-68.556418,-31.521655],[-68.556517,-31.521681],[-68.556533,-31.521685],[-68.557149,-31.52186],[-68.557237,-31.521513]]]}},{"type":"Feature","properties":{"id":"m116","m2":9691},"geometry":{"type":"Polygon","coordinates":[[[-68.557367,-31.520995],[-68.558102,-31.520991],[-68.558101,-31.520895],[-68.558095,-31.520056],[-68.556804,-31.520618],[-68.556733,-31.520653],[-68.556706,-31.520669],[-68.55668,-31.520683],[-68.556641,-31.520703],[-68.556633,-31.520713],[-68.556622,-31.520721],[-68.556616,-31.520729],[-68.556609,-31.520746],[-68.556599,-31.520784],[-68.556591,-31.520834],[-68.55659,-31.520887],[-68.556597,-31.520925],[-68.556606,-31.520955],[-68.556614,-31.520982],[-68.556613,-31.521002],[-68.556747,-31.520999],[-68.556873,-31.520998],[-68.557196,-31.520996],[-68.557367,-31.520995]]]}},{"type":"Feature","properties":{"id":"m117","m2":16006},"geometry":{"type":"Polygon","coordinates":[[[-68.560162,-31.534875],[-68.559937,-31.533628],[-68.558755,-31.53378],[-68.558957,-31.535024],[-68.560162,-31.534875]]]}},{"type":"Feature","properties":{"id":"m118","m2":19991},"geometry":{"type":"Polygon","coordinates":[[[-68.560162,-31.534875],[-68.561409,-31.534729],[-68.561656,-31.533416],[-68.559937,-31.533628],[-68.560162,-31.534875]]]}},{"type":"Feature","properties":{"id":"m119","m2":29197},"geometry":{"type":"Polygon","coordinates":[[[-68.560162,-31.534875],[-68.558957,-31.535024],[-68.558618,-31.536773],[-68.560138,-31.536909],[-68.560334,-31.53591],[-68.560341,-31.535872],[-68.560162,-31.534875]]]}},{"type":"Feature","properties":{"id":"m120","m2":22861},"geometry":{"type":"Polygon","coordinates":[[[-68.560162,-31.534875],[-68.560341,-31.535872],[-68.560334,-31.53591],[-68.562103,-31.535693],[-68.56222,-31.535679],[-68.562245,-31.535546],[-68.562423,-31.534611],[-68.562315,-31.534623],[-68.561409,-31.534729],[-68.560162,-31.534875]]]}},{"type":"Feature","properties":{"id":"m121","m2":15793},"geometry":{"type":"Polygon","coordinates":[[[-68.559937,-31.533628],[-68.559712,-31.532379],[-68.558551,-31.532525],[-68.558755,-31.53378],[-68.559937,-31.533628]]]}},{"type":"Feature","properties":{"id":"m122","m2":26256},"geometry":{"type":"Polygon","coordinates":[[[-68.559937,-31.533628],[-68.561656,-31.533416],[-68.561902,-31.532114],[-68.560947,-31.532229],[-68.559712,-31.532379],[-68.559937,-31.533628]]]}},{"type":"Feature","properties":{"id":"m123","m2":13871},"geometry":{"type":"Polygon","coordinates":[[[-68.559712,-31.532379],[-68.559485,-31.531121],[-68.559406,-31.530686],[-68.559362,-31.530438],[-68.558493,-31.532314],[-68.558386,-31.532546],[-68.558551,-31.532525],[-68.559712,-31.532379]]]}},{"type":"Feature","properties":{"id":"m124","m2":16678},"geometry":{"type":"Polygon","coordinates":[[[-68.559712,-31.532379],[-68.560947,-31.532229],[-68.560924,-31.532108],[-68.56071,-31.530971],[-68.559485,-31.531121],[-68.559712,-31.532379]]]}},{"type":"Feature","properties":{"id":"m125","m2":24959},"geometry":{"type":"Polygon","coordinates":[[[-68.559485,-31.531121],[-68.56071,-31.530971],[-68.560688,-31.530853],[-68.560347,-31.529038],[-68.559806,-31.529128],[-68.55958,-31.529165],[-68.559469,-31.529183],[-68.559352,-31.529208],[-68.559226,-31.529238],[-68.559208,-31.529268],[-68.559185,-31.529314],[-68.559168,-31.529353],[-68.559172,-31.529373],[-68.559185,-31.529445],[-68.559362,-31.530438],[-68.559406,-31.530686],[-68.559485,-31.531121]]]}},{"type":"Feature","properties":{"id":"m126","m2":29413},"geometry":{"type":"Polygon","coordinates":[[[-68.565773,-31.536335],[-68.565754,-31.536348],[-68.565737,-31.536364],[-68.565729,-31.536375],[-68.565067,-31.538534],[-68.565038,-31.538628],[-68.565461,-31.538656],[-68.565522,-31.53866],[-68.566067,-31.538696],[-68.566188,-31.538704],[-68.566936,-31.53623],[-68.565814,-31.536318],[-68.565794,-31.536324],[-68.565773,-31.536335]]]}},{"type":"Feature","properties":{"id":"m127","m2":84435},"geometry":{"type":"Polygon","coordinates":[[[-68.565773,-31.536335],[-68.565794,-31.536324],[-68.565814,-31.536318],[-68.566936,-31.53623],[-68.567107,-31.535666],[-68.567133,-31.535595],[-68.56618,-31.535722],[-68.566051,-31.535739],[-68.56577,-31.535777],[-68.565703,-31.535787],[-68.565636,-31.535801],[-68.565579,-31.535815],[-68.565508,-31.535837],[-68.5654,-31.535871],[-68.56523,-31.535929],[-68.565082,-31.535985],[-68.564974,-31.536029],[-68.562177,-31.537317],[-68.562101,-31.53737],[-68.562035,-31.537402],[-68.561769,-31.537523],[-68.561487,-31.537654],[-68.5614,-31.537695],[-68.56139,-31.537715],[-68.561364,-31.537738],[-68.561361,-31.537739],[-68.561355,-31.537751],[-68.561345,-31.537776],[-68.561337,-31.537803],[-68.56133,-31.537829],[-68.561327,-31.537847],[-68.561277,-31.537957],[-68.561253,-31.538217],[-68.561251,-31.53824],[-68.561239,-31.538375],[-68.561379,-31.538384],[-68.561883,-31.538418],[-68.562313,-31.538447],[-68.562764,-31.538477],[-68.563568,-31.53853],[-68.5637,-31.538539],[-68.564881,-31.538617],[-68.564907,-31.538619],[-68.565038,-31.538628],[-68.565067,-31.538534],[-68.565729,-31.536375],[-68.565737,-31.536364],[-68.565754,-31.536348],[-68.565773,-31.536335]]]}},{"type":"Feature","properties":{"id":"m128","m2":1764},"geometry":{"type":"Polygon","coordinates":[[[-68.565038,-31.538628],[-68.564907,-31.538619],[-68.564881,-31.538617],[-68.5637,-31.538539],[-68.563568,-31.53853],[-68.563554,-31.538647],[-68.56369,-31.538656],[-68.56454,-31.538713],[-68.564894,-31.538737],[-68.564906,-31.538738],[-68.564946,-31.538711],[-68.564972,-31.538693],[-68.565013,-31.538656],[-68.565038,-31.538628]]]}},{"type":"Feature","properties":{"id":"m129","m2":7870},"geometry":{"type":"Polygon","coordinates":[[[-68.558551,-31.532525],[-68.558386,-31.532546],[-68.558361,-31.5326],[-68.558322,-31.532683],[-68.558309,-31.532711],[-68.557851,-31.533699],[-68.55784,-31.533723],[-68.557754,-31.533908],[-68.557914,-31.533888],[-68.558755,-31.53378],[-68.558551,-31.532525]]]}},{"type":"Feature","properties":{"id":"m130","m2":18842},"geometry":{"type":"Polygon","coordinates":[[[-68.558755,-31.53378],[-68.557914,-31.533888],[-68.557754,-31.533908],[-68.55768,-31.534068],[-68.557142,-31.535229],[-68.557133,-31.535249],[-68.558957,-31.535024],[-68.558755,-31.53378]]]}},{"type":"Feature","properties":{"id":"m131","m2":31832},"geometry":{"type":"Polygon","coordinates":[[[-68.558957,-31.535024],[-68.557133,-31.535249],[-68.556515,-31.536583],[-68.556522,-31.536586],[-68.556654,-31.536598],[-68.557425,-31.536667],[-68.558618,-31.536773],[-68.558957,-31.535024]]]}},{"type":"Feature","properties":{"id":"m132","m2":952},"geometry":{"type":"Polygon","coordinates":[[[-68.568839,-31.528177],[-68.568843,-31.528132],[-68.568846,-31.528086],[-68.56875,-31.528084],[-68.568713,-31.528084],[-68.567965,-31.528071],[-68.567861,-31.528069],[-68.567853,-31.52816],[-68.567976,-31.528163],[-68.568745,-31.528176],[-68.568839,-31.528177]]]}},{"type":"Feature","properties":{"id":"m133","m2":1559},"geometry":{"type":"Polygon","coordinates":[[[-68.568839,-31.528177],[-68.568979,-31.528167],[-68.56901,-31.528167],[-68.570377,-31.528186],[-68.570651,-31.52819],[-68.570766,-31.528192],[-68.570765,-31.52812],[-68.570653,-31.528118],[-68.569966,-31.528105],[-68.569268,-31.528091],[-68.569152,-31.528089],[-68.56898,-31.528086],[-68.568846,-31.528086],[-68.568843,-31.528132],[-68.568839,-31.528177]]]}},{"type":"Feature","properties":{"id":"m134","m2":30733},"geometry":{"type":"Polygon","coordinates":[[[-68.568839,-31.528177],[-68.568745,-31.528176],[-68.567976,-31.528163],[-68.567853,-31.52816],[-68.567841,-31.528297],[-68.567745,-31.52935],[-68.567676,-31.530114],[-68.56759,-31.53106],[-68.568476,-31.531093],[-68.568606,-31.531079],[-68.568612,-31.530997],[-68.568827,-31.52832],[-68.56883,-31.528295],[-68.568839,-31.528177]]]}},{"type":"Feature","properties":{"id":"m135","m2":77157},"geometry":{"type":"Polygon","coordinates":[[[-68.568839,-31.528177],[-68.56883,-31.528295],[-68.568827,-31.52832],[-68.568612,-31.530997],[-68.568606,-31.531079],[-68.568736,-31.531066],[-68.568789,-31.531061],[-68.570034,-31.530937],[-68.570899,-31.530871],[-68.571055,-31.530859],[-68.571251,-31.530844],[-68.571561,-31.530821],[-68.572038,-31.530785],[-68.572076,-31.530782],[-68.572147,-31.530777],[-68.572255,-31.530773],[-68.572259,-31.53067],[-68.572266,-31.530654],[-68.572585,-31.529796],[-68.57075,-31.529858],[-68.570772,-31.529015],[-68.570767,-31.528322],[-68.570766,-31.528302],[-68.570766,-31.528192],[-68.570651,-31.52819],[-68.570377,-31.528186],[-68.56901,-31.528167],[-68.568979,-31.528167],[-68.568839,-31.528177]]]}},{"type":"Feature","properties":{"id":"m136","m2":68234},"geometry":{"type":"Polygon","coordinates":[[[-68.555459,-31.536219],[-68.555707,-31.536305],[-68.556515,-31.536583],[-68.557133,-31.535249],[-68.557142,-31.535229],[-68.55768,-31.534068],[-68.557754,-31.533908],[-68.55784,-31.533723],[-68.557851,-31.533699],[-68.558309,-31.532711],[-68.558322,-31.532683],[-68.558361,-31.5326],[-68.558274,-31.532572],[-68.55825,-31.532565],[-68.557624,-31.532363],[-68.557624,-31.532363],[-68.557558,-31.532473],[-68.557501,-31.532564],[-68.557432,-31.532675],[-68.557384,-31.532752],[-68.557356,-31.532793],[-68.55732,-31.532843],[-68.557247,-31.532939],[-68.557176,-31.533034],[-68.557088,-31.533148],[-68.557023,-31.53323],[-68.556951,-31.533316],[-68.55687,-31.533411],[-68.556792,-31.533495],[-68.556714,-31.533577],[-68.556628,-31.533664],[-68.556547,-31.533742],[-68.556463,-31.53382],[-68.556373,-31.533901],[-68.556268,-31.533989],[-68.556198,-31.534049],[-68.556046,-31.534181],[-68.555926,-31.534286],[-68.555825,-31.534375],[-68.555696,-31.534485],[-68.555556,-31.534606],[-68.555412,-31.534733],[-68.555316,-31.534815],[-68.555243,-31.534877],[-68.555184,-31.534925],[-68.555115,-31.534975],[-68.555057,-31.535015],[-68.554989,-31.535059],[-68.554939,-31.535088],[-68.554891,-31.535115],[-68.554826,-31.535152],[-68.554784,-31.535178],[-68.554737,-31.535214],[-68.554674,-31.535269],[-68.55462,-31.535314],[-68.55458,-31.535353],[-68.55454,-31.535394],[-68.554495,-31.535441],[-68.55446,-31.535485],[-68.554421,-31.535535],[-68.554375,-31.535591],[-68.554294,-31.535693],[-68.554261,-31.535737],[-68.554222,-31.535793],[-68.554306,-31.535822],[-68.554339,-31.535833],[-68.554592,-31.53592],[-68.555459,-31.536219]]]}},{"type":"Feature","properties":{"id":"m137","m2":48117},"geometry":{"type":"Polygon","coordinates":[[[-68.555459,-31.536219],[-68.554592,-31.53592],[-68.554339,-31.535833],[-68.554306,-31.535822],[-68.554222,-31.535793],[-68.554175,-31.535856],[-68.554139,-31.535912],[-68.554089,-31.535994],[-68.554032,-31.536085],[-68.55399,-31.536161],[-68.553948,-31.53623],[-68.553904,-31.536319],[-68.553872,-31.536389],[-68.553843,-31.536449],[-68.553809,-31.536534],[-68.55378,-31.536627],[-68.553753,-31.53672],[-68.553729,-31.536809],[-68.5537,-31.536917],[-68.553675,-31.537013],[-68.553648,-31.537109],[-68.553622,-31.537207],[-68.5536,-31.537284],[-68.553575,-31.53738],[-68.553526,-31.53755],[-68.553494,-31.537731],[-68.553492,-31.537758],[-68.553486,-31.537851],[-68.553693,-31.537864],[-68.554152,-31.537892],[-68.555204,-31.537956],[-68.555593,-31.53798],[-68.555614,-31.537981],[-68.55586,-31.537996],[-68.55591,-31.537889],[-68.555917,-31.537873],[-68.556515,-31.536583],[-68.555707,-31.536305],[-68.555459,-31.536219]]]}},{"type":"Feature","properties":{"id":"m138","m2":19919},"geometry":{"type":"Polygon","coordinates":[[[-68.560334,-31.53591],[-68.560138,-31.536909],[-68.560251,-31.536919],[-68.562026,-31.536705],[-68.56222,-31.535679],[-68.562103,-31.535693],[-68.560334,-31.53591]]]}},{"type":"Feature","properties":{"id":"m139","m2":44656},"geometry":{"type":"Polygon","coordinates":[[[-68.56222,-31.535679],[-68.562026,-31.536705],[-68.561975,-31.536971],[-68.561961,-31.537096],[-68.561974,-31.537174],[-68.561972,-31.537188],[-68.56197,-31.53721],[-68.56196,-31.537249],[-68.561945,-31.537291],[-68.561924,-31.537334],[-68.5619,-31.537371],[-68.56187,-31.537407],[-68.56189,-31.537405],[-68.561926,-31.537401],[-68.561961,-31.537394],[-68.562013,-31.537371],[-68.562079,-31.537342],[-68.562177,-31.537317],[-68.564974,-31.536029],[-68.565082,-31.535985],[-68.56523,-31.535929],[-68.5654,-31.535871],[-68.565508,-31.535837],[-68.565579,-31.535815],[-68.565636,-31.535801],[-68.565703,-31.535787],[-68.56577,-31.535777],[-68.566051,-31.535739],[-68.56618,-31.535722],[-68.566194,-31.535629],[-68.566241,-31.535311],[-68.56636,-31.534614],[-68.566404,-31.534352],[-68.565847,-31.534445],[-68.564983,-31.534448],[-68.564918,-31.534448],[-68.564703,-31.534449],[-68.564702,-31.534505],[-68.564702,-31.534508],[-68.564701,-31.534559],[-68.564975,-31.534558],[-68.565005,-31.534558],[-68.565036,-31.53456],[-68.565083,-31.534566],[-68.565129,-31.534575],[-68.565174,-31.534588],[-68.565223,-31.534609],[-68.565286,-31.534629],[-68.565327,-31.53464],[-68.565355,-31.534647],[-68.565395,-31.534667],[-68.565414,-31.534682],[-68.565426,-31.534701],[-68.565428,-31.534718],[-68.565425,-31.534744],[-68.56541,-31.534781],[-68.565385,-31.53482],[-68.565363,-31.534858],[-68.56535,-31.534884],[-68.565336,-31.534917],[-68.565327,-31.534951],[-68.56532,-31.534989],[-68.565311,-31.535088],[-68.56531,-31.535124],[-68.565316,-31.53516],[-68.565326,-31.535201],[-68.565344,-31.53526],[-68.565355,-31.535302],[-68.565361,-31.535338],[-68.565363,-31.535364],[-68.565363,-31.535392],[-68.565361,-31.535409],[-68.565359,-31.535422],[-68.565353,-31.535436],[-68.565348,-31.535448],[-68.565327,-31.535475],[-68.565299,-31.5355],[-68.565271,-31.535517],[-68.56523,-31.535537],[-68.565187,-31.535551],[-68.565124,-31.535566],[-68.565061,-31.535582],[-68.565005,-31.535597],[-68.564946,-31.535612],[-68.564897,-31.535628],[-68.564852,-31.535648],[-68.564815,-31.53567],[-68.564644,-31.535765],[-68.564604,-31.535793],[-68.564559,-31.535827],[-68.564528,-31.535848],[-68.564495,-31.535864],[-68.564455,-31.535876],[-68.564406,-31.535886],[-68.564368,-31.535887],[-68.564195,-31.535884],[-68.564153,-31.535883],[-68.564064,-31.53588],[-68.564059,-31.535888],[-68.564068,-31.535915],[-68.564087,-31.536011],[-68.564091,-31.53605],[-68.564085,-31.536081],[-68.564066,-31.536103],[-68.564036,-31.536121],[-68.564,-31.536134],[-68.563967,-31.536131],[-68.563938,-31.536123],[-68.563916,-31.536104],[-68.5639,-31.536072],[-68.563889,-31.536022],[-68.563875,-31.53593],[-68.563872,-31.535912],[-68.563869,-31.535886],[-68.563851,-31.535875],[-68.56385,-31.535855],[-68.563795,-31.535853],[-68.563761,-31.535852],[-68.563694,-31.535844],[-68.563627,-31.535835],[-68.563513,-31.535812],[-68.56342,-31.535785],[-68.563357,-31.535764],[-68.563244,-31.535716],[-68.563134,-31.535668],[-68.563087,-31.535656],[-68.563051,-31.535652],[-68.563008,-31.535653],[-68.562958,-31.535658],[-68.562809,-31.535684],[-68.562763,-31.535691],[-68.562715,-31.53569],[-68.562674,-31.535683],[-68.562632,-31.535674],[-68.562591,-31.535655],[-68.56256,-31.535631],[-68.562535,-31.535607],[-68.562502,-31.535575],[-68.562339,-31.535557],[-68.562336,-31.535556],[-68.562245,-31.535546],[-68.56222,-31.535679]]]}},{"type":"Feature","properties":{"id":"m140","m2":5204},"geometry":{"type":"Polygon","coordinates":[[[-68.567685,-31.535522],[-68.567494,-31.536187],[-68.568223,-31.536131],[-68.568312,-31.535841],[-68.568407,-31.535529],[-68.568438,-31.535429],[-68.56831,-31.535441],[-68.568262,-31.535445],[-68.567685,-31.535522]]]}},{"type":"Feature","properties":{"id":"m141","m2":3695},"geometry":{"type":"Polygon","coordinates":[[[-68.567685,-31.535522],[-68.567133,-31.535595],[-68.567107,-31.535666],[-68.566936,-31.53623],[-68.56701,-31.536225],[-68.567494,-31.536187],[-68.567685,-31.535522]]]}},{"type":"Feature","properties":{"id":"m142","m2":14817},"geometry":{"type":"Polygon","coordinates":[[[-68.567685,-31.535522],[-68.568262,-31.535445],[-68.56831,-31.535441],[-68.568438,-31.535429],[-68.568473,-31.535314],[-68.568511,-31.53519],[-68.56863,-31.534802],[-68.568635,-31.534781],[-68.568646,-31.534733],[-68.568656,-31.534685],[-68.568664,-31.534636],[-68.568667,-31.53461],[-68.56867,-31.534588],[-68.568675,-31.534539],[-68.568678,-31.53449],[-68.568679,-31.534442],[-68.568679,-31.534393],[-68.568677,-31.534344],[-68.568675,-31.534314],[-68.568534,-31.53434],[-68.567433,-31.534546],[-68.567338,-31.53452],[-68.567161,-31.535517],[-68.567133,-31.535595],[-68.567685,-31.535522]]]}},{"type":"Feature","properties":{"id":"m143","m2":33800},"geometry":{"type":"Polygon","coordinates":[[[-68.567494,-31.536187],[-68.56701,-31.536225],[-68.566936,-31.53623],[-68.566188,-31.538704],[-68.566699,-31.538738],[-68.566836,-31.538747],[-68.567239,-31.53876],[-68.567262,-31.538761],[-68.567413,-31.538783],[-68.567445,-31.538676],[-68.567451,-31.538656],[-68.567687,-31.537886],[-68.567742,-31.537706],[-68.567763,-31.537638],[-68.568223,-31.536131],[-68.567494,-31.536187]]]}},{"type":"Feature","properties":{"id":"m144","m2":8437},"geometry":{"type":"Polygon","coordinates":[[[-68.565714,-31.529976],[-68.566143,-31.53002],[-68.566769,-31.530059],[-68.566854,-31.529293],[-68.56583,-31.529227],[-68.565714,-31.529976]]]}},{"type":"Feature","properties":{"id":"m145","m2":10784},"geometry":{"type":"Polygon","coordinates":[[[-68.565714,-31.529976],[-68.565569,-31.530902],[-68.565887,-31.530954],[-68.566664,-31.531003],[-68.566769,-31.530059],[-68.566143,-31.53002],[-68.565714,-31.529976]]]}},{"type":"Feature","properties":{"id":"m146","m2":12586},"geometry":{"type":"Polygon","coordinates":[[[-68.565714,-31.529976],[-68.56583,-31.529227],[-68.565764,-31.529223],[-68.565043,-31.529301],[-68.564857,-31.530787],[-68.564997,-31.53081],[-68.565569,-31.530902],[-68.565714,-31.529976]]]}},{"type":"Feature","properties":{"id":"m147","m2":7296},"geometry":{"type":"Polygon","coordinates":[[[-68.566769,-31.530059],[-68.567676,-31.530114],[-68.567745,-31.52935],[-68.566854,-31.529293],[-68.566769,-31.530059]]]}},{"type":"Feature","properties":{"id":"m148","m2":9183},"geometry":{"type":"Polygon","coordinates":[[[-68.566769,-31.530059],[-68.566664,-31.531003],[-68.566864,-31.531015],[-68.567538,-31.531058],[-68.56759,-31.53106],[-68.567676,-31.530114],[-68.566769,-31.530059]]]}},{"type":"Feature","properties":{"id":"m149","m2":11024},"geometry":{"type":"Polygon","coordinates":[[[-68.567745,-31.52935],[-68.567841,-31.528297],[-68.567853,-31.52816],[-68.567727,-31.528158],[-68.56728,-31.528151],[-68.567104,-31.528148],[-68.56707,-31.528147],[-68.566941,-31.528145],[-68.566913,-31.528773],[-68.566854,-31.529293],[-68.567745,-31.52935]]]}},{"type":"Feature","properties":{"id":"m150","m2":10077},"geometry":{"type":"Polygon","coordinates":[[[-68.56583,-31.529227],[-68.565864,-31.52901],[-68.565916,-31.528233],[-68.565923,-31.528133],[-68.565818,-31.528143],[-68.565751,-31.528151],[-68.565684,-31.528159],[-68.565617,-31.528168],[-68.56555,-31.528178],[-68.565483,-31.528188],[-68.565065,-31.528257],[-68.564894,-31.528285],[-68.564911,-31.528365],[-68.564916,-31.528387],[-68.565055,-31.529203],[-68.565043,-31.529301],[-68.565764,-31.529223],[-68.56583,-31.529227]]]}},{"type":"Feature","properties":{"id":"m151","m2":11289},"geometry":{"type":"Polygon","coordinates":[[[-68.565043,-31.529301],[-68.564284,-31.529383],[-68.56427,-31.529405],[-68.564082,-31.530662],[-68.564857,-31.530787],[-68.565043,-31.529301]]]}},{"type":"Feature","properties":{"id":"m152","m2":3838},"geometry":{"type":"Polygon","coordinates":[[[-68.565043,-31.529301],[-68.565055,-31.529203],[-68.564916,-31.528387],[-68.564284,-31.529383],[-68.565043,-31.529301]]]}},{"type":"Feature","properties":{"id":"m153","m2":27627},"geometry":{"type":"Polygon","coordinates":[[[-68.564284,-31.529383],[-68.564916,-31.528387],[-68.564911,-31.528365],[-68.564894,-31.528285],[-68.563258,-31.528556],[-68.563086,-31.528585],[-68.563094,-31.528665],[-68.563238,-31.530312],[-68.56317,-31.53067],[-68.563281,-31.530657],[-68.563424,-31.530639],[-68.56371,-31.530604],[-68.564082,-31.530662],[-68.56427,-31.529405],[-68.564284,-31.529383]]]}},{"type":"Feature","properties":{"id":"m154","m2":28426},"geometry":{"type":"Polygon","coordinates":[[[-68.558286,-31.529921],[-68.558306,-31.529995],[-68.55832,-31.530061],[-68.558325,-31.530141],[-68.55833,-31.530264],[-68.55833,-31.530383],[-68.558333,-31.530499],[-68.558331,-31.530655],[-68.558329,-31.530723],[-68.558326,-31.5308],[-68.558321,-31.530866],[-68.558317,-31.530918],[-68.558306,-31.530986],[-68.558297,-31.531039],[-68.558283,-31.531093],[-68.558264,-31.531164],[-68.55824,-31.531228],[-68.558211,-31.531301],[-68.558168,-31.531398],[-68.558124,-31.5315],[-68.558097,-31.531554],[-68.558063,-31.531619],[-68.558011,-31.531705],[-68.557959,-31.531795],[-68.557883,-31.531928],[-68.557792,-31.53208],[-68.557712,-31.532215],[-68.557624,-31.532363],[-68.55825,-31.532565],[-68.558274,-31.532572],[-68.558361,-31.5326],[-68.558386,-31.532546],[-68.558493,-31.532314],[-68.559362,-31.530438],[-68.559185,-31.529445],[-68.559172,-31.529373],[-68.559168,-31.529353],[-68.559148,-31.529328],[-68.559113,-31.529302],[-68.559072,-31.529284],[-68.559052,-31.529281],[-68.559015,-31.529289],[-68.558989,-31.529296],[-68.558966,-31.529303],[-68.558548,-31.529443],[-68.558224,-31.529546],[-68.55824,-31.529647],[-68.558249,-31.529698],[-68.558261,-31.529759],[-68.558276,-31.529839],[-68.558286,-31.529921]]]}},{"type":"Feature","properties":{"id":"m155","m2":37768},"geometry":{"type":"Polygon","coordinates":[[[-68.550459,-31.532065],[-68.550489,-31.532162],[-68.550536,-31.532312],[-68.550538,-31.532382],[-68.550539,-31.53242],[-68.550534,-31.532481],[-68.550528,-31.532521],[-68.550434,-31.532939],[-68.550404,-31.533071],[-68.550369,-31.533232],[-68.55068,-31.533133],[-68.552225,-31.532642],[-68.553265,-31.532312],[-68.553285,-31.532306],[-68.5534,-31.532269],[-68.553667,-31.531323],[-68.553715,-31.531152],[-68.553763,-31.530983],[-68.553641,-31.531022],[-68.552408,-31.531426],[-68.551387,-31.531761],[-68.551297,-31.53179],[-68.550982,-31.531894],[-68.550459,-31.532065]]]}},{"type":"Feature","properties":{"id":"m156","m2":1270},"geometry":{"type":"Polygon","coordinates":[[[-68.550459,-31.532065],[-68.550982,-31.531894],[-68.550944,-31.531797],[-68.549837,-31.532161],[-68.549864,-31.53226],[-68.549993,-31.532218],[-68.55,-31.532215],[-68.550459,-31.532065]]]}},{"type":"Feature","properties":{"id":"m157","m2":32729},"geometry":{"type":"Polygon","coordinates":[[[-68.550459,-31.532065],[-68.55,-31.532215],[-68.549993,-31.532218],[-68.550015,-31.532301],[-68.550095,-31.532617],[-68.549906,-31.532641],[-68.549856,-31.532353],[-68.549853,-31.532337],[-68.54984,-31.532268],[-68.549487,-31.532383],[-68.5486,-31.532674],[-68.547645,-31.532987],[-68.547437,-31.533055],[-68.547461,-31.533132],[-68.547585,-31.533639],[-68.548655,-31.533599],[-68.548712,-31.5336],[-68.548773,-31.533605],[-68.548826,-31.533614],[-68.548885,-31.533624],[-68.548992,-31.533645],[-68.549087,-31.533663],[-68.549269,-31.533694],[-68.549362,-31.53371],[-68.549452,-31.533719],[-68.549546,-31.533721],[-68.549649,-31.533715],[-68.549708,-31.533711],[-68.549816,-31.533687],[-68.549928,-31.533647],[-68.54998,-31.53363],[-68.5503,-31.533494],[-68.550369,-31.533232],[-68.550404,-31.533071],[-68.550434,-31.532939],[-68.550528,-31.532521],[-68.550534,-31.532481],[-68.550539,-31.53242],[-68.550538,-31.532382],[-68.550536,-31.532312],[-68.550489,-31.532162],[-68.550459,-31.532065]]]}},{"type":"Feature","properties":{"id":"m158","m2":19584},"geometry":{"type":"Polygon","coordinates":[[[-68.550369,-31.533232],[-68.5503,-31.533494],[-68.550188,-31.53392],[-68.551679,-31.534258],[-68.551721,-31.534046],[-68.551827,-31.533749],[-68.552225,-31.532642],[-68.55068,-31.533133],[-68.550369,-31.533232]]]}},{"type":"Feature","properties":{"id":"m159","m2":27852},"geometry":{"type":"Polygon","coordinates":[[[-68.5503,-31.533494],[-68.54998,-31.53363],[-68.549928,-31.533647],[-68.549816,-31.533687],[-68.549708,-31.533711],[-68.549649,-31.533715],[-68.549546,-31.533721],[-68.549452,-31.533719],[-68.549362,-31.53371],[-68.549269,-31.533694],[-68.549087,-31.533663],[-68.548992,-31.533645],[-68.548885,-31.533624],[-68.548826,-31.533614],[-68.548773,-31.533605],[-68.548712,-31.5336],[-68.548655,-31.533599],[-68.547585,-31.533639],[-68.547819,-31.534595],[-68.547816,-31.534602],[-68.548991,-31.534764],[-68.549574,-31.534844],[-68.549617,-31.53485],[-68.54964,-31.534849],[-68.549693,-31.534845],[-68.549746,-31.534838],[-68.549798,-31.534828],[-68.549841,-31.534819],[-68.549853,-31.53481],[-68.549874,-31.534799],[-68.549898,-31.534778],[-68.549926,-31.53475],[-68.549952,-31.534719],[-68.549975,-31.534688],[-68.549996,-31.534656],[-68.550005,-31.534618],[-68.550188,-31.53392],[-68.5503,-31.533494]]]}},{"type":"Feature","properties":{"id":"m160","m2":15214},"geometry":{"type":"Polygon","coordinates":[[[-68.550188,-31.53392],[-68.550005,-31.534618],[-68.549996,-31.534656],[-68.549997,-31.534678],[-68.55,-31.534709],[-68.550004,-31.53474],[-68.550009,-31.53477],[-68.550015,-31.534801],[-68.550019,-31.534819],[-68.550028,-31.53483],[-68.550033,-31.534841],[-68.550035,-31.534849],[-68.550043,-31.534855],[-68.550066,-31.534871],[-68.550089,-31.534885],[-68.550113,-31.534899],[-68.550138,-31.534912],[-68.550164,-31.534923],[-68.55017,-31.534926],[-68.550788,-31.535011],[-68.551504,-31.53511],[-68.551518,-31.535076],[-68.551679,-31.534258],[-68.550188,-31.53392]]]}},{"type":"Feature","properties":{"id":"m161","m2":16774},"geometry":{"type":"Polygon","coordinates":[[[-68.548991,-31.534764],[-68.548362,-31.53628],[-68.549569,-31.536308],[-68.549603,-31.536311],[-68.549609,-31.536132],[-68.549794,-31.535425],[-68.549875,-31.535116],[-68.549875,-31.535103],[-68.549873,-31.535078],[-68.549867,-31.535053],[-68.549858,-31.535029],[-68.549846,-31.535005],[-68.549831,-31.534983],[-68.54982,-31.534971],[-68.549806,-31.534964],[-68.549794,-31.534954],[-68.549786,-31.534942],[-68.549786,-31.53494],[-68.549768,-31.534927],[-68.549735,-31.534905],[-68.549701,-31.534885],[-68.549664,-31.534868],[-68.549627,-31.534853],[-68.549617,-31.53485],[-68.549574,-31.534844],[-68.548991,-31.534764]]]}},{"type":"Feature","properties":{"id":"m162","m2":52288},"geometry":{"type":"Polygon","coordinates":[[[-68.548991,-31.534764],[-68.547816,-31.534602],[-68.547707,-31.534902],[-68.547254,-31.536148],[-68.546815,-31.537358],[-68.546783,-31.537403],[-68.547726,-31.537471],[-68.549054,-31.537567],[-68.549327,-31.537588],[-68.549356,-31.537485],[-68.549593,-31.536642],[-68.549603,-31.536311],[-68.549569,-31.536308],[-68.548362,-31.53628],[-68.548991,-31.534764]]]}},{"type":"Feature","properties":{"id":"m163","m2":16794},"geometry":{"type":"Polygon","coordinates":[[[-68.549603,-31.536311],[-68.550939,-31.536431],[-68.551504,-31.53511],[-68.550788,-31.535011],[-68.550668,-31.535587],[-68.549794,-31.535425],[-68.549609,-31.536132],[-68.549603,-31.536311]]]}},{"type":"Feature","properties":{"id":"m164","m2":50585},"geometry":{"type":"Polygon","coordinates":[[[-68.549603,-31.536311],[-68.549593,-31.536642],[-68.549356,-31.537485],[-68.549327,-31.537588],[-68.551169,-31.537726],[-68.551563,-31.537746],[-68.551659,-31.537752],[-68.551854,-31.53776],[-68.551882,-31.537661],[-68.551905,-31.53758],[-68.552427,-31.535726],[-68.552474,-31.535558],[-68.552559,-31.535255],[-68.552438,-31.535238],[-68.551504,-31.53511],[-68.550939,-31.536431],[-68.549603,-31.536311]]]}},{"type":"Feature","properties":{"id":"m165","m2":5138},"geometry":{"type":"Polygon","coordinates":[[[-68.550788,-31.535011],[-68.55017,-31.534926],[-68.550154,-31.534926],[-68.550122,-31.534927],[-68.550091,-31.534929],[-68.550059,-31.534933],[-68.550028,-31.534937],[-68.549997,-31.534942],[-68.549989,-31.534944],[-68.549985,-31.534946],[-68.549963,-31.534958],[-68.549954,-31.534962],[-68.549937,-31.534985],[-68.549919,-31.535014],[-68.549903,-31.535043],[-68.54989,-31.535074],[-68.549878,-31.535105],[-68.549875,-31.535116],[-68.549794,-31.535425],[-68.550668,-31.535587],[-68.550788,-31.535011]]]}},{"type":"Feature","properties":{"id":"m166","m2":32290},"geometry":{"type":"Polygon","coordinates":[[[-68.551827,-31.533749],[-68.551721,-31.534046],[-68.551679,-31.534258],[-68.551518,-31.535076],[-68.551504,-31.53511],[-68.552438,-31.535238],[-68.552559,-31.535255],[-68.553282,-31.532689],[-68.553296,-31.532639],[-68.553398,-31.532276],[-68.5534,-31.532269],[-68.553285,-31.532306],[-68.553265,-31.532312],[-68.552225,-31.532642],[-68.551827,-31.533749]]]}},{"type":"Feature","properties":{"id":"m167","m2":21205},"geometry":{"type":"Polygon","coordinates":[[[-68.555207,-31.545596],[-68.553554,-31.545544],[-68.5536,-31.545127],[-68.553483,-31.545131],[-68.553384,-31.545132],[-68.553282,-31.545133],[-68.553055,-31.54513],[-68.552953,-31.545125],[-68.552793,-31.545116],[-68.552785,-31.545184],[-68.552756,-31.545433],[-68.552741,-31.545588],[-68.552724,-31.54569],[-68.552701,-31.545792],[-68.55268,-31.545859],[-68.552639,-31.545974],[-68.552601,-31.546086],[-68.552561,-31.5462],[-68.552723,-31.546205],[-68.554037,-31.546221],[-68.555211,-31.546236],[-68.55521,-31.546098],[-68.55521,-31.545927],[-68.555207,-31.545596]]]}},{"type":"Feature","properties":{"id":"m168","m2":8753},"geometry":{"type":"Polygon","coordinates":[[[-68.555207,-31.545596],[-68.555201,-31.545545],[-68.55519,-31.545495],[-68.555107,-31.545236],[-68.555093,-31.545198],[-68.555076,-31.545165],[-68.554924,-31.544879],[-68.554682,-31.544954],[-68.554613,-31.544972],[-68.554433,-31.54502],[-68.554224,-31.545062],[-68.554035,-31.545088],[-68.554006,-31.545092],[-68.553826,-31.545109],[-68.553769,-31.545114],[-68.5536,-31.545127],[-68.553554,-31.545544],[-68.555207,-31.545596]]]}},{"type":"Feature","properties":{"id":"m169","m2":18492},"geometry":{"type":"Polygon","coordinates":[[[-68.555207,-31.545596],[-68.55521,-31.545927],[-68.55521,-31.546098],[-68.555211,-31.546236],[-68.556693,-31.546254],[-68.5567,-31.546076],[-68.556716,-31.545976],[-68.556761,-31.545674],[-68.556938,-31.544781],[-68.556953,-31.544687],[-68.556802,-31.544673],[-68.556544,-31.544654],[-68.556357,-31.544647],[-68.556249,-31.544647],[-68.556113,-31.544652],[-68.5561,-31.54474],[-68.556099,-31.544747],[-68.556098,-31.544753],[-68.555978,-31.545534],[-68.55597,-31.545569],[-68.55596,-31.545594],[-68.555942,-31.545608],[-68.555918,-31.545614],[-68.555882,-31.545613],[-68.555314,-31.545598],[-68.555306,-31.545598],[-68.555295,-31.545598],[-68.555207,-31.545596]]]}},{"type":"Feature","properties":{"id":"m170","m2":8822},"geometry":{"type":"Polygon","coordinates":[[[-68.555207,-31.545596],[-68.555295,-31.545598],[-68.555306,-31.545598],[-68.555314,-31.545598],[-68.555882,-31.545613],[-68.555918,-31.545614],[-68.555942,-31.545608],[-68.55596,-31.545594],[-68.55597,-31.545569],[-68.555978,-31.545534],[-68.556098,-31.544753],[-68.556099,-31.544747],[-68.5561,-31.54474],[-68.556113,-31.544652],[-68.555989,-31.544663],[-68.555834,-31.544677],[-68.555714,-31.544691],[-68.555599,-31.544709],[-68.555467,-31.544734],[-68.555325,-31.544766],[-68.555264,-31.544782],[-68.555164,-31.544809],[-68.555042,-31.544843],[-68.554924,-31.544879],[-68.555076,-31.545165],[-68.555093,-31.545198],[-68.555107,-31.545236],[-68.55519,-31.545495],[-68.555201,-31.545545],[-68.555207,-31.545596]]]}},{"type":"Feature","properties":{"id":"m171","m2":11321},"geometry":{"type":"Polygon","coordinates":[[[-68.557765,-31.545056],[-68.557788,-31.545044],[-68.557822,-31.545043],[-68.557867,-31.545048],[-68.558435,-31.545149],[-68.558494,-31.544873],[-68.558518,-31.544759],[-68.558356,-31.544752],[-68.557832,-31.54473],[-68.557083,-31.544698],[-68.556953,-31.544687],[-68.556938,-31.544781],[-68.556761,-31.545674],[-68.557348,-31.545765],[-68.557381,-31.545766],[-68.55741,-31.54576],[-68.557434,-31.54575],[-68.557454,-31.545734],[-68.557735,-31.545113],[-68.557752,-31.545074],[-68.557765,-31.545056]]]}},{"type":"Feature","properties":{"id":"m172","m2":11465},"geometry":{"type":"Polygon","coordinates":[[[-68.557765,-31.545056],[-68.557752,-31.545074],[-68.557735,-31.545113],[-68.557454,-31.545734],[-68.557434,-31.54575],[-68.55741,-31.54576],[-68.557381,-31.545766],[-68.557348,-31.545765],[-68.556761,-31.545674],[-68.556716,-31.545976],[-68.5567,-31.546076],[-68.557588,-31.546116],[-68.558215,-31.546136],[-68.558234,-31.54606],[-68.558278,-31.545894],[-68.558401,-31.545339],[-68.558435,-31.545149],[-68.557867,-31.545048],[-68.557822,-31.545043],[-68.557788,-31.545044],[-68.557765,-31.545056]]]}},{"type":"Feature","properties":{"id":"m173","m2":5740},"geometry":{"type":"Polygon","coordinates":[[[-68.558435,-31.545149],[-68.558401,-31.545339],[-68.559307,-31.545382],[-68.559331,-31.545371],[-68.559353,-31.54535],[-68.559379,-31.545311],[-68.559402,-31.544797],[-68.558681,-31.544766],[-68.558518,-31.544759],[-68.558494,-31.544873],[-68.558435,-31.545149]]]}},{"type":"Feature","properties":{"id":"m174","m2":21136},"geometry":{"type":"Polygon","coordinates":[[[-68.56065,-31.544851],[-68.560777,-31.544856],[-68.5608,-31.544857],[-68.56355,-31.544976],[-68.563556,-31.544862],[-68.56358,-31.54439],[-68.562483,-31.544347],[-68.562454,-31.544332],[-68.562427,-31.544306],[-68.562421,-31.544282],[-68.562416,-31.544259],[-68.562445,-31.543848],[-68.56245,-31.543827],[-68.56246,-31.54381],[-68.562479,-31.543789],[-68.56251,-31.543776],[-68.562547,-31.543772],[-68.563697,-31.543826],[-68.563742,-31.543609],[-68.56375,-31.543568],[-68.563788,-31.543387],[-68.56352,-31.543407],[-68.562187,-31.543505],[-68.562126,-31.544593],[-68.561432,-31.544565],[-68.560665,-31.544535],[-68.560658,-31.544687],[-68.560657,-31.544706],[-68.560655,-31.544736],[-68.560651,-31.544782],[-68.56065,-31.544851]]]}},{"type":"Feature","properties":{"id":"m175","m2":25903},"geometry":{"type":"Polygon","coordinates":[[[-68.56065,-31.544851],[-68.560491,-31.544843],[-68.560393,-31.54484],[-68.559402,-31.544797],[-68.559379,-31.545311],[-68.559353,-31.54535],[-68.559331,-31.545371],[-68.559307,-31.545382],[-68.558401,-31.545339],[-68.558278,-31.545894],[-68.559143,-31.54593],[-68.559179,-31.545935],[-68.559197,-31.545942],[-68.559219,-31.545956],[-68.559235,-31.54598],[-68.559211,-31.546432],[-68.5592,-31.54646],[-68.559181,-31.546483],[-68.559153,-31.546496],[-68.558299,-31.546458],[-68.558485,-31.547105],[-68.558685,-31.547069],[-68.559383,-31.546944],[-68.559412,-31.546344],[-68.559417,-31.546306],[-68.559438,-31.546281],[-68.55948,-31.546258],[-68.559531,-31.54625],[-68.560636,-31.546296],[-68.560592,-31.54609],[-68.560589,-31.546036],[-68.56059,-31.545987],[-68.560605,-31.545711],[-68.559665,-31.545668],[-68.559638,-31.545657],[-68.559619,-31.545629],[-68.559617,-31.545591],[-68.559642,-31.54519],[-68.559649,-31.545152],[-68.559672,-31.545126],[-68.559705,-31.545111],[-68.560634,-31.545142],[-68.560641,-31.545011],[-68.560642,-31.544991],[-68.560643,-31.544967],[-68.56065,-31.544851]]]}},{"type":"Feature","properties":{"id":"m176","m2":32069},"geometry":{"type":"Polygon","coordinates":[[[-68.56065,-31.544851],[-68.560643,-31.544967],[-68.560642,-31.544991],[-68.560641,-31.545011],[-68.560634,-31.545142],[-68.560619,-31.545441],[-68.561864,-31.545488],[-68.561897,-31.545489],[-68.561921,-31.545496],[-68.561951,-31.545519],[-68.561965,-31.545555],[-68.561934,-31.545953],[-68.561925,-31.546002],[-68.561904,-31.546023],[-68.561876,-31.546038],[-68.561826,-31.546042],[-68.56059,-31.545987],[-68.560589,-31.546036],[-68.560592,-31.54609],[-68.560636,-31.546296],[-68.560685,-31.546506],[-68.5607,-31.54657],[-68.560713,-31.546595],[-68.560726,-31.546613],[-68.56073,-31.546618],[-68.560751,-31.546643],[-68.560769,-31.54665],[-68.560783,-31.546661],[-68.560835,-31.546676],[-68.560856,-31.546679],[-68.5609,-31.546682],[-68.560967,-31.54667],[-68.563189,-31.546274],[-68.5632,-31.54627],[-68.563331,-31.546224],[-68.563375,-31.546207],[-68.563399,-31.546196],[-68.563405,-31.546188],[-68.563439,-31.546152],[-68.563452,-31.546138],[-68.563457,-31.546132],[-68.563486,-31.546056],[-68.563488,-31.546009],[-68.563493,-31.5459],[-68.562456,-31.54608],[-68.562423,-31.546085],[-68.562391,-31.546087],[-68.562369,-31.546082],[-68.562351,-31.546063],[-68.562343,-31.546033],[-68.562251,-31.545626],[-68.562249,-31.545614],[-68.56225,-31.545598],[-68.562263,-31.545575],[-68.562292,-31.545547],[-68.562336,-31.545528],[-68.563532,-31.545315],[-68.56355,-31.544976],[-68.5608,-31.544857],[-68.560777,-31.544856],[-68.56065,-31.544851]]]}},{"type":"Feature","properties":{"id":"m177","m2":24016},"geometry":{"type":"Polygon","coordinates":[[[-68.56065,-31.544851],[-68.560651,-31.544782],[-68.560655,-31.544736],[-68.560657,-31.544706],[-68.560658,-31.544687],[-68.560665,-31.544535],[-68.560678,-31.544261],[-68.560702,-31.543769],[-68.560709,-31.543629],[-68.560593,-31.543638],[-68.560547,-31.543641],[-68.559008,-31.543752],[-68.558816,-31.543766],[-68.558692,-31.543775],[-68.558591,-31.544413],[-68.558544,-31.544635],[-68.558518,-31.544759],[-68.558681,-31.544766],[-68.559402,-31.544797],[-68.560393,-31.54484],[-68.560491,-31.544843],[-68.56065,-31.544851]]]}},{"type":"Feature","properties":{"id":"m178","m2":14473},"geometry":{"type":"Polygon","coordinates":[[[-68.56355,-31.544976],[-68.564429,-31.545013],[-68.564433,-31.544954],[-68.564446,-31.544755],[-68.5645,-31.543912],[-68.564537,-31.543339],[-68.563788,-31.543387],[-68.56375,-31.543568],[-68.563742,-31.543609],[-68.563697,-31.543826],[-68.56368,-31.543909],[-68.56358,-31.54439],[-68.563556,-31.544862],[-68.56355,-31.544976]]]}},{"type":"Feature","properties":{"id":"m179","m2":4532},"geometry":{"type":"Polygon","coordinates":[[[-68.56355,-31.544976],[-68.563532,-31.545315],[-68.563521,-31.54552],[-68.564401,-31.545448],[-68.564429,-31.545013],[-68.56355,-31.544976]]]}},{"type":"Feature","properties":{"id":"m180","m2":10278},"geometry":{"type":"Polygon","coordinates":[[[-68.564429,-31.545013],[-68.564401,-31.545448],[-68.566172,-31.545294],[-68.566206,-31.544679],[-68.566099,-31.544696],[-68.566088,-31.544697],[-68.564521,-31.54494],[-68.564514,-31.544941],[-68.564433,-31.544954],[-68.564429,-31.545013]]]}},{"type":"Feature","properties":{"id":"m181","m2":7729},"geometry":{"type":"Polygon","coordinates":[[[-68.560665,-31.544535],[-68.561432,-31.544565],[-68.561482,-31.543564],[-68.560851,-31.543617],[-68.560709,-31.543629],[-68.560702,-31.543769],[-68.560678,-31.544261],[-68.560665,-31.544535]]]}},{"type":"Feature","properties":{"id":"m182","m2":7703},"geometry":{"type":"Polygon","coordinates":[[[-68.561432,-31.544565],[-68.562126,-31.544593],[-68.562187,-31.543505],[-68.561948,-31.543522],[-68.561482,-31.543564],[-68.561432,-31.544565]]]}},{"type":"Feature","properties":{"id":"m183","m2":17986},"geometry":{"type":"Polygon","coordinates":[[[-68.556369,-31.541264],[-68.556388,-31.541247],[-68.556412,-31.541232],[-68.556676,-31.541107],[-68.556794,-31.541054],[-68.556927,-31.540234],[-68.555686,-31.540813],[-68.555636,-31.540837],[-68.555616,-31.540958],[-68.555504,-31.541647],[-68.55537,-31.542471],[-68.556166,-31.542336],[-68.556276,-31.541643],[-68.556326,-31.541331],[-68.556337,-31.541303],[-68.556351,-31.541281],[-68.556369,-31.541264]]]}},{"type":"Feature","properties":{"id":"m184","m2":5068},"geometry":{"type":"Polygon","coordinates":[[[-68.556369,-31.541264],[-68.556351,-31.541281],[-68.556337,-31.541303],[-68.556326,-31.541331],[-68.556276,-31.541643],[-68.556166,-31.542336],[-68.556525,-31.542276],[-68.556542,-31.542269],[-68.556561,-31.542258],[-68.556579,-31.542246],[-68.556594,-31.542227],[-68.556608,-31.542205],[-68.556614,-31.542183],[-68.556794,-31.541054],[-68.556676,-31.541107],[-68.556412,-31.541232],[-68.556388,-31.541247],[-68.556369,-31.541264]]]}},{"type":"Feature","properties":{"id":"m185","m2":31577},"geometry":{"type":"Polygon","coordinates":[[[-68.556794,-31.541054],[-68.556614,-31.542183],[-68.556608,-31.542205],[-68.556594,-31.542227],[-68.556579,-31.542246],[-68.556561,-31.542258],[-68.556542,-31.542269],[-68.556525,-31.542276],[-68.556166,-31.542336],[-68.55537,-31.542471],[-68.555271,-31.543123],[-68.555532,-31.543065],[-68.555708,-31.543029],[-68.555843,-31.543004],[-68.555982,-31.542985],[-68.556126,-31.542967],[-68.556245,-31.542955],[-68.556376,-31.542947],[-68.556599,-31.542941],[-68.556853,-31.542941],[-68.557083,-31.542947],[-68.557161,-31.542951],[-68.557272,-31.542956],[-68.557298,-31.542794],[-68.557361,-31.542401],[-68.557442,-31.541897],[-68.557504,-31.541517],[-68.557524,-31.54139],[-68.557549,-31.541234],[-68.557624,-31.540774],[-68.557695,-31.540336],[-68.55771,-31.540238],[-68.557712,-31.540227],[-68.557728,-31.540127],[-68.557644,-31.540085],[-68.557597,-31.54007],[-68.557537,-31.540057],[-68.557425,-31.540048],[-68.557353,-31.54005],[-68.557312,-31.540059],[-68.557277,-31.540071],[-68.556927,-31.540234],[-68.556794,-31.541054]]]}},{"type":"Feature","properties":{"id":"m186","m2":10839},"geometry":{"type":"Polygon","coordinates":[[[-68.557524,-31.54139],[-68.558939,-31.541488],[-68.559202,-31.541507],[-68.559264,-31.540895],[-68.557624,-31.540774],[-68.557549,-31.541234],[-68.557524,-31.54139]]]}},{"type":"Feature","properties":{"id":"m187","m2":7657},"geometry":{"type":"Polygon","coordinates":[[[-68.557524,-31.54139],[-68.557504,-31.541517],[-68.557442,-31.541897],[-68.558885,-31.541989],[-68.558939,-31.541488],[-68.557524,-31.54139]]]}},{"type":"Feature","properties":{"id":"m188","m2":8156},"geometry":{"type":"Polygon","coordinates":[[[-68.558939,-31.541488],[-68.558885,-31.541989],[-68.558831,-31.542493],[-68.559626,-31.542499],[-68.559717,-31.541542],[-68.559202,-31.541507],[-68.558939,-31.541488]]]}},{"type":"Feature","properties":{"id":"m189","m2":6566},"geometry":{"type":"Polygon","coordinates":[[[-68.559202,-31.541507],[-68.559717,-31.541542],[-68.560215,-31.541577],[-68.560279,-31.540969],[-68.559264,-31.540895],[-68.559202,-31.541507]]]}},{"type":"Feature","properties":{"id":"m190","m2":11593},"geometry":{"type":"Polygon","coordinates":[[[-68.559717,-31.541542],[-68.559626,-31.542499],[-68.56082,-31.542507],[-68.56091,-31.541639],[-68.560756,-31.541615],[-68.560215,-31.541577],[-68.559717,-31.541542]]]}},{"type":"Feature","properties":{"id":"m191","m2":9064},"geometry":{"type":"Polygon","coordinates":[[[-68.560215,-31.541577],[-68.560756,-31.541615],[-68.56091,-31.541639],[-68.561026,-31.540522],[-68.561029,-31.540488],[-68.561038,-31.540409],[-68.560871,-31.540385],[-68.560819,-31.540381],[-68.560347,-31.540347],[-68.560279,-31.540969],[-68.560215,-31.541577]]]}},{"type":"Feature","properties":{"id":"m192","m2":16159},"geometry":{"type":"Polygon","coordinates":[[[-68.56091,-31.541639],[-68.561541,-31.541691],[-68.562145,-31.541741],[-68.562173,-31.541482],[-68.562205,-31.541192],[-68.562343,-31.540552],[-68.562193,-31.540536],[-68.561248,-31.540438],[-68.561178,-31.540431],[-68.561168,-31.54043],[-68.561038,-31.540409],[-68.561029,-31.540488],[-68.561026,-31.540522],[-68.56091,-31.541639]]]}},{"type":"Feature","properties":{"id":"m193","m2":14226},"geometry":{"type":"Polygon","coordinates":[[[-68.56091,-31.541639],[-68.56082,-31.542507],[-68.560795,-31.542755],[-68.562028,-31.542798],[-68.562145,-31.541741],[-68.561541,-31.541691],[-68.56091,-31.541639]]]}},{"type":"Feature","properties":{"id":"m194","m2":11676},"geometry":{"type":"Polygon","coordinates":[[[-68.562145,-31.541741],[-68.562028,-31.542798],[-68.562862,-31.54287],[-68.562929,-31.542212],[-68.563013,-31.541552],[-68.562173,-31.541482],[-68.562145,-31.541741]]]}},{"type":"Feature","properties":{"id":"m195","m2":23362},"geometry":{"type":"Polygon","coordinates":[[[-68.555504,-31.541647],[-68.555616,-31.540958],[-68.555636,-31.540837],[-68.554851,-31.541203],[-68.554778,-31.541237],[-68.55476,-31.541377],[-68.554665,-31.542078],[-68.554638,-31.542278],[-68.554601,-31.542558],[-68.554592,-31.542591],[-68.554579,-31.54261],[-68.554556,-31.542626],[-68.554552,-31.542627],[-68.554516,-31.542641],[-68.554484,-31.542648],[-68.553812,-31.542698],[-68.553781,-31.543314],[-68.553773,-31.543414],[-68.553904,-31.543411],[-68.554046,-31.543399],[-68.554154,-31.543386],[-68.554289,-31.543366],[-68.554414,-31.543347],[-68.554514,-31.543329],[-68.554649,-31.543296],[-68.554772,-31.543263],[-68.554931,-31.543218],[-68.555136,-31.543158],[-68.555271,-31.543123],[-68.55537,-31.542471],[-68.555504,-31.541647]]]}},{"type":"Feature","properties":{"id":"m196","m2":20113},"geometry":{"type":"Polygon","coordinates":[[[-68.553837,-31.542469],[-68.553851,-31.542453],[-68.553867,-31.542439],[-68.553895,-31.542421],[-68.554418,-31.542188],[-68.554665,-31.542078],[-68.55476,-31.541377],[-68.554778,-31.541237],[-68.553433,-31.541865],[-68.553297,-31.541928],[-68.553156,-31.542019],[-68.55313,-31.542042],[-68.553077,-31.542112],[-68.55305,-31.542385],[-68.552953,-31.543381],[-68.553069,-31.543386],[-68.553125,-31.543389],[-68.553304,-31.543404],[-68.553478,-31.543409],[-68.553613,-31.543413],[-68.553773,-31.543414],[-68.553781,-31.543314],[-68.553812,-31.542698],[-68.553819,-31.542537],[-68.55382,-31.542518],[-68.553825,-31.542496],[-68.553837,-31.542469]]]}},{"type":"Feature","properties":{"id":"m197","m2":3318},"geometry":{"type":"Polygon","coordinates":[[[-68.553837,-31.542469],[-68.553825,-31.542496],[-68.55382,-31.542518],[-68.553819,-31.542537],[-68.553812,-31.542698],[-68.554484,-31.542648],[-68.554516,-31.542641],[-68.554552,-31.542627],[-68.554556,-31.542626],[-68.554579,-31.54261],[-68.554592,-31.542591],[-68.554601,-31.542558],[-68.554638,-31.542278],[-68.554665,-31.542078],[-68.554418,-31.542188],[-68.553895,-31.542421],[-68.553867,-31.542439],[-68.553851,-31.542453],[-68.553837,-31.542469]]]}},{"type":"Feature","properties":{"id":"m198","m2":8441},"geometry":{"type":"Polygon","coordinates":[[[-68.562173,-31.541482],[-68.563013,-31.541552],[-68.563193,-31.540641],[-68.562562,-31.540575],[-68.562343,-31.540552],[-68.562205,-31.541192],[-68.562173,-31.541482]]]}},{"type":"Feature","properties":{"id":"m199","m2":11470},"geometry":{"type":"Polygon","coordinates":[[[-68.563013,-31.541552],[-68.563585,-31.541536],[-68.564245,-31.541599],[-68.564463,-31.54076],[-68.56429,-31.540744],[-68.563193,-31.540641],[-68.563013,-31.541552]]]}},{"type":"Feature","properties":{"id":"m200","m2":27695},"geometry":{"type":"Polygon","coordinates":[[[-68.563013,-31.541552],[-68.562929,-31.542212],[-68.562862,-31.54287],[-68.562028,-31.542798],[-68.561948,-31.543522],[-68.562187,-31.543505],[-68.56352,-31.543407],[-68.563788,-31.543387],[-68.563827,-31.54323],[-68.564024,-31.542441],[-68.564245,-31.541599],[-68.563585,-31.541536],[-68.563013,-31.541552]]]}},{"type":"Feature","properties":{"id":"m201","m2":67187},"geometry":{"type":"Polygon","coordinates":[[[-68.564245,-31.541599],[-68.564024,-31.542441],[-68.563827,-31.54323],[-68.563788,-31.543387],[-68.564537,-31.543339],[-68.5645,-31.543912],[-68.56457,-31.543902],[-68.56458,-31.543901],[-68.566144,-31.543689],[-68.566155,-31.543687],[-68.566262,-31.543673],[-68.566265,-31.543632],[-68.566321,-31.542805],[-68.566333,-31.542723],[-68.566352,-31.542637],[-68.566453,-31.542282],[-68.566746,-31.541377],[-68.566785,-31.541231],[-68.566791,-31.541209],[-68.566671,-31.541199],[-68.566659,-31.541198],[-68.56515,-31.541081],[-68.565185,-31.540901],[-68.565187,-31.540893],[-68.565199,-31.540829],[-68.564703,-31.540783],[-68.564463,-31.54076],[-68.564245,-31.541599]]]}},{"type":"Feature","properties":{"id":"m202","m2":12524},"geometry":{"type":"Polygon","coordinates":[[[-68.553768,-31.544116],[-68.553754,-31.544148],[-68.553746,-31.54419],[-68.553732,-31.544265],[-68.553719,-31.544345],[-68.554197,-31.544321],[-68.55471,-31.544257],[-68.55474,-31.54427],[-68.554763,-31.544287],[-68.554777,-31.544308],[-68.554787,-31.544339],[-68.554682,-31.544954],[-68.554924,-31.544879],[-68.555042,-31.544843],[-68.555062,-31.544689],[-68.555146,-31.544146],[-68.555179,-31.544118],[-68.555223,-31.544103],[-68.555714,-31.544025],[-68.556138,-31.543988],[-68.556183,-31.543977],[-68.556218,-31.543961],[-68.556244,-31.543928],[-68.556256,-31.543882],[-68.556272,-31.5437],[-68.556146,-31.543698],[-68.555948,-31.54371],[-68.555759,-31.543729],[-68.555548,-31.543753],[-68.555347,-31.543788],[-68.555281,-31.543792],[-68.555247,-31.543783],[-68.555219,-31.543762],[-68.555197,-31.543733],[-68.555191,-31.543703],[-68.555271,-31.543123],[-68.555136,-31.543158],[-68.554931,-31.543218],[-68.554862,-31.543862],[-68.554848,-31.543903],[-68.554812,-31.543932],[-68.554768,-31.543952],[-68.554536,-31.543996],[-68.554258,-31.544043],[-68.554109,-31.544059],[-68.553832,-31.544072],[-68.553797,-31.54409],[-68.553768,-31.544116]]]}},{"type":"Feature","properties":{"id":"m203","m2":23326},"geometry":{"type":"Polygon","coordinates":[[[-68.553768,-31.544116],[-68.553797,-31.54409],[-68.553832,-31.544072],[-68.554109,-31.544059],[-68.554258,-31.544043],[-68.554536,-31.543996],[-68.554768,-31.543952],[-68.554812,-31.543932],[-68.554848,-31.543903],[-68.554862,-31.543862],[-68.554931,-31.543218],[-68.554772,-31.543263],[-68.554649,-31.543296],[-68.554514,-31.543329],[-68.554414,-31.543347],[-68.554289,-31.543366],[-68.554154,-31.543386],[-68.554046,-31.543399],[-68.553904,-31.543411],[-68.553773,-31.543414],[-68.553613,-31.543413],[-68.553478,-31.543409],[-68.553304,-31.543404],[-68.553125,-31.543389],[-68.553069,-31.543386],[-68.552953,-31.543381],[-68.552898,-31.543899],[-68.552856,-31.544499],[-68.552845,-31.544641],[-68.552815,-31.544821],[-68.552802,-31.545015],[-68.5528,-31.54504],[-68.552793,-31.545116],[-68.552953,-31.545125],[-68.553055,-31.54513],[-68.553282,-31.545133],[-68.553384,-31.545132],[-68.553483,-31.545131],[-68.5536,-31.545127],[-68.553613,-31.545045],[-68.553719,-31.544345],[-68.553732,-31.544265],[-68.553746,-31.54419],[-68.553754,-31.544148],[-68.553768,-31.544116]]]}},{"type":"Feature","properties":{"id":"m204","m2":8428},"geometry":{"type":"Polygon","coordinates":[[[-68.553719,-31.544345],[-68.553613,-31.545045],[-68.5536,-31.545127],[-68.553769,-31.545114],[-68.553826,-31.545109],[-68.554006,-31.545092],[-68.554035,-31.545088],[-68.554224,-31.545062],[-68.554433,-31.54502],[-68.554613,-31.544972],[-68.554682,-31.544954],[-68.554787,-31.544339],[-68.554777,-31.544308],[-68.554763,-31.544287],[-68.55474,-31.54427],[-68.55471,-31.544257],[-68.554197,-31.544321],[-68.553719,-31.544345]]]}},{"type":"Feature","properties":{"id":"m205","m2":22821},"geometry":{"type":"Polygon","coordinates":[[[-68.554778,-31.541237],[-68.554851,-31.541203],[-68.555636,-31.540837],[-68.555686,-31.540813],[-68.556927,-31.540234],[-68.557277,-31.540071],[-68.557312,-31.540059],[-68.557353,-31.54005],[-68.557425,-31.540048],[-68.557537,-31.540057],[-68.557597,-31.54007],[-68.557644,-31.540085],[-68.557728,-31.540127],[-68.557749,-31.539999],[-68.557767,-31.539893],[-68.557832,-31.539505],[-68.557843,-31.539434],[-68.557856,-31.539356],[-68.557687,-31.539435],[-68.557666,-31.539444],[-68.553319,-31.541458],[-68.55313,-31.541542],[-68.553102,-31.54184],[-68.553154,-31.541874],[-68.553173,-31.541888],[-68.5532,-31.541903],[-68.553225,-31.541912],[-68.553253,-31.541921],[-68.553297,-31.541928],[-68.553433,-31.541865],[-68.554778,-31.541237]]]}},{"type":"Feature","properties":{"id":"m206","m2":7781},"geometry":{"type":"Polygon","coordinates":[[[-68.560605,-31.545711],[-68.56059,-31.545987],[-68.561826,-31.546042],[-68.561876,-31.546038],[-68.561904,-31.546023],[-68.561925,-31.546002],[-68.561934,-31.545953],[-68.561965,-31.545555],[-68.561951,-31.545519],[-68.561921,-31.545496],[-68.561897,-31.545489],[-68.561864,-31.545488],[-68.560619,-31.545441],[-68.560605,-31.545711]]]}},{"type":"Feature","properties":{"id":"m207","m2":5863},"geometry":{"type":"Polygon","coordinates":[[[-68.560605,-31.545711],[-68.560619,-31.545441],[-68.560634,-31.545142],[-68.559705,-31.545111],[-68.559672,-31.545126],[-68.559649,-31.545152],[-68.559642,-31.54519],[-68.559617,-31.545591],[-68.559619,-31.545629],[-68.559638,-31.545657],[-68.559665,-31.545668],[-68.560605,-31.545711]]]}},{"type":"Feature","properties":{"id":"m208","m2":62394},"geometry":{"type":"Polygon","coordinates":[[[-68.559383,-31.546944],[-68.558685,-31.547069],[-68.558485,-31.547105],[-68.558487,-31.547227],[-68.558486,-31.547269],[-68.558478,-31.547423],[-68.558465,-31.547699],[-68.558452,-31.547979],[-68.55844,-31.548234],[-68.558426,-31.548526],[-68.558404,-31.548991],[-68.5584,-31.549086],[-68.558373,-31.549663],[-68.5595,-31.549442],[-68.55955,-31.549437],[-68.559609,-31.549438],[-68.559657,-31.549448],[-68.559702,-31.549465],[-68.55996,-31.549587],[-68.559991,-31.549602],[-68.560022,-31.54961],[-68.560068,-31.549611],[-68.560108,-31.549605],[-68.560506,-31.549529],[-68.560552,-31.549505],[-68.560561,-31.549498],[-68.560591,-31.54948],[-68.560606,-31.549467],[-68.56062,-31.549447],[-68.56063,-31.549412],[-68.560634,-31.549391],[-68.560637,-31.54937],[-68.560637,-31.549334],[-68.560633,-31.549319],[-68.560603,-31.549198],[-68.56055,-31.548998],[-68.560539,-31.548939],[-68.560542,-31.548882],[-68.560587,-31.548643],[-68.56061,-31.548518],[-68.560636,-31.54838],[-68.560693,-31.548082],[-68.56072,-31.547939],[-68.560743,-31.547817],[-68.560801,-31.547511],[-68.560849,-31.547254],[-68.560852,-31.547218],[-68.56085,-31.547172],[-68.560799,-31.546974],[-68.560773,-31.546874],[-68.560767,-31.546853],[-68.560748,-31.546824],[-68.560731,-31.546805],[-68.560701,-31.546776],[-68.560688,-31.546772],[-68.560676,-31.546766],[-68.560656,-31.546755],[-68.560632,-31.546749],[-68.560609,-31.546746],[-68.560573,-31.546742],[-68.560527,-31.54675],[-68.559383,-31.546944]]]}},{"type":"Feature","properties":{"id":"m209","m2":7490},"geometry":{"type":"Polygon","coordinates":[[[-68.559383,-31.546944],[-68.560527,-31.54675],[-68.560573,-31.546742],[-68.560596,-31.546733],[-68.560613,-31.546725],[-68.56064,-31.546704],[-68.560647,-31.54668],[-68.560662,-31.54666],[-68.560681,-31.546648],[-68.560688,-31.546625],[-68.56069,-31.546619],[-68.560697,-31.546592],[-68.5607,-31.54657],[-68.560685,-31.546506],[-68.560636,-31.546296],[-68.559531,-31.54625],[-68.55948,-31.546258],[-68.559438,-31.546281],[-68.559417,-31.546306],[-68.559412,-31.546344],[-68.559383,-31.546944]]]}},{"type":"Feature","properties":{"id":"m210","m2":7798},"geometry":{"type":"Polygon","coordinates":[[[-68.557442,-31.541897],[-68.557361,-31.542401],[-68.558831,-31.542493],[-68.558885,-31.541989],[-68.557442,-31.541897]]]}},{"type":"Feature","properties":{"id":"m211","m2":8186},"geometry":{"type":"Polygon","coordinates":[[[-68.555271,-31.543123],[-68.555191,-31.543703],[-68.555197,-31.543733],[-68.555219,-31.543762],[-68.555247,-31.543783],[-68.555281,-31.543792],[-68.555347,-31.543788],[-68.555548,-31.543753],[-68.555759,-31.543729],[-68.555948,-31.54371],[-68.556146,-31.543698],[-68.556272,-31.5437],[-68.556376,-31.542947],[-68.556245,-31.542955],[-68.556126,-31.542967],[-68.555982,-31.542985],[-68.555843,-31.543004],[-68.555708,-31.543029],[-68.555532,-31.543065],[-68.555271,-31.543123]]]}},{"type":"Feature","properties":{"id":"m212","m2":23171},"geometry":{"type":"Polygon","coordinates":[[[-68.556376,-31.542947],[-68.556272,-31.5437],[-68.556256,-31.543882],[-68.556244,-31.543928],[-68.556218,-31.543961],[-68.556183,-31.543977],[-68.556138,-31.543988],[-68.555714,-31.544025],[-68.555223,-31.544103],[-68.555179,-31.544118],[-68.555146,-31.544146],[-68.555062,-31.544689],[-68.555042,-31.544843],[-68.555164,-31.544809],[-68.555264,-31.544782],[-68.555325,-31.544766],[-68.555467,-31.544734],[-68.555599,-31.544709],[-68.555714,-31.544691],[-68.555834,-31.544677],[-68.555989,-31.544663],[-68.556113,-31.544652],[-68.556249,-31.544647],[-68.556357,-31.544647],[-68.556544,-31.544654],[-68.556802,-31.544673],[-68.556953,-31.544687],[-68.556966,-31.544611],[-68.556986,-31.544496],[-68.557052,-31.544121],[-68.557057,-31.544094],[-68.557099,-31.543869],[-68.557116,-31.543779],[-68.557132,-31.543692],[-68.557151,-31.543594],[-68.557237,-31.54314],[-68.557272,-31.542956],[-68.557161,-31.542951],[-68.557083,-31.542947],[-68.556853,-31.542941],[-68.556599,-31.542941],[-68.556376,-31.542947]]]}},{"type":"Feature","properties":{"id":"m213","m2":8727},"geometry":{"type":"Polygon","coordinates":[[[-68.557272,-31.542956],[-68.557781,-31.542986],[-68.558258,-31.543014],[-68.558772,-31.543044],[-68.558831,-31.542493],[-68.557361,-31.542401],[-68.557298,-31.542794],[-68.557272,-31.542956]]]}},{"type":"Feature","properties":{"id":"m214","m2":4721},"geometry":{"type":"Polygon","coordinates":[[[-68.557272,-31.542956],[-68.557237,-31.54314],[-68.557151,-31.543594],[-68.557132,-31.543692],[-68.557116,-31.543779],[-68.557209,-31.543784],[-68.557473,-31.543798],[-68.557686,-31.54381],[-68.557781,-31.542986],[-68.557272,-31.542956]]]}},{"type":"Feature","properties":{"id":"m215","m2":4234},"geometry":{"type":"Polygon","coordinates":[[[-68.557781,-31.542986],[-68.557686,-31.54381],[-68.558003,-31.543827],[-68.558187,-31.543813],[-68.558258,-31.543014],[-68.557781,-31.542986]]]}},{"type":"Feature","properties":{"id":"m216","m2":4099},"geometry":{"type":"Polygon","coordinates":[[[-68.558258,-31.543014],[-68.558187,-31.543813],[-68.558549,-31.543786],[-68.558561,-31.543785],[-68.558692,-31.543775],[-68.558701,-31.54369],[-68.558772,-31.543044],[-68.558258,-31.543014]]]}},{"type":"Feature","properties":{"id":"m217","m2":11772},"geometry":{"type":"Polygon","coordinates":[[[-68.558772,-31.543044],[-68.560763,-31.543077],[-68.560795,-31.542755],[-68.56082,-31.542507],[-68.559626,-31.542499],[-68.558831,-31.542493],[-68.558772,-31.543044]]]}},{"type":"Feature","properties":{"id":"m218","m2":13507},"geometry":{"type":"Polygon","coordinates":[[[-68.558772,-31.543044],[-68.558701,-31.54369],[-68.558692,-31.543775],[-68.558816,-31.543766],[-68.559008,-31.543752],[-68.560547,-31.543641],[-68.560593,-31.543638],[-68.560709,-31.543629],[-68.560763,-31.543077],[-68.558772,-31.543044]]]}},{"type":"Feature","properties":{"id":"m219","m2":10390},"geometry":{"type":"Polygon","coordinates":[[[-68.560763,-31.543077],[-68.560709,-31.543629],[-68.560851,-31.543617],[-68.561482,-31.543564],[-68.561948,-31.543522],[-68.562028,-31.542798],[-68.560795,-31.542755],[-68.560763,-31.543077]]]}},{"type":"Feature","properties":{"id":"m220","m2":7355},"geometry":{"type":"Polygon","coordinates":[[[-68.563532,-31.545315],[-68.562336,-31.545528],[-68.562292,-31.545547],[-68.562263,-31.545575],[-68.56225,-31.545598],[-68.562249,-31.545614],[-68.562251,-31.545626],[-68.562343,-31.546033],[-68.562351,-31.546063],[-68.562369,-31.546082],[-68.562391,-31.546087],[-68.562423,-31.546085],[-68.562456,-31.54608],[-68.563493,-31.5459],[-68.563521,-31.54552],[-68.563532,-31.545315]]]}},{"type":"Feature","properties":{"id":"m221","m2":16964},"geometry":{"type":"Polygon","coordinates":[[[-68.563493,-31.5459],[-68.563488,-31.546009],[-68.563486,-31.546056],[-68.563501,-31.546122],[-68.563503,-31.546133],[-68.563511,-31.546176],[-68.563519,-31.546183],[-68.563574,-31.546182],[-68.563603,-31.546181],[-68.563643,-31.54618],[-68.563712,-31.546173],[-68.56372,-31.546172],[-68.564216,-31.546082],[-68.564526,-31.546018],[-68.565942,-31.545907],[-68.565984,-31.545903],[-68.56602,-31.5459],[-68.566139,-31.545891],[-68.56614,-31.545878],[-68.566148,-31.545742],[-68.56616,-31.54553],[-68.566172,-31.545294],[-68.564401,-31.545448],[-68.563521,-31.54552],[-68.563493,-31.5459]]]}},{"type":"Feature","properties":{"id":"m222","m2":8964},"geometry":{"type":"Polygon","coordinates":[[[-68.5567,-31.546076],[-68.556693,-31.546254],[-68.556671,-31.546801],[-68.556661,-31.547042],[-68.557538,-31.547075],[-68.557588,-31.546116],[-68.5567,-31.546076]]]}},{"type":"Feature","properties":{"id":"m223","m2":7939},"geometry":{"type":"Polygon","coordinates":[[[-68.557588,-31.546116],[-68.557538,-31.547075],[-68.558485,-31.547105],[-68.558299,-31.546458],[-68.558215,-31.546136],[-68.557588,-31.546116]]]}},{"type":"Feature","properties":{"id":"m224","m2":5748},"geometry":{"type":"Polygon","coordinates":[[[-68.558215,-31.546136],[-68.558299,-31.546458],[-68.559153,-31.546496],[-68.559181,-31.546483],[-68.5592,-31.54646],[-68.559211,-31.546432],[-68.559235,-31.54598],[-68.559219,-31.545956],[-68.559197,-31.545942],[-68.559179,-31.545935],[-68.559143,-31.54593],[-68.558278,-31.545894],[-68.558234,-31.54606],[-68.558215,-31.546136]]]}},{"type":"Feature","properties":{"id":"m225","m2":18277},"geometry":{"type":"Polygon","coordinates":[[[-68.561111,-31.539704],[-68.56251,-31.539778],[-68.56261,-31.539305],[-68.562667,-31.538714],[-68.562682,-31.538588],[-68.561872,-31.538533],[-68.561591,-31.538514],[-68.56139,-31.538501],[-68.561367,-31.538499],[-68.561229,-31.53849],[-68.561233,-31.538622],[-68.561111,-31.539704]]]}},{"type":"Feature","properties":{"id":"m226","m2":10715},"geometry":{"type":"Polygon","coordinates":[[[-68.561111,-31.539704],[-68.561049,-31.540303],[-68.561038,-31.540409],[-68.561168,-31.54043],[-68.561178,-31.540431],[-68.561248,-31.540438],[-68.562193,-31.540536],[-68.562343,-31.540552],[-68.56251,-31.539778],[-68.561111,-31.539704]]]}},{"type":"Feature","properties":{"id":"m227","m2":55037},"geometry":{"type":"Polygon","coordinates":[[[-68.561111,-31.539704],[-68.561233,-31.538622],[-68.561229,-31.53849],[-68.561093,-31.538481],[-68.559897,-31.5384],[-68.558071,-31.539256],[-68.558059,-31.539261],[-68.558017,-31.539281],[-68.557856,-31.539356],[-68.557843,-31.539434],[-68.557832,-31.539505],[-68.557767,-31.539893],[-68.557749,-31.539999],[-68.557728,-31.540127],[-68.557767,-31.540146],[-68.557805,-31.54016],[-68.557828,-31.540165],[-68.557848,-31.540169],[-68.557872,-31.540171],[-68.55791,-31.540174],[-68.559204,-31.540266],[-68.559334,-31.540275],[-68.559477,-31.540285],[-68.56013,-31.540332],[-68.560347,-31.540347],[-68.560819,-31.540381],[-68.560871,-31.540385],[-68.561038,-31.540409],[-68.561049,-31.540303],[-68.561111,-31.539704]]]}},{"type":"Feature","properties":{"id":"m228","m2":11018},"geometry":{"type":"Polygon","coordinates":[[[-68.56251,-31.539778],[-68.563383,-31.539824],[-68.563488,-31.539371],[-68.563538,-31.538771],[-68.563554,-31.538647],[-68.562682,-31.538588],[-68.562667,-31.538714],[-68.56261,-31.539305],[-68.56251,-31.539778]]]}},{"type":"Feature","properties":{"id":"m229","m2":7349},"geometry":{"type":"Polygon","coordinates":[[[-68.56251,-31.539778],[-68.562343,-31.540552],[-68.562562,-31.540575],[-68.563193,-31.540641],[-68.563383,-31.539824],[-68.56251,-31.539778]]]}},{"type":"Feature","properties":{"id":"m230","m2":20319},"geometry":{"type":"Polygon","coordinates":[[[-68.563383,-31.539824],[-68.564728,-31.53993],[-68.564763,-31.539895],[-68.564831,-31.539841],[-68.564899,-31.539784],[-68.564946,-31.539736],[-68.564975,-31.539697],[-68.565001,-31.539652],[-68.565052,-31.539543],[-68.56528,-31.538881],[-68.565314,-31.538765],[-68.564906,-31.538738],[-68.564894,-31.538737],[-68.56454,-31.538713],[-68.56369,-31.538656],[-68.563554,-31.538647],[-68.563538,-31.538771],[-68.563488,-31.539371],[-68.563383,-31.539824]]]}},{"type":"Feature","properties":{"id":"m231","m2":11391},"geometry":{"type":"Polygon","coordinates":[[[-68.563383,-31.539824],[-68.563193,-31.540641],[-68.56429,-31.540744],[-68.564463,-31.54076],[-68.564635,-31.540069],[-68.564653,-31.540022],[-68.564676,-31.539981],[-68.564728,-31.53993],[-68.563383,-31.539824]]]}},{"type":"Feature","properties":{"id":"m232","m2":49551},"geometry":{"type":"Polygon","coordinates":[[[-68.564728,-31.53993],[-68.564676,-31.539981],[-68.564653,-31.540022],[-68.564635,-31.540069],[-68.564463,-31.54076],[-68.564703,-31.540783],[-68.565199,-31.540829],[-68.56662,-31.54097],[-68.56679,-31.540987],[-68.566848,-31.540993],[-68.567081,-31.540118],[-68.567135,-31.539917],[-68.567313,-31.539109],[-68.567349,-31.53899],[-68.567391,-31.538852],[-68.567231,-31.538878],[-68.566868,-31.53887],[-68.566844,-31.538868],[-68.566532,-31.538847],[-68.566054,-31.538815],[-68.566015,-31.538812],[-68.565539,-31.53878],[-68.565511,-31.538778],[-68.565314,-31.538765],[-68.56528,-31.538881],[-68.565052,-31.539543],[-68.565001,-31.539652],[-68.564975,-31.539697],[-68.564946,-31.539736],[-68.564899,-31.539784],[-68.564831,-31.539841],[-68.564763,-31.539895],[-68.564728,-31.53993]]]}},{"type":"Feature","properties":{"id":"m233","m2":6839},"geometry":{"type":"Polygon","coordinates":[[[-68.558187,-31.543813],[-68.558003,-31.543827],[-68.557948,-31.544157],[-68.557832,-31.54473],[-68.558356,-31.544752],[-68.558518,-31.544759],[-68.558544,-31.544635],[-68.558591,-31.544413],[-68.558692,-31.543775],[-68.558561,-31.543785],[-68.558549,-31.543786],[-68.558187,-31.543813]]]}},{"type":"Feature","properties":{"id":"m234","m2":3185},"geometry":{"type":"Polygon","coordinates":[[[-68.558003,-31.543827],[-68.557686,-31.54381],[-68.557473,-31.543798],[-68.557209,-31.543784],[-68.557116,-31.543779],[-68.557099,-31.543869],[-68.557057,-31.544094],[-68.557052,-31.544121],[-68.557144,-31.544125],[-68.557948,-31.544157],[-68.558003,-31.543827]]]}},{"type":"Feature","properties":{"id":"m235","m2":5389},"geometry":{"type":"Polygon","coordinates":[[[-68.557948,-31.544157],[-68.557144,-31.544125],[-68.557052,-31.544121],[-68.556986,-31.544496],[-68.556966,-31.544611],[-68.556953,-31.544687],[-68.557083,-31.544698],[-68.557832,-31.54473],[-68.557948,-31.544157]]]}},{"type":"Feature","properties":{"id":"m236","m2":7265},"geometry":{"type":"Polygon","coordinates":[[[-68.563697,-31.543826],[-68.562547,-31.543772],[-68.56251,-31.543776],[-68.562479,-31.543789],[-68.56246,-31.54381],[-68.56245,-31.543827],[-68.562445,-31.543848],[-68.562416,-31.544259],[-68.562421,-31.544282],[-68.562427,-31.544306],[-68.562454,-31.544332],[-68.562483,-31.544347],[-68.56358,-31.54439],[-68.56368,-31.543909],[-68.563697,-31.543826]]]}},{"type":"Feature","properties":{"id":"m237","m2":18905},"geometry":{"type":"Polygon","coordinates":[[[-68.5645,-31.543912],[-68.564446,-31.544755],[-68.564433,-31.544954],[-68.564514,-31.544941],[-68.564521,-31.54494],[-68.566088,-31.544697],[-68.566099,-31.544696],[-68.566206,-31.544679],[-68.566239,-31.544073],[-68.566247,-31.543934],[-68.566262,-31.543673],[-68.566155,-31.543687],[-68.566144,-31.543689],[-68.56458,-31.543901],[-68.56457,-31.543902],[-68.5645,-31.543912]]]}},{"type":"Feature","properties":{"id":"m238","m2":6682},"geometry":{"type":"Polygon","coordinates":[[[-68.560347,-31.540347],[-68.56013,-31.540332],[-68.559477,-31.540285],[-68.559334,-31.540275],[-68.559322,-31.54038],[-68.559264,-31.540895],[-68.560279,-31.540969],[-68.560347,-31.540347]]]}},{"type":"Feature","properties":{"id":"m239","m2":10685},"geometry":{"type":"Polygon","coordinates":[[[-68.557728,-31.540127],[-68.557712,-31.540227],[-68.55771,-31.540238],[-68.557695,-31.540336],[-68.557624,-31.540774],[-68.559264,-31.540895],[-68.559322,-31.54038],[-68.559334,-31.540275],[-68.559204,-31.540266],[-68.55791,-31.540174],[-68.557872,-31.540171],[-68.557848,-31.540169],[-68.557828,-31.540165],[-68.557805,-31.54016],[-68.557767,-31.540146],[-68.557728,-31.540127]]]}},{"type":"Feature","properties":{"id":"m240","m2":1034},"geometry":{"type":"Polygon","coordinates":[[[-68.553459,-31.538212],[-68.553568,-31.538218],[-68.55386,-31.538233],[-68.553882,-31.538037],[-68.553887,-31.537991],[-68.553684,-31.53798],[-68.553479,-31.53797],[-68.553474,-31.538042],[-68.553459,-31.538212]]]}},{"type":"Feature","properties":{"id":"m241","m2":987},"geometry":{"type":"Polygon","coordinates":[[[-68.553459,-31.538212],[-68.553459,-31.538449],[-68.553549,-31.538455],[-68.553841,-31.538473],[-68.55386,-31.538233],[-68.553568,-31.538218],[-68.553459,-31.538212]]]}},{"type":"Feature","properties":{"id":"m242","m2":9339},"geometry":{"type":"Polygon","coordinates":[[[-68.548201,-31.544623],[-68.5483,-31.544643],[-68.548978,-31.544703],[-68.549328,-31.543477],[-68.548759,-31.54336],[-68.548201,-31.544623]]]}},{"type":"Feature","properties":{"id":"m243","m2":57619},"geometry":{"type":"Polygon","coordinates":[[[-68.548201,-31.544623],[-68.548057,-31.545104],[-68.549192,-31.545341],[-68.549007,-31.545994],[-68.547862,-31.545759],[-68.547847,-31.545808],[-68.547667,-31.546411],[-68.54882,-31.546651],[-68.548637,-31.547308],[-68.547559,-31.547087],[-68.547493,-31.547055],[-68.54731,-31.547732],[-68.547414,-31.547749],[-68.548449,-31.547968],[-68.548263,-31.548623],[-68.547133,-31.54839],[-68.546885,-31.549309],[-68.548194,-31.549231],[-68.548254,-31.549225],[-68.548316,-31.549216],[-68.548377,-31.549206],[-68.548438,-31.549195],[-68.548464,-31.549189],[-68.548499,-31.549182],[-68.548531,-31.549174],[-68.548537,-31.549169],[-68.548555,-31.549159],[-68.548605,-31.54907],[-68.54867,-31.548933],[-68.548737,-31.548782],[-68.548804,-31.548644],[-68.548874,-31.548392],[-68.54892,-31.548225],[-68.548968,-31.548054],[-68.549235,-31.54709],[-68.549261,-31.546997],[-68.549312,-31.546813],[-68.549567,-31.545892],[-68.549579,-31.545851],[-68.549679,-31.545488],[-68.549663,-31.545389],[-68.549723,-31.545098],[-68.549764,-31.544901],[-68.549771,-31.544867],[-68.549773,-31.544861],[-68.549784,-31.544804],[-68.549782,-31.5448],[-68.549759,-31.54479],[-68.549725,-31.544779],[-68.54969,-31.544769],[-68.549655,-31.544762],[-68.548978,-31.544703],[-68.5483,-31.544643],[-68.548201,-31.544623]]]}},{"type":"Feature","properties":{"id":"m244","m2":10995},"geometry":{"type":"Polygon","coordinates":[[[-68.548978,-31.544703],[-68.549655,-31.544762],[-68.549674,-31.544761],[-68.549697,-31.544759],[-68.54972,-31.544756],[-68.549743,-31.544753],[-68.549766,-31.544749],[-68.549781,-31.544746],[-68.549786,-31.544736],[-68.549794,-31.544726],[-68.549804,-31.544715],[-68.549815,-31.544708],[-68.549825,-31.544702],[-68.549825,-31.544702],[-68.549938,-31.544401],[-68.550022,-31.544127],[-68.550091,-31.544041],[-68.550201,-31.543636],[-68.550045,-31.543624],[-68.549328,-31.543477],[-68.548978,-31.544703]]]}},{"type":"Feature","properties":{"id":"m245","m2":8333},"geometry":{"type":"Polygon","coordinates":[[[-68.549192,-31.545341],[-68.548057,-31.545104],[-68.547862,-31.545759],[-68.549007,-31.545994],[-68.549192,-31.545341]]]}},{"type":"Feature","properties":{"id":"m246","m2":7940},"geometry":{"type":"Polygon","coordinates":[[[-68.549511,-31.542839],[-68.549328,-31.543477],[-68.550045,-31.543624],[-68.550201,-31.543636],[-68.550347,-31.542997],[-68.550337,-31.54293],[-68.550406,-31.542703],[-68.550428,-31.542588],[-68.550426,-31.542579],[-68.550369,-31.542603],[-68.550334,-31.542613],[-68.549511,-31.542839]]]}},{"type":"Feature","properties":{"id":"m247","m2":1591},"geometry":{"type":"Polygon","coordinates":[[[-68.549511,-31.542839],[-68.550334,-31.542613],[-68.550369,-31.542603],[-68.550426,-31.542579],[-68.550449,-31.542504],[-68.550435,-31.542497],[-68.550417,-31.542492],[-68.550398,-31.542489],[-68.550375,-31.542487],[-68.54907,-31.542851],[-68.549077,-31.54286],[-68.549084,-31.542877],[-68.549088,-31.542901],[-68.549087,-31.542921],[-68.54908,-31.542943],[-68.549066,-31.542961],[-68.549065,-31.542962],[-68.549115,-31.542948],[-68.549265,-31.542907],[-68.549511,-31.542839]]]}},{"type":"Feature","properties":{"id":"m248","m2":2981},"geometry":{"type":"Polygon","coordinates":[[[-68.549511,-31.542839],[-68.549265,-31.542907],[-68.549115,-31.542948],[-68.549065,-31.542962],[-68.549044,-31.542977],[-68.54902,-31.542985],[-68.548993,-31.542988],[-68.54897,-31.54299],[-68.548958,-31.543],[-68.548935,-31.543024],[-68.548917,-31.543046],[-68.548901,-31.543065],[-68.548881,-31.543094],[-68.548865,-31.543119],[-68.548759,-31.54336],[-68.549328,-31.543477],[-68.549511,-31.542839]]]}},{"type":"Feature","properties":{"id":"m249","m2":12339},"geometry":{"type":"Polygon","coordinates":[[[-68.551333,-31.545002],[-68.551101,-31.545812],[-68.551088,-31.545856],[-68.551,-31.546164],[-68.550679,-31.547289],[-68.551045,-31.547364],[-68.55115,-31.547387],[-68.551228,-31.547217],[-68.551264,-31.547138],[-68.551299,-31.547053],[-68.551338,-31.546948],[-68.551372,-31.546859],[-68.551412,-31.54674],[-68.551428,-31.546674],[-68.551446,-31.546599],[-68.551463,-31.546503],[-68.55149,-31.54637],[-68.551514,-31.54624],[-68.551546,-31.546068],[-68.551574,-31.545902],[-68.551601,-31.545746],[-68.551634,-31.545551],[-68.551654,-31.54543],[-68.551678,-31.545268],[-68.551685,-31.545168],[-68.55169,-31.545118],[-68.551697,-31.545048],[-68.551592,-31.545039],[-68.55154,-31.545034],[-68.551483,-31.545026],[-68.551333,-31.545002]]]}},{"type":"Feature","properties":{"id":"m250","m2":8476},"geometry":{"type":"Polygon","coordinates":[[[-68.551333,-31.545002],[-68.550655,-31.544896],[-68.550425,-31.545721],[-68.550409,-31.545778],[-68.550342,-31.546021],[-68.551,-31.546164],[-68.551088,-31.545856],[-68.551101,-31.545812],[-68.551333,-31.545002]]]}},{"type":"Feature","properties":{"id":"m251","m2":11160},"geometry":{"type":"Polygon","coordinates":[[[-68.551333,-31.545002],[-68.551483,-31.545026],[-68.55154,-31.545034],[-68.551592,-31.545039],[-68.551697,-31.545048],[-68.551704,-31.544974],[-68.551721,-31.544769],[-68.551732,-31.544547],[-68.551742,-31.544425],[-68.551761,-31.544277],[-68.551803,-31.543953],[-68.551701,-31.543935],[-68.550978,-31.543787],[-68.550655,-31.544896],[-68.551333,-31.545002]]]}},{"type":"Feature","properties":{"id":"m252","m2":8255},"geometry":{"type":"Polygon","coordinates":[[[-68.551,-31.546164],[-68.550342,-31.546021],[-68.550027,-31.547153],[-68.550679,-31.547289],[-68.551,-31.546164]]]}},{"type":"Feature","properties":{"id":"m253","m2":13335},"geometry":{"type":"Polygon","coordinates":[[[-68.550679,-31.547289],[-68.550027,-31.547153],[-68.549868,-31.547725],[-68.549685,-31.548384],[-68.550326,-31.54852],[-68.550458,-31.54855],[-68.550585,-31.54837],[-68.550704,-31.54819],[-68.550811,-31.548018],[-68.550928,-31.547818],[-68.551025,-31.547635],[-68.551091,-31.547506],[-68.55115,-31.547387],[-68.551045,-31.547364],[-68.550679,-31.547289]]]}},{"type":"Feature","properties":{"id":"m254","m2":25641},"geometry":{"type":"Polygon","coordinates":[[[-68.550844,-31.538709],[-68.549995,-31.540805],[-68.549974,-31.540862],[-68.550742,-31.540884],[-68.550832,-31.540886],[-68.550978,-31.54089],[-68.551001,-31.540807],[-68.551129,-31.54035],[-68.551602,-31.538663],[-68.551781,-31.53802],[-68.551819,-31.537885],[-68.551639,-31.537876],[-68.551609,-31.537875],[-68.551325,-31.537853],[-68.550851,-31.538693],[-68.550844,-31.538709]]]}},{"type":"Feature","properties":{"id":"m255","m2":9441},"geometry":{"type":"Polygon","coordinates":[[[-68.550201,-31.543636],[-68.550286,-31.543642],[-68.550342,-31.543654],[-68.550978,-31.543787],[-68.551266,-31.542797],[-68.551295,-31.542697],[-68.551167,-31.542669],[-68.550775,-31.542583],[-68.55073,-31.542578],[-68.550712,-31.542583],[-68.550683,-31.542586],[-68.550647,-31.542591],[-68.550609,-31.542597],[-68.55054,-31.542605],[-68.550532,-31.542614],[-68.550403,-31.542947],[-68.550347,-31.542997],[-68.550201,-31.543636]]]}},{"type":"Feature","properties":{"id":"m256","m2":9179},"geometry":{"type":"Polygon","coordinates":[[[-68.550201,-31.543636],[-68.550091,-31.544041],[-68.550107,-31.544137],[-68.550035,-31.544419],[-68.550004,-31.544546],[-68.549984,-31.544628],[-68.549977,-31.544661],[-68.549971,-31.544687],[-68.549959,-31.544738],[-68.549962,-31.544743],[-68.550306,-31.544841],[-68.550505,-31.544872],[-68.550655,-31.544896],[-68.550978,-31.543787],[-68.550342,-31.543654],[-68.550286,-31.543642],[-68.550201,-31.543636]]]}},{"type":"Feature","properties":{"id":"m257","m2":12181},"geometry":{"type":"Polygon","coordinates":[[[-68.550978,-31.543787],[-68.551701,-31.543935],[-68.551803,-31.543953],[-68.551844,-31.54357],[-68.551877,-31.54322],[-68.551912,-31.542869],[-68.551947,-31.542502],[-68.551978,-31.542167],[-68.551983,-31.542115],[-68.551923,-31.542152],[-68.551874,-31.542173],[-68.551788,-31.542198],[-68.551459,-31.542288],[-68.55144,-31.542295],[-68.551422,-31.542305],[-68.55141,-31.542314],[-68.551401,-31.542331],[-68.551295,-31.542697],[-68.551266,-31.542797],[-68.550978,-31.543787]]]}},{"type":"Feature","properties":{"id":"m258","m2":3255},"geometry":{"type":"Polygon","coordinates":[[[-68.551295,-31.542697],[-68.551401,-31.542331],[-68.55141,-31.542314],[-68.551422,-31.542305],[-68.55144,-31.542295],[-68.551459,-31.542288],[-68.551788,-31.542198],[-68.551874,-31.542173],[-68.551923,-31.542152],[-68.551983,-31.542115],[-68.551992,-31.542029],[-68.551966,-31.542041],[-68.551938,-31.542051],[-68.551915,-31.542058],[-68.550601,-31.542417],[-68.550565,-31.542534],[-68.550548,-31.542589],[-68.55054,-31.542605],[-68.550609,-31.542597],[-68.550647,-31.542591],[-68.550683,-31.542586],[-68.550712,-31.542583],[-68.55073,-31.542578],[-68.550775,-31.542583],[-68.551167,-31.542669],[-68.551295,-31.542697]]]}},{"type":"Feature","properties":{"id":"m259","m2":8956},"geometry":{"type":"Polygon","coordinates":[[[-68.550655,-31.544896],[-68.550505,-31.544872],[-68.550306,-31.544841],[-68.550192,-31.544838],[-68.550102,-31.544831],[-68.550048,-31.544828],[-68.550002,-31.544827],[-68.549946,-31.544826],[-68.54994,-31.544832],[-68.549932,-31.544838],[-68.54992,-31.544844],[-68.549898,-31.544914],[-68.549834,-31.54512],[-68.54975,-31.545405],[-68.549679,-31.545488],[-68.549579,-31.545851],[-68.54975,-31.545893],[-68.549795,-31.545903],[-68.549997,-31.545946],[-68.550342,-31.546021],[-68.550409,-31.545778],[-68.550425,-31.545721],[-68.550655,-31.544896]]]}},{"type":"Feature","properties":{"id":"m260","m2":9708},"geometry":{"type":"Polygon","coordinates":[[[-68.550342,-31.546021],[-68.549997,-31.545946],[-68.549795,-31.545903],[-68.54975,-31.545893],[-68.549579,-31.545851],[-68.549567,-31.545892],[-68.549312,-31.546813],[-68.549261,-31.546997],[-68.549435,-31.547034],[-68.550027,-31.547153],[-68.550342,-31.546021]]]}},{"type":"Feature","properties":{"id":"m261","m2":26786},"geometry":{"type":"Polygon","coordinates":[[[-68.556641,-31.533113],[-68.556742,-31.532946],[-68.556805,-31.532855],[-68.556853,-31.532793],[-68.556896,-31.532731],[-68.556944,-31.532656],[-68.556997,-31.532571],[-68.55704,-31.532496],[-68.557089,-31.532403],[-68.557137,-31.532309],[-68.557181,-31.53222],[-68.55722,-31.532141],[-68.557246,-31.532074],[-68.557272,-31.532002],[-68.557296,-31.531928],[-68.557313,-31.531867],[-68.557333,-31.531792],[-68.557347,-31.53173],[-68.557356,-31.53168],[-68.557364,-31.53161],[-68.55737,-31.531531],[-68.55737,-31.531455],[-68.557367,-31.53139],[-68.557362,-31.531331],[-68.557357,-31.531274],[-68.557347,-31.531205],[-68.557338,-31.531147],[-68.55733,-31.531104],[-68.55732,-31.531071],[-68.557309,-31.531035],[-68.557295,-31.530984],[-68.557278,-31.530934],[-68.557249,-31.530864],[-68.557097,-31.530542],[-68.557167,-31.530784],[-68.557182,-31.530837],[-68.557192,-31.530896],[-68.557198,-31.530948],[-68.5572,-31.530991],[-68.557195,-31.531054],[-68.557181,-31.531126],[-68.557164,-31.531188],[-68.557113,-31.531324],[-68.557051,-31.531497],[-68.556982,-31.531682],[-68.556901,-31.531893],[-68.556852,-31.532006],[-68.556794,-31.532128],[-68.556729,-31.532247],[-68.556647,-31.532368],[-68.556571,-31.53247],[-68.556395,-31.532697],[-68.556308,-31.532818],[-68.556171,-31.532992],[-68.556023,-31.533175],[-68.555934,-31.533278],[-68.555857,-31.53336],[-68.555793,-31.533423],[-68.555692,-31.533517],[-68.555579,-31.53362],[-68.555462,-31.533725],[-68.555288,-31.533879],[-68.555075,-31.534063],[-68.554879,-31.534231],[-68.554532,-31.534524],[-68.554441,-31.5346],[-68.554343,-31.534684],[-68.554195,-31.534806],[-68.554116,-31.534871],[-68.554026,-31.534949],[-68.55389,-31.535068],[-68.553787,-31.535155],[-68.553764,-31.535176],[-68.553666,-31.535261],[-68.553566,-31.535354],[-68.553448,-31.535469],[-68.553353,-31.535567],[-68.553258,-31.535678],[-68.553165,-31.535789],[-68.553114,-31.53585],[-68.553053,-31.535928],[-68.552997,-31.536002],[-68.552945,-31.536075],[-68.5529,-31.536147],[-68.55286,-31.536217],[-68.552816,-31.5363],[-68.552755,-31.536424],[-68.552715,-31.536507],[-68.552678,-31.536586],[-68.552639,-31.536681],[-68.552612,-31.536751],[-68.55257,-31.536877],[-68.552549,-31.536969],[-68.552528,-31.537064],[-68.552516,-31.537151],[-68.552508,-31.537235],[-68.552504,-31.537516],[-68.552533,-31.537369],[-68.552548,-31.537295],[-68.552565,-31.537224],[-68.552588,-31.537143],[-68.552609,-31.537084],[-68.552628,-31.537036],[-68.552654,-31.536985],[-68.552684,-31.536929],[-68.552711,-31.53688],[-68.552743,-31.536835],[-68.552776,-31.536787],[-68.552814,-31.53674],[-68.552885,-31.53666],[-68.552969,-31.53656],[-68.553043,-31.536474],[-68.5531,-31.536402],[-68.553167,-31.536317],[-68.553228,-31.536237],[-68.553284,-31.536161],[-68.553369,-31.536042],[-68.553431,-31.535953],[-68.553496,-31.535868],[-68.553546,-31.535804],[-68.553611,-31.535723],[-68.553681,-31.535642],[-68.553752,-31.535566],[-68.553845,-31.535475],[-68.553931,-31.535399],[-68.554102,-31.535265],[-68.554194,-31.535194],[-68.554363,-31.535076],[-68.554457,-31.534997],[-68.554558,-31.534912],[-68.554686,-31.534806],[-68.554763,-31.53474],[-68.554832,-31.534681],[-68.554934,-31.534596],[-68.555022,-31.534521],[-68.55517,-31.534396],[-68.555244,-31.534334],[-68.555332,-31.53426],[-68.555395,-31.534207],[-68.555478,-31.534136],[-68.555532,-31.534092],[-68.5556,-31.534033],[-68.555683,-31.533964],[-68.555764,-31.533894],[-68.555854,-31.533816],[-68.555973,-31.533716],[-68.556093,-31.533618],[-68.556167,-31.533555],[-68.556257,-31.53348],[-68.556347,-31.533402],[-68.556439,-31.533318],[-68.556508,-31.533251],[-68.55658,-31.533176],[-68.556641,-31.533113]]]}},{"type":"Feature","properties":{"id":"m262","m2":153558},"geometry":{"type":"Polygon","coordinates":[[[-68.557097,-31.530542],[-68.556922,-31.530095],[-68.556912,-31.530071],[-68.556874,-31.529979],[-68.556003,-31.53026],[-68.554646,-31.530698],[-68.554275,-31.530817],[-68.554091,-31.53087],[-68.553763,-31.530983],[-68.553715,-31.531152],[-68.553667,-31.531323],[-68.5534,-31.532269],[-68.553398,-31.532276],[-68.553296,-31.532639],[-68.553404,-31.532658],[-68.553449,-31.532663],[-68.553455,-31.532663],[-68.55347,-31.532664],[-68.553499,-31.532665],[-68.553584,-31.532668],[-68.55361,-31.532441],[-68.553636,-31.532226],[-68.553659,-31.532213],[-68.55371,-31.532214],[-68.553835,-31.532241],[-68.553896,-31.532243],[-68.553977,-31.532269],[-68.554002,-31.532294],[-68.553997,-31.532342],[-68.553865,-31.532755],[-68.553831,-31.53275],[-68.553774,-31.532747],[-68.553488,-31.532726],[-68.55346,-31.532724],[-68.553448,-31.532722],[-68.55344,-31.532721],[-68.553389,-31.532712],[-68.553282,-31.532689],[-68.552559,-31.535255],[-68.552474,-31.535558],[-68.552427,-31.535726],[-68.551905,-31.53758],[-68.551882,-31.537661],[-68.551854,-31.53776],[-68.552004,-31.537769],[-68.552447,-31.53779],[-68.552464,-31.537706],[-68.552504,-31.537516],[-68.552508,-31.537235],[-68.552516,-31.537151],[-68.552528,-31.537064],[-68.552549,-31.536969],[-68.55257,-31.536877],[-68.552612,-31.536751],[-68.552639,-31.536681],[-68.552678,-31.536586],[-68.552715,-31.536507],[-68.552755,-31.536424],[-68.552816,-31.5363],[-68.55286,-31.536217],[-68.5529,-31.536147],[-68.552945,-31.536075],[-68.552997,-31.536002],[-68.553053,-31.535928],[-68.553114,-31.53585],[-68.553165,-31.535789],[-68.553258,-31.535678],[-68.553353,-31.535567],[-68.553448,-31.535469],[-68.553566,-31.535354],[-68.553666,-31.535261],[-68.553764,-31.535176],[-68.553787,-31.535155],[-68.55389,-31.535068],[-68.554026,-31.534949],[-68.554116,-31.534871],[-68.554195,-31.534806],[-68.554343,-31.534684],[-68.554441,-31.5346],[-68.554532,-31.534524],[-68.554879,-31.534231],[-68.555075,-31.534063],[-68.555288,-31.533879],[-68.555462,-31.533725],[-68.555579,-31.53362],[-68.555692,-31.533517],[-68.555793,-31.533423],[-68.555857,-31.53336],[-68.555934,-31.533278],[-68.556023,-31.533175],[-68.556171,-31.532992],[-68.556308,-31.532818],[-68.556395,-31.532697],[-68.556571,-31.53247],[-68.556647,-31.532368],[-68.556729,-31.532247],[-68.556794,-31.532128],[-68.556852,-31.532006],[-68.556901,-31.531893],[-68.556982,-31.531682],[-68.557051,-31.531497],[-68.557113,-31.531324],[-68.557164,-31.531188],[-68.557181,-31.531126],[-68.557195,-31.531054],[-68.5572,-31.530991],[-68.557198,-31.530948],[-68.557192,-31.530896],[-68.557182,-31.530837],[-68.557167,-31.530784],[-68.557097,-31.530542]]]}},{"type":"Feature","properties":{"id":"m263","m2":43335},"geometry":{"type":"Polygon","coordinates":[[[-68.549795,-31.523086],[-68.549983,-31.523067],[-68.550079,-31.523065],[-68.550223,-31.523063],[-68.550353,-31.523062],[-68.550512,-31.523063],[-68.55063,-31.523066],[-68.550731,-31.523069],[-68.550852,-31.523074],[-68.551067,-31.52309],[-68.551209,-31.523103],[-68.55134,-31.523115],[-68.551451,-31.523131],[-68.551603,-31.523152],[-68.551715,-31.52317],[-68.551847,-31.523191],[-68.551971,-31.523214],[-68.551986,-31.523217],[-68.552132,-31.523244],[-68.552333,-31.523288],[-68.552514,-31.523332],[-68.552734,-31.523389],[-68.55292,-31.523441],[-68.553113,-31.523502],[-68.553279,-31.523559],[-68.553418,-31.523611],[-68.553551,-31.523657],[-68.553687,-31.523713],[-68.55383,-31.523777],[-68.553971,-31.523837],[-68.554117,-31.523906],[-68.554313,-31.524002],[-68.554467,-31.524084],[-68.554584,-31.524147],[-68.554643,-31.524181],[-68.554786,-31.524263],[-68.554839,-31.524206],[-68.554843,-31.524203],[-68.554962,-31.524064],[-68.554986,-31.523963],[-68.555016,-31.523833],[-68.555038,-31.523817],[-68.555073,-31.523814],[-68.555526,-31.523903],[-68.555599,-31.523917],[-68.555712,-31.523939],[-68.555764,-31.523765],[-68.555978,-31.522933],[-68.556047,-31.522665],[-68.555876,-31.522631],[-68.555825,-31.52262],[-68.555404,-31.522535],[-68.555297,-31.522519],[-68.554493,-31.522441],[-68.554179,-31.522411],[-68.554017,-31.522396],[-68.553914,-31.523209],[-68.553555,-31.523173],[-68.552816,-31.5231],[-68.552011,-31.52302],[-68.55171,-31.52299],[-68.550623,-31.522882],[-68.549468,-31.522767],[-68.549471,-31.522845],[-68.549454,-31.522945],[-68.549424,-31.52302],[-68.549398,-31.523099],[-68.549493,-31.523097],[-68.549519,-31.523096],[-68.549795,-31.523086]]]}},{"type":"Feature","properties":{"id":"m264","m2":12614},"geometry":{"type":"Polygon","coordinates":[[[-68.549578,-31.524037],[-68.5494,-31.524047],[-68.549369,-31.524051],[-68.549272,-31.524064],[-68.549261,-31.524146],[-68.549237,-31.524257],[-68.549197,-31.52436],[-68.549157,-31.524448],[-68.549344,-31.524468],[-68.550283,-31.524557],[-68.550592,-31.524586],[-68.550986,-31.524623],[-68.551496,-31.524672],[-68.551562,-31.524125],[-68.55141,-31.524103],[-68.551289,-31.524086],[-68.551175,-31.524073],[-68.551048,-31.524058],[-68.550952,-31.52405],[-68.550835,-31.52404],[-68.550726,-31.524035],[-68.550603,-31.524028],[-68.550471,-31.524023],[-68.550365,-31.524021],[-68.550253,-31.52402],[-68.550075,-31.524023],[-68.549935,-31.524026],[-68.549811,-31.524033],[-68.549724,-31.524037],[-68.549578,-31.524037]]]}},{"type":"Feature","properties":{"id":"m265","m2":2338},"geometry":{"type":"Polygon","coordinates":[[[-68.580738,-31.528336],[-68.580758,-31.528265],[-68.580676,-31.52826],[-68.580526,-31.528257],[-68.580508,-31.528256],[-68.579401,-31.528236],[-68.578083,-31.528213],[-68.577922,-31.52821],[-68.577796,-31.528208],[-68.577655,-31.528205],[-68.577642,-31.52828],[-68.577794,-31.528283],[-68.577825,-31.528284],[-68.579542,-31.528309],[-68.579686,-31.528311],[-68.580521,-31.528324],[-68.580658,-31.52833],[-68.580738,-31.528336]]]}},{"type":"Feature","properties":{"id":"m266","m2":1032},"geometry":{"type":"Polygon","coordinates":[[[-68.580738,-31.528336],[-68.580839,-31.528348],[-68.580876,-31.528352],[-68.580916,-31.528357],[-68.580929,-31.528358],[-68.581895,-31.528502],[-68.582061,-31.528529],[-68.582078,-31.528459],[-68.581911,-31.528432],[-68.581458,-31.52836],[-68.581166,-31.528319],[-68.581009,-31.528297],[-68.580893,-31.528281],[-68.580758,-31.528265],[-68.580738,-31.528336]]]}},{"type":"Feature","properties":{"id":"m267","m2":97240},"geometry":{"type":"Polygon","coordinates":[[[-68.580738,-31.528336],[-68.580658,-31.52833],[-68.580521,-31.528324],[-68.579686,-31.528311],[-68.579542,-31.528309],[-68.577825,-31.528284],[-68.577794,-31.528283],[-68.577642,-31.52828],[-68.577537,-31.528278],[-68.576893,-31.528265],[-68.576727,-31.528261],[-68.576635,-31.52826],[-68.576513,-31.528257],[-68.576513,-31.528371],[-68.576513,-31.528402],[-68.576514,-31.529179],[-68.576514,-31.529601],[-68.576515,-31.530028],[-68.576516,-31.530816],[-68.576493,-31.530932],[-68.576602,-31.530925],[-68.576627,-31.530921],[-68.576827,-31.53089],[-68.578902,-31.530568],[-68.57923,-31.530517],[-68.579302,-31.530506],[-68.579871,-31.530417],[-68.579942,-31.530406],[-68.580051,-31.53039],[-68.580165,-31.530372],[-68.580198,-31.530261],[-68.580263,-31.530031],[-68.580406,-31.529519],[-68.580469,-31.529296],[-68.58052,-31.529114],[-68.58053,-31.529079],[-68.58064,-31.528688],[-68.580692,-31.528502],[-68.580701,-31.528472],[-68.580738,-31.528336]]]}},{"type":"Feature","properties":{"id":"m268","m2":14382},"geometry":{"type":"Polygon","coordinates":[[[-68.580738,-31.528336],[-68.580701,-31.528472],[-68.580692,-31.528502],[-68.58064,-31.528688],[-68.58053,-31.529079],[-68.58052,-31.529114],[-68.580469,-31.529296],[-68.580625,-31.529322],[-68.581816,-31.529526],[-68.581981,-31.528852],[-68.582023,-31.528682],[-68.582034,-31.528638],[-68.582061,-31.528529],[-68.581895,-31.528502],[-68.580929,-31.528358],[-68.580916,-31.528357],[-68.580876,-31.528352],[-68.580839,-31.528348],[-68.580738,-31.528336]]]}},{"type":"Feature","properties":{"id":"m269","m2":127397},"geometry":{"type":"Polygon","coordinates":[[[-68.580758,-31.528265],[-68.580893,-31.528281],[-68.581009,-31.528297],[-68.581166,-31.528319],[-68.581458,-31.52836],[-68.58147,-31.528312],[-68.581481,-31.528286],[-68.581505,-31.528267],[-68.581531,-31.528257],[-68.581586,-31.528242],[-68.581667,-31.528224],[-68.582074,-31.528136],[-68.582348,-31.528097],[-68.582697,-31.528061],[-68.58309,-31.528036],[-68.58369,-31.528008],[-68.583737,-31.528007],[-68.583802,-31.528005],[-68.583936,-31.527511],[-68.584089,-31.52695],[-68.584237,-31.526406],[-68.583256,-31.526596],[-68.583213,-31.526591],[-68.583181,-31.526575],[-68.583158,-31.526558],[-68.583138,-31.526527],[-68.583106,-31.526284],[-68.583122,-31.525646],[-68.584303,-31.525666],[-68.584441,-31.525666],[-68.584601,-31.525069],[-68.584614,-31.525021],[-68.584669,-31.524819],[-68.584677,-31.524789],[-68.584827,-31.524237],[-68.584853,-31.524119],[-68.584898,-31.523954],[-68.584825,-31.523946],[-68.583555,-31.523819],[-68.582106,-31.523673],[-68.582092,-31.523672],[-68.582033,-31.523666],[-68.582027,-31.523683],[-68.582014,-31.523698],[-68.581996,-31.523707],[-68.581975,-31.523711],[-68.581955,-31.523709],[-68.581949,-31.523727],[-68.581943,-31.523751],[-68.581929,-31.523802],[-68.581845,-31.524114],[-68.581811,-31.524237],[-68.581675,-31.524739],[-68.581518,-31.525245],[-68.58147,-31.5254],[-68.581226,-31.526199],[-68.581215,-31.526254],[-68.580998,-31.527225],[-68.580805,-31.528089],[-68.580796,-31.528121],[-68.580758,-31.528265]]]}},{"type":"Feature","properties":{"id":"m270","m2":68404},"geometry":{"type":"Polygon","coordinates":[[[-68.580758,-31.528265],[-68.580796,-31.528121],[-68.580805,-31.528089],[-68.580998,-31.527225],[-68.581215,-31.526254],[-68.581113,-31.526238],[-68.581099,-31.526236],[-68.579785,-31.526028],[-68.579125,-31.525915],[-68.579042,-31.525901],[-68.579015,-31.525999],[-68.578931,-31.526314],[-68.578378,-31.52622],[-68.578313,-31.526209],[-68.578212,-31.526191],[-68.578148,-31.526417],[-68.578106,-31.526565],[-68.577932,-31.527176],[-68.577895,-31.527307],[-68.577814,-31.527591],[-68.577724,-31.527907],[-68.577679,-31.528068],[-68.577675,-31.528091],[-68.577655,-31.528205],[-68.577796,-31.528208],[-68.577922,-31.52821],[-68.578083,-31.528213],[-68.579401,-31.528236],[-68.580508,-31.528256],[-68.580526,-31.528257],[-68.580676,-31.52826],[-68.580758,-31.528265]]]}},{"type":"Feature","properties":{"id":"m271","m2":11278},"geometry":{"type":"Polygon","coordinates":[[[-68.594074,-31.547904],[-68.594047,-31.547778],[-68.594037,-31.547728],[-68.593818,-31.546696],[-68.593782,-31.546527],[-68.593675,-31.546553],[-68.593186,-31.546676],[-68.593058,-31.546707],[-68.59319,-31.547368],[-68.593322,-31.547968],[-68.593332,-31.548014],[-68.593356,-31.548121],[-68.593953,-31.547941],[-68.594074,-31.547904]]]}},{"type":"Feature","properties":{"id":"m272","m2":1783},"geometry":{"type":"Polygon","coordinates":[[[-68.573282,-31.539086],[-68.573093,-31.539095],[-68.573241,-31.54002],[-68.573415,-31.540003],[-68.573282,-31.539086]]]}},{"type":"Feature","properties":{"id":"m273","m2":7505},"geometry":{"type":"Polygon","coordinates":[[[-68.573282,-31.539086],[-68.573415,-31.540003],[-68.573552,-31.539989],[-68.573598,-31.539984],[-68.573656,-31.539979],[-68.573766,-31.539968],[-68.573868,-31.539957],[-68.57389,-31.539955],[-68.573981,-31.539946],[-68.573887,-31.539296],[-68.573828,-31.538895],[-68.573809,-31.538765],[-68.573679,-31.538767],[-68.573185,-31.538776],[-68.573087,-31.538778],[-68.572958,-31.53878],[-68.573188,-31.538886],[-68.57324,-31.538917],[-68.573247,-31.538927],[-68.573256,-31.538942],[-68.573282,-31.539086]]]}},{"type":"Feature","properties":{"id":"m274","m2":1476},"geometry":{"type":"Polygon","coordinates":[[[-68.573766,-31.539968],[-68.573852,-31.540602],[-68.573961,-31.540589],[-68.573981,-31.540588],[-68.574073,-31.540579],[-68.574047,-31.540399],[-68.573981,-31.539946],[-68.57389,-31.539955],[-68.573868,-31.539957],[-68.573766,-31.539968]]]}},{"type":"Feature","properties":{"id":"m275","m2":1144},"geometry":{"type":"Polygon","coordinates":[[[-68.573766,-31.539968],[-68.573656,-31.539979],[-68.573598,-31.539984],[-68.573682,-31.540619],[-68.573852,-31.540602],[-68.573766,-31.539968]]]}},{"type":"Feature","properties":{"id":"m276","m2":1230},"geometry":{"type":"Polygon","coordinates":[[[-68.573093,-31.539095],[-68.572973,-31.539099],[-68.573028,-31.539474],[-68.573058,-31.539656],[-68.573109,-31.54003],[-68.573241,-31.54002],[-68.573093,-31.539095]]]}},{"type":"Feature","properties":{"id":"m277","m2":1206},"geometry":{"type":"Polygon","coordinates":[[[-68.573415,-31.540003],[-68.573509,-31.540638],[-68.573682,-31.540619],[-68.573598,-31.539984],[-68.573552,-31.539989],[-68.573415,-31.540003]]]}},{"type":"Feature","properties":{"id":"m278","m2":1132},"geometry":{"type":"Polygon","coordinates":[[[-68.573415,-31.540003],[-68.573241,-31.54002],[-68.573327,-31.540579],[-68.573436,-31.540645],[-68.573509,-31.540638],[-68.573415,-31.540003]]]}},{"type":"Feature","properties":{"id":"m279","m2":46665},"geometry":{"type":"Polygon","coordinates":[[[-68.59442,-31.530657],[-68.594423,-31.530624],[-68.594423,-31.530596],[-68.594419,-31.53057],[-68.594414,-31.530542],[-68.594409,-31.530536],[-68.594384,-31.530518],[-68.594352,-31.530498],[-68.594329,-31.530488],[-68.594304,-31.530482],[-68.59422,-31.530469],[-68.59332,-31.53033],[-68.592849,-31.530258],[-68.592622,-31.530223],[-68.592464,-31.530199],[-68.591535,-31.530056],[-68.591496,-31.530049],[-68.591389,-31.530034],[-68.591375,-31.530128],[-68.591369,-31.530168],[-68.591602,-31.531279],[-68.591767,-31.532083],[-68.591868,-31.532065],[-68.591999,-31.532042],[-68.592086,-31.532028],[-68.592206,-31.532007],[-68.592445,-31.531965],[-68.593066,-31.531858],[-68.594013,-31.531693],[-68.594174,-31.531662],[-68.594198,-31.531571],[-68.594255,-31.531368],[-68.594251,-31.531273],[-68.594336,-31.530973],[-68.594415,-31.530699],[-68.59442,-31.530657]]]}},{"type":"Feature","properties":{"id":"m280","m2":1368},"geometry":{"type":"Polygon","coordinates":[[[-68.594601,-31.529937],[-68.594593,-31.530069],[-68.594697,-31.530082],[-68.594709,-31.530083],[-68.594855,-31.530103],[-68.594907,-31.53011],[-68.594984,-31.529733],[-68.594936,-31.529724],[-68.594779,-31.529696],[-68.594764,-31.529694],[-68.594654,-31.529677],[-68.594601,-31.529937]]]}},{"type":"Feature","properties":{"id":"m281","m2":111218},"geometry":{"type":"Polygon","coordinates":[[[-68.594601,-31.529937],[-68.594654,-31.529677],[-68.594707,-31.529412],[-68.594734,-31.529277],[-68.594757,-31.529146],[-68.594805,-31.52888],[-68.594863,-31.528579],[-68.594889,-31.528436],[-68.594919,-31.528276],[-68.594953,-31.528086],[-68.594998,-31.527825],[-68.595059,-31.527479],[-68.595091,-31.52729],[-68.595102,-31.527221],[-68.595122,-31.5271],[-68.59509,-31.527105],[-68.595066,-31.527108],[-68.59505,-31.527111],[-68.595036,-31.527114],[-68.594718,-31.527095],[-68.594347,-31.527065],[-68.591925,-31.526691],[-68.591701,-31.528194],[-68.59149,-31.529403],[-68.59142,-31.529836],[-68.591416,-31.529858],[-68.5914,-31.529961],[-68.591494,-31.529975],[-68.591828,-31.530028],[-68.591998,-31.530054],[-68.592864,-31.530189],[-68.593336,-31.530262],[-68.593794,-31.530334],[-68.594202,-31.530397],[-68.594226,-31.5304],[-68.594245,-31.530402],[-68.594296,-31.530405],[-68.594341,-31.530403],[-68.594387,-31.530398],[-68.594437,-31.530382],[-68.594449,-31.530373],[-68.594484,-31.530337],[-68.594503,-31.5303],[-68.594515,-31.530259],[-68.594531,-31.530189],[-68.594601,-31.529937]]]}},{"type":"Feature","properties":{"id":"m282","m2":25598},"geometry":{"type":"Polygon","coordinates":[[[-68.594593,-31.530069],[-68.594589,-31.530138],[-68.594588,-31.530229],[-68.594591,-31.530281],[-68.594601,-31.530322],[-68.594611,-31.530357],[-68.594628,-31.530406],[-68.594635,-31.530417],[-68.594752,-31.530455],[-68.594819,-31.530476],[-68.594894,-31.530496],[-68.594973,-31.530517],[-68.595081,-31.53054],[-68.595642,-31.530644],[-68.595966,-31.530703],[-68.596134,-31.530731],[-68.59629,-31.530758],[-68.596436,-31.530783],[-68.596647,-31.530819],[-68.596652,-31.530714],[-68.596659,-31.530681],[-68.59666,-31.530673],[-68.596664,-31.530654],[-68.596672,-31.530627],[-68.596708,-31.530592],[-68.596765,-31.530579],[-68.596848,-31.530578],[-68.596994,-31.530591],[-68.597052,-31.530579],[-68.597096,-31.530551],[-68.597128,-31.530503],[-68.597141,-31.530451],[-68.597227,-31.530074],[-68.59714,-31.530045],[-68.597042,-31.530002],[-68.596963,-31.529954],[-68.596892,-31.529899],[-68.596771,-31.529808],[-68.596675,-31.529748],[-68.596592,-31.529714],[-68.596491,-31.529682],[-68.5964,-31.529651],[-68.596294,-31.529624],[-68.59614,-31.529596],[-68.596028,-31.529581],[-68.595505,-31.52954],[-68.594826,-31.529431],[-68.594811,-31.529429],[-68.594707,-31.529412],[-68.594654,-31.529677],[-68.594764,-31.529694],[-68.594779,-31.529696],[-68.594936,-31.529724],[-68.594984,-31.529733],[-68.594907,-31.53011],[-68.594855,-31.530103],[-68.594709,-31.530083],[-68.594697,-31.530082],[-68.594593,-31.530069]]]}},{"type":"Feature","properties":{"id":"m283","m2":77283},"geometry":{"type":"Polygon","coordinates":[[[-68.584435,-31.518916],[-68.584399,-31.518414],[-68.58439,-31.518297],[-68.584357,-31.517833],[-68.5843,-31.517031],[-68.584273,-31.516654],[-68.584266,-31.516549],[-68.584264,-31.516522],[-68.584255,-31.516408],[-68.58414,-31.516417],[-68.584134,-31.516418],[-68.584013,-31.516439],[-68.583959,-31.516451],[-68.583904,-31.51647],[-68.583681,-31.516563],[-68.583154,-31.516782],[-68.582816,-31.516922],[-68.582655,-31.516991],[-68.582486,-31.517061],[-68.582421,-31.517088],[-68.582323,-31.517129],[-68.581709,-31.517385],[-68.580723,-31.517741],[-68.580659,-31.517764],[-68.580596,-31.517779],[-68.580507,-31.517801],[-68.580504,-31.517931],[-68.580503,-31.517979],[-68.580498,-31.51801],[-68.580476,-31.518088],[-68.580269,-31.518832],[-68.580225,-31.51899],[-68.58033,-31.518988],[-68.581484,-31.51897],[-68.582257,-31.518959],[-68.583083,-31.518943],[-68.584435,-31.518916]]]}},{"type":"Feature","properties":{"id":"m284","m2":17407},"geometry":{"type":"Polygon","coordinates":[[[-68.584435,-31.518916],[-68.585329,-31.518893],[-68.585408,-31.518903],[-68.585467,-31.51892],[-68.58552,-31.518937],[-68.585571,-31.518958],[-68.585631,-31.518987],[-68.586144,-31.519379],[-68.586739,-31.519815],[-68.586832,-31.519863],[-68.586825,-31.519728],[-68.58681,-31.519431],[-68.586799,-31.519202],[-68.586834,-31.518914],[-68.58685,-31.518782],[-68.586681,-31.518736],[-68.585969,-31.518542],[-68.585435,-31.518316],[-68.584558,-31.518399],[-68.584399,-31.518414],[-68.584435,-31.518916]]]}},{"type":"Feature","properties":{"id":"m285","m2":20252},"geometry":{"type":"Polygon","coordinates":[[[-68.584435,-31.518916],[-68.583083,-31.518943],[-68.583091,-31.519618],[-68.583516,-31.519613],[-68.583527,-31.519986],[-68.584301,-31.519975],[-68.584304,-31.5196],[-68.584733,-31.519594],[-68.585487,-31.51958],[-68.585467,-31.51892],[-68.585408,-31.518903],[-68.585329,-31.518893],[-68.584435,-31.518916]]]}},{"type":"Feature","properties":{"id":"m286","m2":26627},"geometry":{"type":"Polygon","coordinates":[[[-68.584399,-31.518414],[-68.584558,-31.518399],[-68.585435,-31.518316],[-68.585969,-31.518542],[-68.586681,-31.518736],[-68.58685,-31.518782],[-68.586867,-31.518641],[-68.586875,-31.518579],[-68.586968,-31.517903],[-68.586022,-31.518008],[-68.585947,-31.517448],[-68.587045,-31.517341],[-68.587052,-31.517267],[-68.58701,-31.516952],[-68.587004,-31.516902],[-68.586985,-31.516758],[-68.58563,-31.516897],[-68.585744,-31.517699],[-68.585094,-31.517762],[-68.584474,-31.517822],[-68.584357,-31.517833],[-68.58439,-31.518297],[-68.584399,-31.518414]]]}},{"type":"Feature","properties":{"id":"m287","m2":10039},"geometry":{"type":"Polygon","coordinates":[[[-68.584996,-31.511675],[-68.584838,-31.511673],[-68.584275,-31.511664],[-68.584108,-31.51274],[-68.584093,-31.512835],[-68.584126,-31.512854],[-68.584159,-31.512881],[-68.584213,-31.512926],[-68.584288,-31.513016],[-68.584313,-31.513021],[-68.584344,-31.513028],[-68.584377,-31.513032],[-68.58461,-31.513049],[-68.584765,-31.51306],[-68.58478,-31.512968],[-68.584815,-31.512758],[-68.584958,-31.511903],[-68.584994,-31.511684],[-68.584996,-31.511675]]]}},{"type":"Feature","properties":{"id":"m288","m2":128384},"geometry":{"type":"Polygon","coordinates":[[[-68.584996,-31.511675],[-68.584994,-31.511684],[-68.584958,-31.511903],[-68.584815,-31.512758],[-68.58478,-31.512968],[-68.584765,-31.51306],[-68.584757,-31.513101],[-68.584736,-31.513229],[-68.58469,-31.513504],[-68.584658,-31.513697],[-68.584582,-31.514145],[-68.584532,-31.514442],[-68.584508,-31.514587],[-68.584496,-31.514657],[-68.584378,-31.515358],[-68.584369,-31.515411],[-68.584326,-31.515669],[-68.584702,-31.51563],[-68.584733,-31.515633],[-68.584756,-31.515638],[-68.584779,-31.515646],[-68.584811,-31.515658],[-68.584844,-31.515666],[-68.584805,-31.515681],[-68.584764,-31.515706],[-68.584745,-31.515718],[-68.584719,-31.515736],[-68.584694,-31.515751],[-68.584661,-31.515762],[-68.584417,-31.515796],[-68.584305,-31.515812],[-68.584271,-31.516039],[-68.58426,-31.516123],[-68.584236,-31.516291],[-68.584255,-31.516408],[-68.584376,-31.516398],[-68.5844,-31.516396],[-68.586724,-31.516165],[-68.58671,-31.516071],[-68.58671,-31.516067],[-68.586733,-31.516006],[-68.586692,-31.515701],[-68.586682,-31.515177],[-68.586716,-31.514788],[-68.586734,-31.514587],[-68.586683,-31.514308],[-68.58672,-31.512361],[-68.587124,-31.512365],[-68.587537,-31.512369],[-68.587588,-31.512381],[-68.588381,-31.512577],[-68.5886,-31.51193],[-68.588799,-31.511364],[-68.587733,-31.511364],[-68.587475,-31.511354],[-68.587256,-31.511344],[-68.585162,-31.511352],[-68.58505,-31.511353],[-68.584996,-31.511675]]]}},{"type":"Feature","properties":{"id":"m289","m2":17934},"geometry":{"type":"Polygon","coordinates":[[[-68.584275,-31.511664],[-68.583873,-31.51166],[-68.58378,-31.511666],[-68.583696,-31.51168],[-68.583612,-31.511701],[-68.583464,-31.511746],[-68.583341,-31.511787],[-68.583276,-31.511805],[-68.583177,-31.511832],[-68.583077,-31.511856],[-68.582918,-31.511887],[-68.582855,-31.511898],[-68.58269,-31.511921],[-68.582457,-31.511938],[-68.58246,-31.512774],[-68.583847,-31.512763],[-68.583932,-31.512766],[-68.583969,-31.512776],[-68.584,-31.512789],[-68.584055,-31.512816],[-68.584084,-31.51283],[-68.584093,-31.512835],[-68.584108,-31.51274],[-68.584275,-31.511664]]]}},{"type":"Feature","properties":{"id":"m290","m2":14716},"geometry":{"type":"Polygon","coordinates":[[[-68.582457,-31.511938],[-68.581984,-31.511936],[-68.58188,-31.511932],[-68.581784,-31.511925],[-68.581687,-31.511913],[-68.581565,-31.511894],[-68.581444,-31.511873],[-68.581239,-31.511828],[-68.580991,-31.511764],[-68.580946,-31.511748],[-68.580897,-31.51173],[-68.580907,-31.512787],[-68.5823,-31.512775],[-68.58246,-31.512774],[-68.582457,-31.511938]]]}},{"type":"Feature","properties":{"id":"m291","m2":6982},"geometry":{"type":"Polygon","coordinates":[[[-68.582457,-31.511938],[-68.582454,-31.511452],[-68.580894,-31.511465],[-68.580897,-31.51173],[-68.580946,-31.511748],[-68.580991,-31.511764],[-68.581239,-31.511828],[-68.581444,-31.511873],[-68.581565,-31.511894],[-68.581687,-31.511913],[-68.581784,-31.511925],[-68.58188,-31.511932],[-68.581984,-31.511936],[-68.582457,-31.511938]]]}},{"type":"Feature","properties":{"id":"m292","m2":17174},"geometry":{"type":"Polygon","coordinates":[[[-68.580897,-31.51173],[-68.580823,-31.511701],[-68.580773,-31.511687],[-68.580687,-31.511674],[-68.580537,-31.511669],[-68.580387,-31.511668],[-68.580237,-31.51167],[-68.580087,-31.511677],[-68.57996,-31.51169],[-68.579839,-31.511712],[-68.57976,-31.511728],[-68.579696,-31.511746],[-68.579645,-31.511765],[-68.5796,-31.511785],[-68.579562,-31.51181],[-68.579518,-31.51185],[-68.57944,-31.511933],[-68.579412,-31.511968],[-68.579386,-31.512007],[-68.579358,-31.512067],[-68.579337,-31.512126],[-68.579327,-31.512167],[-68.579321,-31.512195],[-68.579314,-31.512243],[-68.579315,-31.512294],[-68.579318,-31.512322],[-68.57932,-31.512334],[-68.579327,-31.512374],[-68.579338,-31.512424],[-68.579349,-31.512466],[-68.579363,-31.512509],[-68.579386,-31.51257],[-68.57941,-31.512612],[-68.579441,-31.512651],[-68.579471,-31.512682],[-68.57952,-31.512719],[-68.579569,-31.51275],[-68.579643,-31.512795],[-68.579823,-31.512794],[-68.580702,-31.512789],[-68.580907,-31.512787],[-68.580897,-31.51173]]]}},{"type":"Feature","properties":{"id":"m293","m2":15982},"geometry":{"type":"Polygon","coordinates":[[[-68.579839,-31.511712],[-68.579766,-31.511716],[-68.579622,-31.51172],[-68.579527,-31.51172],[-68.578193,-31.511766],[-68.578219,-31.512582],[-68.57823,-31.513283],[-68.578355,-31.513251],[-68.578717,-31.513158],[-68.578722,-31.513115],[-68.578731,-31.513081],[-68.578734,-31.513073],[-68.578756,-31.513007],[-68.578786,-31.512958],[-68.578824,-31.512911],[-68.578875,-31.512867],[-68.578929,-31.512833],[-68.578986,-31.512813],[-68.579049,-31.512801],[-68.579105,-31.512798],[-68.579301,-31.512797],[-68.579427,-31.512797],[-68.579643,-31.512795],[-68.579569,-31.51275],[-68.57952,-31.512719],[-68.579471,-31.512682],[-68.579441,-31.512651],[-68.57941,-31.512612],[-68.579386,-31.51257],[-68.579363,-31.512509],[-68.579349,-31.512466],[-68.579338,-31.512424],[-68.579327,-31.512374],[-68.57932,-31.512334],[-68.579318,-31.512322],[-68.579315,-31.512294],[-68.579314,-31.512243],[-68.579321,-31.512195],[-68.579327,-31.512167],[-68.579337,-31.512126],[-68.579358,-31.512067],[-68.579386,-31.512007],[-68.579412,-31.511968],[-68.57944,-31.511933],[-68.579518,-31.51185],[-68.579562,-31.51181],[-68.5796,-31.511785],[-68.579645,-31.511765],[-68.579696,-31.511746],[-68.57976,-31.511728],[-68.579839,-31.511712]]]}},{"type":"Feature","properties":{"id":"m294","m2":7653},"geometry":{"type":"Polygon","coordinates":[[[-68.578193,-31.511766],[-68.577303,-31.511783],[-68.577325,-31.512596],[-68.578219,-31.512582],[-68.578193,-31.511766]]]}},{"type":"Feature","properties":{"id":"m295","m2":6785},"geometry":{"type":"Polygon","coordinates":[[[-68.577303,-31.511783],[-68.576514,-31.511799],[-68.576533,-31.512613],[-68.577325,-31.512596],[-68.577303,-31.511783]]]}},{"type":"Feature","properties":{"id":"m296","m2":6406},"geometry":{"type":"Polygon","coordinates":[[[-68.576514,-31.511799],[-68.575769,-31.511812],[-68.575788,-31.512629],[-68.576533,-31.512613],[-68.576514,-31.511799]]]}},{"type":"Feature","properties":{"id":"m297","m2":18097},"geometry":{"type":"Polygon","coordinates":[[[-68.575769,-31.511812],[-68.573816,-31.511906],[-68.573657,-31.511913],[-68.57366,-31.511996],[-68.573671,-31.512396],[-68.573681,-31.512722],[-68.573836,-31.512715],[-68.575788,-31.512629],[-68.575769,-31.511812]]]}},{"type":"Feature","properties":{"id":"m298","m2":130548},"geometry":{"type":"Polygon","coordinates":[[[-68.573657,-31.511913],[-68.573655,-31.51181],[-68.573653,-31.511766],[-68.573645,-31.511482],[-68.573643,-31.511342],[-68.573642,-31.511313],[-68.573639,-31.511192],[-68.573587,-31.511005],[-68.573573,-31.510947],[-68.573545,-31.510834],[-68.573436,-31.510835],[-68.573364,-31.510835],[-68.573163,-31.510835],[-68.571251,-31.510839],[-68.567585,-31.510848],[-68.567524,-31.510848],[-68.567526,-31.510923],[-68.567527,-31.510931],[-68.567529,-31.510972],[-68.567547,-31.511293],[-68.567377,-31.511295],[-68.56729,-31.511297],[-68.56728,-31.511297],[-68.56718,-31.511298],[-68.567186,-31.511412],[-68.567199,-31.511662],[-68.5672,-31.511686],[-68.567204,-31.511744],[-68.567206,-31.511778],[-68.567262,-31.512801],[-68.56727,-31.512955],[-68.567275,-31.513041],[-68.567276,-31.513066],[-68.567283,-31.513232],[-68.56745,-31.513213],[-68.567577,-31.513197],[-68.567895,-31.513158],[-68.568,-31.513145],[-68.568202,-31.513122],[-68.568352,-31.513106],[-68.569378,-31.513042],[-68.569356,-31.513005],[-68.569347,-31.512976],[-68.569341,-31.51295],[-68.569336,-31.512911],[-68.569333,-31.512881],[-68.56933,-31.512852],[-68.569328,-31.512828],[-68.569329,-31.512804],[-68.569333,-31.512778],[-68.569349,-31.512741],[-68.569367,-31.512707],[-68.56939,-31.512672],[-68.56941,-31.512641],[-68.569422,-31.512607],[-68.569426,-31.51258],[-68.569428,-31.512552],[-68.569413,-31.512481],[-68.5694,-31.512448],[-68.569392,-31.512427],[-68.569373,-31.512369],[-68.569331,-31.512203],[-68.569324,-31.512176],[-68.569318,-31.512141],[-68.569314,-31.512108],[-68.569311,-31.512082],[-68.569306,-31.511811],[-68.569339,-31.511806],[-68.569372,-31.5118],[-68.569687,-31.511738],[-68.569918,-31.511721],[-68.569916,-31.511855],[-68.569914,-31.511906],[-68.569911,-31.51199],[-68.569914,-31.512039],[-68.569921,-31.512088],[-68.569931,-31.512136],[-68.569971,-31.512277],[-68.570037,-31.512483],[-68.570063,-31.512518],[-68.570087,-31.512541],[-68.570114,-31.512562],[-68.570155,-31.512596],[-68.570189,-31.512632],[-68.570217,-31.512668],[-68.570241,-31.512705],[-68.570293,-31.512794],[-68.570309,-31.512834],[-68.570318,-31.512863],[-68.570465,-31.512856],[-68.571559,-31.512804],[-68.571736,-31.512796],[-68.573555,-31.512727],[-68.573681,-31.512722],[-68.573671,-31.512396],[-68.57366,-31.511996],[-68.573657,-31.511913]]]}},{"type":"Feature","properties":{"id":"m299","m2":9553},"geometry":{"type":"Polygon","coordinates":[[[-68.580907,-31.512787],[-68.580913,-31.513372],[-68.581095,-31.51337],[-68.582463,-31.513358],[-68.58246,-31.512774],[-68.5823,-31.512775],[-68.580907,-31.512787]]]}},{"type":"Feature","properties":{"id":"m300","m2":6455},"geometry":{"type":"Polygon","coordinates":[[[-68.580907,-31.512787],[-68.580702,-31.512789],[-68.579823,-31.512794],[-68.579643,-31.512795],[-68.579667,-31.512812],[-68.579692,-31.512834],[-68.579723,-31.512868],[-68.579744,-31.512897],[-68.580037,-31.513367],[-68.580083,-31.51337],[-68.58013,-31.513373],[-68.580167,-31.513374],[-68.580243,-31.513374],[-68.580913,-31.513372],[-68.580907,-31.512787]]]}},{"type":"Feature","properties":{"id":"m301","m2":15790},"geometry":{"type":"Polygon","coordinates":[[[-68.580913,-31.513372],[-68.580924,-31.514489],[-68.581117,-31.514481],[-68.581184,-31.514474],[-68.581249,-31.514461],[-68.581316,-31.514444],[-68.581386,-31.514421],[-68.581455,-31.514394],[-68.581531,-31.514364],[-68.581614,-31.514332],[-68.581695,-31.514304],[-68.581765,-31.514284],[-68.581838,-31.514265],[-68.581932,-31.514246],[-68.581997,-31.514236],[-68.582061,-31.51423],[-68.582194,-31.514223],[-68.582386,-31.514217],[-68.582467,-31.514216],[-68.582463,-31.513358],[-68.581095,-31.51337],[-68.580913,-31.513372]]]}},{"type":"Feature","properties":{"id":"m302","m2":8567},"geometry":{"type":"Polygon","coordinates":[[[-68.580913,-31.513372],[-68.580243,-31.513374],[-68.580167,-31.513374],[-68.58013,-31.513373],[-68.580083,-31.51337],[-68.580037,-31.513367],[-68.580115,-31.513517],[-68.580139,-31.513566],[-68.580153,-31.513619],[-68.580166,-31.513678],[-68.580171,-31.513719],[-68.580173,-31.514242],[-68.580217,-31.514301],[-68.580268,-31.51435],[-68.580323,-31.514386],[-68.580375,-31.514412],[-68.580434,-31.514437],[-68.580506,-31.514458],[-68.580573,-31.514471],[-68.580666,-31.514485],[-68.580792,-31.51449],[-68.580924,-31.514489],[-68.580913,-31.513372]]]}},{"type":"Feature","properties":{"id":"m303","m2":200831},"geometry":{"type":"Polygon","coordinates":[[[-68.580924,-31.514489],[-68.580792,-31.51449],[-68.580666,-31.514485],[-68.580573,-31.514471],[-68.580506,-31.514458],[-68.580434,-31.514437],[-68.580375,-31.514412],[-68.580323,-31.514386],[-68.580268,-31.51435],[-68.580217,-31.514301],[-68.580173,-31.514242],[-68.580171,-31.513719],[-68.580166,-31.513678],[-68.580153,-31.513619],[-68.580139,-31.513566],[-68.580115,-31.513517],[-68.580037,-31.513367],[-68.579967,-31.513358],[-68.579918,-31.513352],[-68.579887,-31.513351],[-68.579862,-31.513351],[-68.579345,-31.513421],[-68.579232,-31.513437],[-68.579143,-31.513445],[-68.579075,-31.513446],[-68.578999,-31.513435],[-68.578933,-31.513417],[-68.578876,-31.513386],[-68.578825,-31.513346],[-68.578763,-31.513277],[-68.578748,-31.513247],[-68.578734,-31.51322],[-68.57872,-31.513183],[-68.578717,-31.513158],[-68.578355,-31.513251],[-68.57823,-31.513283],[-68.578202,-31.514193],[-68.57888,-31.514207],[-68.578868,-31.514795],[-68.578857,-31.515373],[-68.578845,-31.515976],[-68.578033,-31.515966],[-68.578085,-31.516291],[-68.578241,-31.516899],[-68.578296,-31.517308],[-68.578351,-31.517908],[-68.578374,-31.518172],[-68.578409,-31.518308],[-68.578431,-31.518303],[-68.579686,-31.517999],[-68.579825,-31.517966],[-68.580296,-31.517852],[-68.580315,-31.517847],[-68.580507,-31.517801],[-68.580596,-31.517779],[-68.580659,-31.517764],[-68.580723,-31.517741],[-68.581709,-31.517385],[-68.582323,-31.517129],[-68.582322,-31.516958],[-68.582321,-31.516905],[-68.582322,-31.516821],[-68.58231,-31.51682],[-68.582278,-31.516806],[-68.582257,-31.51679],[-68.582234,-31.516762],[-68.582238,-31.516112],[-68.581773,-31.516112],[-68.581715,-31.516094],[-68.581695,-31.51606],[-68.5817,-31.515519],[-68.582497,-31.515524],[-68.582496,-31.516116],[-68.582493,-31.516773],[-68.582487,-31.516791],[-68.582471,-31.516804],[-68.582443,-31.516818],[-68.58242,-31.516824],[-68.582421,-31.516905],[-68.582421,-31.516958],[-68.582421,-31.516993],[-68.582421,-31.517088],[-68.582486,-31.517061],[-68.582655,-31.516991],[-68.582816,-31.516922],[-68.583154,-31.516782],[-68.583681,-31.516563],[-68.583904,-31.51647],[-68.583959,-31.516451],[-68.584013,-31.516439],[-68.584134,-31.516418],[-68.58414,-31.516417],[-68.584255,-31.516408],[-68.584236,-31.516291],[-68.58426,-31.516123],[-68.584271,-31.516039],[-68.584305,-31.515812],[-68.584326,-31.515669],[-68.584369,-31.515411],[-68.584378,-31.515358],[-68.584496,-31.514657],[-68.584508,-31.514587],[-68.584532,-31.514442],[-68.584386,-31.514445],[-68.583825,-31.514456],[-68.583726,-31.514458],[-68.583663,-31.514459],[-68.583569,-31.514451],[-68.583475,-31.514439],[-68.58341,-31.514423],[-68.583281,-31.51438],[-68.583055,-31.514294],[-68.582974,-31.514268],[-68.582892,-31.514248],[-68.582804,-31.514231],[-68.582712,-31.514221],[-68.58264,-31.514216],[-68.582467,-31.514216],[-68.582386,-31.514217],[-68.582194,-31.514223],[-68.582061,-31.51423],[-68.581997,-31.514236],[-68.581932,-31.514246],[-68.581838,-31.514265],[-68.581765,-31.514284],[-68.581695,-31.514304],[-68.581614,-31.514332],[-68.581531,-31.514364],[-68.581455,-31.514394],[-68.581386,-31.514421],[-68.581316,-31.514444],[-68.581249,-31.514461],[-68.581184,-31.514474],[-68.581117,-31.514481],[-68.580924,-31.514489]]]}},{"type":"Feature","properties":{"id":"m304","m2":15071},"geometry":{"type":"Polygon","coordinates":[[[-68.582467,-31.514216],[-68.58264,-31.514216],[-68.582712,-31.514221],[-68.582804,-31.514231],[-68.582892,-31.514248],[-68.582974,-31.514268],[-68.583055,-31.514294],[-68.583281,-31.51438],[-68.58341,-31.514423],[-68.583475,-31.514439],[-68.583569,-31.514451],[-68.583663,-31.514459],[-68.583726,-31.514458],[-68.583825,-31.514456],[-68.583977,-31.51337],[-68.583988,-31.51329],[-68.583977,-31.513295],[-68.583954,-31.513304],[-68.58389,-31.513326],[-68.583835,-31.513341],[-68.583727,-31.513342],[-68.58262,-31.513356],[-68.582463,-31.513358],[-68.582467,-31.514216]]]}},{"type":"Feature","properties":{"id":"m305","m2":10073},"geometry":{"type":"Polygon","coordinates":[[[-68.583825,-31.514456],[-68.584386,-31.514445],[-68.584532,-31.514442],[-68.584582,-31.514145],[-68.584658,-31.513697],[-68.58469,-31.513504],[-68.584736,-31.513229],[-68.584757,-31.513101],[-68.584405,-31.513075],[-68.584368,-31.513074],[-68.584327,-31.51308],[-68.584281,-31.513091],[-68.584207,-31.513158],[-68.584124,-31.513218],[-68.584047,-31.513263],[-68.584005,-31.513283],[-68.583988,-31.51329],[-68.583977,-31.51337],[-68.583825,-31.514456]]]}},{"type":"Feature","properties":{"id":"m306","m2":5684},"geometry":{"type":"Polygon","coordinates":[[[-68.57655,-31.513339],[-68.576533,-31.512613],[-68.575788,-31.512629],[-68.575807,-31.513353],[-68.575986,-31.513349],[-68.57655,-31.513339]]]}},{"type":"Feature","properties":{"id":"m307","m2":143371},"geometry":{"type":"Polygon","coordinates":[[[-68.57655,-31.513339],[-68.575986,-31.513349],[-68.575807,-31.513353],[-68.575815,-31.513528],[-68.575849,-31.514633],[-68.575872,-31.515538],[-68.575924,-31.517552],[-68.575927,-31.51842],[-68.575928,-31.518729],[-68.575932,-31.518908],[-68.576152,-31.518855],[-68.578229,-31.518352],[-68.578343,-31.518324],[-68.578409,-31.518308],[-68.578374,-31.518172],[-68.578351,-31.517908],[-68.578296,-31.517308],[-68.578241,-31.516899],[-68.578085,-31.516291],[-68.578033,-31.515966],[-68.578845,-31.515976],[-68.578857,-31.515373],[-68.578868,-31.514795],[-68.57888,-31.514207],[-68.578202,-31.514193],[-68.57823,-31.513283],[-68.578052,-31.513311],[-68.57734,-31.513324],[-68.57655,-31.513339]]]}},{"type":"Feature","properties":{"id":"m308","m2":6067},"geometry":{"type":"Polygon","coordinates":[[[-68.57655,-31.513339],[-68.57734,-31.513324],[-68.577325,-31.512596],[-68.576533,-31.512613],[-68.57655,-31.513339]]]}},{"type":"Feature","properties":{"id":"m309","m2":6823},"geometry":{"type":"Polygon","coordinates":[[[-68.580037,-31.513367],[-68.579744,-31.512897],[-68.579723,-31.512868],[-68.579692,-31.512834],[-68.579667,-31.512812],[-68.579643,-31.512795],[-68.579427,-31.512797],[-68.579301,-31.512797],[-68.579105,-31.512798],[-68.579049,-31.512801],[-68.578986,-31.512813],[-68.578929,-31.512833],[-68.578875,-31.512867],[-68.578824,-31.512911],[-68.578786,-31.512958],[-68.578756,-31.513007],[-68.578734,-31.513073],[-68.578731,-31.513081],[-68.578722,-31.513115],[-68.578717,-31.513158],[-68.57872,-31.513183],[-68.578734,-31.51322],[-68.578748,-31.513247],[-68.578763,-31.513277],[-68.578825,-31.513346],[-68.578876,-31.513386],[-68.578933,-31.513417],[-68.578999,-31.513435],[-68.579075,-31.513446],[-68.579143,-31.513445],[-68.579232,-31.513437],[-68.579345,-31.513421],[-68.579862,-31.513351],[-68.579887,-31.513351],[-68.579918,-31.513352],[-68.579967,-31.513358],[-68.580037,-31.513367]]]}},{"type":"Feature","properties":{"id":"m310","m2":6815},"geometry":{"type":"Polygon","coordinates":[[[-68.57823,-31.513283],[-68.578219,-31.512582],[-68.577325,-31.512596],[-68.57734,-31.513324],[-68.578052,-31.513311],[-68.57823,-31.513283]]]}},{"type":"Feature","properties":{"id":"m311","m2":17976},"geometry":{"type":"Polygon","coordinates":[[[-68.571778,-31.513657],[-68.571914,-31.513655],[-68.57206,-31.513651],[-68.573502,-31.513621],[-68.573558,-31.51362],[-68.573707,-31.513616],[-68.573697,-31.513276],[-68.573681,-31.512722],[-68.573555,-31.512727],[-68.571736,-31.512796],[-68.571765,-31.513522],[-68.571778,-31.513657]]]}},{"type":"Feature","properties":{"id":"m312","m2":208002},"geometry":{"type":"Polygon","coordinates":[[[-68.571778,-31.513657],[-68.571765,-31.513522],[-68.571736,-31.512796],[-68.571559,-31.512804],[-68.570465,-31.512856],[-68.570318,-31.512863],[-68.57032,-31.512906],[-68.570317,-31.512955],[-68.570298,-31.51301],[-68.570256,-31.513076],[-68.570223,-31.51312],[-68.570205,-31.513154],[-68.570197,-31.51317],[-68.570189,-31.513196],[-68.570189,-31.513237],[-68.570197,-31.513279],[-68.570245,-31.513406],[-68.570377,-31.513849],[-68.570383,-31.513869],[-68.570391,-31.513892],[-68.570396,-31.513911],[-68.570398,-31.513934],[-68.570397,-31.513951],[-68.570392,-31.51398],[-68.570387,-31.514007],[-68.570376,-31.51404],[-68.570365,-31.514079],[-68.570352,-31.514118],[-68.570342,-31.514159],[-68.570338,-31.514194],[-68.570339,-31.514233],[-68.570346,-31.514272],[-68.570355,-31.514307],[-68.57037,-31.514343],[-68.570389,-31.514378],[-68.570429,-31.514434],[-68.570452,-31.514459],[-68.570467,-31.514477],[-68.570498,-31.514515],[-68.570517,-31.514542],[-68.570543,-31.51461],[-68.57055,-31.514641],[-68.570556,-31.514671],[-68.570561,-31.514715],[-68.570566,-31.514768],[-68.570565,-31.514816],[-68.570562,-31.514908],[-68.569896,-31.514854],[-68.569811,-31.514855],[-68.569815,-31.515137],[-68.569878,-31.515858],[-68.568788,-31.515938],[-68.568121,-31.515986],[-68.567541,-31.516028],[-68.567418,-31.516037],[-68.567428,-31.516456],[-68.567432,-31.516642],[-68.567433,-31.51671],[-68.567434,-31.516748],[-68.56745,-31.517456],[-68.567458,-31.51783],[-68.567459,-31.51788],[-68.567463,-31.518039],[-68.567463,-31.51812],[-68.567464,-31.518132],[-68.567466,-31.518271],[-68.567466,-31.5183],[-68.567447,-31.519262],[-68.567443,-31.519384],[-68.567599,-31.519368],[-68.567645,-31.519363],[-68.568119,-31.519313],[-68.569238,-31.519194],[-68.569415,-31.519176],[-68.570428,-31.519069],[-68.570581,-31.519053],[-68.571796,-31.518924],[-68.572012,-31.518902],[-68.572105,-31.518892],[-68.572013,-31.517644],[-68.5719,-31.515725],[-68.571905,-31.515701],[-68.571915,-31.515672],[-68.571929,-31.515636],[-68.571935,-31.515607],[-68.571942,-31.515561],[-68.571945,-31.515522],[-68.571873,-31.514718],[-68.571778,-31.513657]]]}},{"type":"Feature","properties":{"id":"m313","m2":21260},"geometry":{"type":"Polygon","coordinates":[[[-68.571778,-31.513657],[-68.571873,-31.514718],[-68.571986,-31.514716],[-68.573561,-31.514682],[-68.573741,-31.514678],[-68.573712,-31.513798],[-68.573707,-31.513616],[-68.573558,-31.51362],[-68.573502,-31.513621],[-68.57206,-31.513651],[-68.571914,-31.513655],[-68.571778,-31.513657]]]}},{"type":"Feature","properties":{"id":"m314","m2":19932},"geometry":{"type":"Polygon","coordinates":[[[-68.573707,-31.513616],[-68.573842,-31.513611],[-68.573885,-31.513609],[-68.574787,-31.513571],[-68.575589,-31.513537],[-68.575815,-31.513528],[-68.575807,-31.513353],[-68.575788,-31.512629],[-68.573836,-31.512715],[-68.573681,-31.512722],[-68.573697,-31.513276],[-68.573707,-31.513616]]]}},{"type":"Feature","properties":{"id":"m315","m2":12130},"geometry":{"type":"Polygon","coordinates":[[[-68.573707,-31.513616],[-68.573712,-31.513798],[-68.573741,-31.514678],[-68.573895,-31.514675],[-68.574803,-31.514655],[-68.574787,-31.513571],[-68.573885,-31.513609],[-68.573842,-31.513611],[-68.573707,-31.513616]]]}},{"type":"Feature","properties":{"id":"m316","m2":19999},"geometry":{"type":"Polygon","coordinates":[[[-68.574803,-31.514655],[-68.573895,-31.514675],[-68.573741,-31.514678],[-68.573763,-31.51541],[-68.573768,-31.515575],[-68.573902,-31.515573],[-68.574822,-31.515556],[-68.575872,-31.515538],[-68.575849,-31.514633],[-68.574803,-31.514655]]]}},{"type":"Feature","properties":{"id":"m317","m2":11977},"geometry":{"type":"Polygon","coordinates":[[[-68.574803,-31.514655],[-68.575849,-31.514633],[-68.575815,-31.513528],[-68.575589,-31.513537],[-68.574787,-31.513571],[-68.574803,-31.514655]]]}},{"type":"Feature","properties":{"id":"m318","m2":17359},"geometry":{"type":"Polygon","coordinates":[[[-68.571873,-31.514718],[-68.571945,-31.515522],[-68.571942,-31.515561],[-68.571935,-31.515607],[-68.57206,-31.515605],[-68.57279,-31.515592],[-68.573592,-31.515578],[-68.573768,-31.515575],[-68.573763,-31.51541],[-68.573741,-31.514678],[-68.573561,-31.514682],[-68.571986,-31.514716],[-68.571873,-31.514718]]]}},{"type":"Feature","properties":{"id":"m319","m2":12379},"geometry":{"type":"Polygon","coordinates":[[[-68.570562,-31.514908],[-68.570565,-31.514816],[-68.570566,-31.514768],[-68.570561,-31.514715],[-68.570556,-31.514671],[-68.57055,-31.514641],[-68.570543,-31.51461],[-68.570517,-31.514542],[-68.570498,-31.514515],[-68.570467,-31.514477],[-68.570452,-31.514459],[-68.570429,-31.514434],[-68.570389,-31.514378],[-68.57037,-31.514343],[-68.570355,-31.514307],[-68.570346,-31.514272],[-68.570339,-31.514233],[-68.570338,-31.514194],[-68.570342,-31.514159],[-68.570352,-31.514118],[-68.570365,-31.514079],[-68.570376,-31.51404],[-68.570387,-31.514007],[-68.570392,-31.51398],[-68.570397,-31.513951],[-68.570398,-31.513934],[-68.570396,-31.513911],[-68.570391,-31.513892],[-68.570383,-31.513869],[-68.570377,-31.513849],[-68.570245,-31.513406],[-68.570197,-31.513279],[-68.570189,-31.513237],[-68.570189,-31.513196],[-68.569925,-31.513208],[-68.569888,-31.513211],[-68.569503,-31.513218],[-68.569518,-31.513261],[-68.569532,-31.513295],[-68.569547,-31.513335],[-68.569565,-31.513384],[-68.569582,-31.513443],[-68.569607,-31.513511],[-68.569621,-31.513549],[-68.569636,-31.513601],[-68.569648,-31.513638],[-68.56966,-31.513677],[-68.569674,-31.513714],[-68.569694,-31.513767],[-68.569707,-31.513822],[-68.569711,-31.513869],[-68.56971,-31.513919],[-68.5697,-31.513964],[-68.569687,-31.514004],[-68.56967,-31.51405],[-68.569651,-31.514105],[-68.569639,-31.514145],[-68.56963,-31.5142],[-68.56963,-31.514219],[-68.569632,-31.514239],[-68.569637,-31.51426],[-68.56964,-31.514277],[-68.569648,-31.51431],[-68.569663,-31.514353],[-68.569678,-31.514394],[-68.569693,-31.514431],[-68.569712,-31.514472],[-68.569735,-31.514514],[-68.569758,-31.514554],[-68.569781,-31.514598],[-68.569796,-31.514637],[-68.569805,-31.51468],[-68.569809,-31.51472],[-68.569811,-31.514811],[-68.569811,-31.514855],[-68.569896,-31.514854],[-68.570562,-31.514908]]]}},{"type":"Feature","properties":{"id":"m320","m2":71005},"geometry":{"type":"Polygon","coordinates":[[[-68.569637,-31.51426],[-68.569632,-31.514239],[-68.56963,-31.514219],[-68.56963,-31.5142],[-68.569639,-31.514145],[-68.569651,-31.514105],[-68.56967,-31.51405],[-68.569687,-31.514004],[-68.5697,-31.513964],[-68.56971,-31.513919],[-68.569711,-31.513869],[-68.569707,-31.513822],[-68.569694,-31.513767],[-68.569674,-31.513714],[-68.56966,-31.513677],[-68.569648,-31.513638],[-68.569636,-31.513601],[-68.569621,-31.513549],[-68.569607,-31.513511],[-68.569582,-31.513443],[-68.569565,-31.513384],[-68.569547,-31.513335],[-68.569532,-31.513295],[-68.569518,-31.513261],[-68.569503,-31.513218],[-68.569489,-31.513177],[-68.569468,-31.513133],[-68.569435,-31.513096],[-68.569403,-31.513069],[-68.569378,-31.513042],[-68.568352,-31.513106],[-68.568202,-31.513122],[-68.568,-31.513145],[-68.567895,-31.513158],[-68.567577,-31.513197],[-68.56745,-31.513213],[-68.567283,-31.513232],[-68.567288,-31.513327],[-68.567292,-31.513391],[-68.567376,-31.514996],[-68.567384,-31.515197],[-68.567388,-31.515292],[-68.567403,-31.51567],[-68.567418,-31.516037],[-68.567541,-31.516028],[-68.568121,-31.515986],[-68.568788,-31.515938],[-68.569878,-31.515858],[-68.569815,-31.515137],[-68.569811,-31.514855],[-68.569811,-31.514811],[-68.569809,-31.51472],[-68.569805,-31.51468],[-68.569796,-31.514637],[-68.569781,-31.514598],[-68.569758,-31.514554],[-68.569735,-31.514514],[-68.569712,-31.514472],[-68.569693,-31.514431],[-68.569678,-31.514394],[-68.569663,-31.514353],[-68.569648,-31.51431],[-68.56964,-31.514277],[-68.569637,-31.51426]]]}},{"type":"Feature","properties":{"id":"m321","m2":11168},"geometry":{"type":"Polygon","coordinates":[[[-68.569918,-31.511721],[-68.569687,-31.511738],[-68.569372,-31.5118],[-68.569339,-31.511806],[-68.569306,-31.511811],[-68.569311,-31.512082],[-68.569314,-31.512108],[-68.569318,-31.512141],[-68.569324,-31.512176],[-68.569331,-31.512203],[-68.569373,-31.512369],[-68.569392,-31.512427],[-68.5694,-31.512448],[-68.569413,-31.512481],[-68.569428,-31.512552],[-68.569426,-31.51258],[-68.569422,-31.512607],[-68.56941,-31.512641],[-68.56939,-31.512672],[-68.569367,-31.512707],[-68.569349,-31.512741],[-68.569333,-31.512778],[-68.569329,-31.512804],[-68.569328,-31.512828],[-68.56933,-31.512852],[-68.569333,-31.512881],[-68.569336,-31.512911],[-68.569341,-31.51295],[-68.569347,-31.512976],[-68.569356,-31.513005],[-68.569378,-31.513042],[-68.569403,-31.513069],[-68.569435,-31.513096],[-68.569468,-31.513133],[-68.569489,-31.513177],[-68.569503,-31.513218],[-68.569888,-31.513211],[-68.569925,-31.513208],[-68.570189,-31.513196],[-68.570197,-31.51317],[-68.570205,-31.513154],[-68.570223,-31.51312],[-68.570256,-31.513076],[-68.570298,-31.51301],[-68.570317,-31.512955],[-68.57032,-31.512906],[-68.570318,-31.512863],[-68.570309,-31.512834],[-68.570293,-31.512794],[-68.570241,-31.512705],[-68.570217,-31.512668],[-68.570189,-31.512632],[-68.570155,-31.512596],[-68.570114,-31.512562],[-68.570087,-31.512541],[-68.570063,-31.512518],[-68.570037,-31.512483],[-68.569971,-31.512277],[-68.569931,-31.512136],[-68.569921,-31.512088],[-68.569914,-31.512039],[-68.569911,-31.51199],[-68.569914,-31.511906],[-68.569916,-31.511855],[-68.569918,-31.511721]]]}},{"type":"Feature","properties":{"id":"m322","m2":25218},"geometry":{"type":"Polygon","coordinates":[[[-68.567283,-31.513232],[-68.567276,-31.513066],[-68.567275,-31.513041],[-68.566638,-31.513082],[-68.56574,-31.513095],[-68.565751,-31.513677],[-68.566594,-31.513663],[-68.566596,-31.514436],[-68.565764,-31.514444],[-68.565775,-31.51503],[-68.56724,-31.514999],[-68.567376,-31.514996],[-68.567292,-31.513391],[-68.567288,-31.513327],[-68.567283,-31.513232]]]}},{"type":"Feature","properties":{"id":"m323","m2":75543},"geometry":{"type":"Polygon","coordinates":[[[-68.567297,-31.520317],[-68.56733,-31.520138],[-68.567357,-31.519984],[-68.567431,-31.519566],[-68.567437,-31.519497],[-68.567441,-31.519436],[-68.567443,-31.519384],[-68.567447,-31.519262],[-68.567466,-31.5183],[-68.567466,-31.518271],[-68.567464,-31.518132],[-68.567463,-31.51812],[-68.566824,-31.518129],[-68.566005,-31.51814],[-68.565837,-31.518142],[-68.565844,-31.518641],[-68.56585,-31.518668],[-68.565866,-31.518684],[-68.565889,-31.518703],[-68.565921,-31.518708],[-68.566649,-31.518704],[-68.566661,-31.519266],[-68.565191,-31.519228],[-68.564815,-31.519216],[-68.564541,-31.519117],[-68.564506,-31.519094],[-68.564497,-31.518361],[-68.564485,-31.518331],[-68.564463,-31.518308],[-68.564435,-31.5183],[-68.564405,-31.518297],[-68.563858,-31.518308],[-68.563826,-31.518319],[-68.563814,-31.518342],[-68.563824,-31.518802],[-68.563834,-31.519264],[-68.563838,-31.519457],[-68.563844,-31.519732],[-68.563848,-31.519927],[-68.563854,-31.520206],[-68.563859,-31.520442],[-68.563864,-31.520674],[-68.563867,-31.520836],[-68.56387,-31.520958],[-68.564123,-31.520958],[-68.564268,-31.520956],[-68.564433,-31.520955],[-68.564556,-31.520954],[-68.5646,-31.520951],[-68.564655,-31.520944],[-68.564709,-31.520933],[-68.565231,-31.520809],[-68.565667,-31.520705],[-68.565773,-31.52068],[-68.56587,-31.520657],[-68.566114,-31.520599],[-68.566147,-31.520591],[-68.566784,-31.52044],[-68.567175,-31.520346],[-68.567297,-31.520317]]]}},{"type":"Feature","properties":{"id":"m324","m2":6234},"geometry":{"type":"Polygon","coordinates":[[[-68.567297,-31.520317],[-68.567523,-31.52027],[-68.567752,-31.52023],[-68.567978,-31.520197],[-68.568119,-31.519313],[-68.567645,-31.519363],[-68.567599,-31.519368],[-68.567443,-31.519384],[-68.567441,-31.519436],[-68.567437,-31.519497],[-68.567431,-31.519566],[-68.567357,-31.519984],[-68.56733,-31.520138],[-68.567297,-31.520317]]]}},{"type":"Feature","properties":{"id":"m325","m2":29872},"geometry":{"type":"Polygon","coordinates":[[[-68.567297,-31.520317],[-68.567175,-31.520346],[-68.566784,-31.52044],[-68.566147,-31.520591],[-68.566114,-31.520599],[-68.56587,-31.520657],[-68.565905,-31.520766],[-68.566034,-31.521168],[-68.566064,-31.521261],[-68.5661,-31.521372],[-68.56613,-31.521465],[-68.566142,-31.521502],[-68.566237,-31.521798],[-68.566276,-31.52187],[-68.566309,-31.5219],[-68.566343,-31.521933],[-68.566368,-31.521953],[-68.566396,-31.521974],[-68.566424,-31.521992],[-68.566456,-31.522005],[-68.566506,-31.52202],[-68.566535,-31.522027],[-68.566921,-31.522049],[-68.567525,-31.522073],[-68.567648,-31.522078],[-68.567665,-31.521983],[-68.56769,-31.521848],[-68.567715,-31.52171],[-68.56773,-31.521628],[-68.567758,-31.521474],[-68.567773,-31.521392],[-68.56782,-31.521134],[-68.567893,-31.520721],[-68.567943,-31.520434],[-68.567978,-31.520197],[-68.567752,-31.52023],[-68.567523,-31.52027],[-68.567297,-31.520317]]]}},{"type":"Feature","properties":{"id":"m326","m2":1371},"geometry":{"type":"Polygon","coordinates":[[[-68.567463,-31.51812],[-68.567463,-31.518039],[-68.567295,-31.518041],[-68.567081,-31.518045],[-68.565836,-31.518063],[-68.565837,-31.518142],[-68.566005,-31.51814],[-68.566824,-31.518129],[-68.567463,-31.51812]]]}},{"type":"Feature","properties":{"id":"m327","m2":41965},"geometry":{"type":"Polygon","coordinates":[[[-68.565103,-31.515404],[-68.565109,-31.515596],[-68.565113,-31.515722],[-68.566583,-31.515701],[-68.566596,-31.516291],[-68.566608,-31.516878],[-68.566621,-31.517464],[-68.565826,-31.517474],[-68.565836,-31.518063],[-68.567081,-31.518045],[-68.567295,-31.518041],[-68.567463,-31.518039],[-68.567459,-31.51788],[-68.567458,-31.51783],[-68.56745,-31.517456],[-68.567434,-31.516748],[-68.567433,-31.51671],[-68.567432,-31.516642],[-68.567428,-31.516456],[-68.567418,-31.516037],[-68.567403,-31.51567],[-68.567388,-31.515292],[-68.567384,-31.515197],[-68.567376,-31.514996],[-68.56724,-31.514999],[-68.565775,-31.51503],[-68.565102,-31.515044],[-68.565102,-31.515257],[-68.565103,-31.515373],[-68.565103,-31.515404]]]}},{"type":"Feature","properties":{"id":"m328","m2":21406},"geometry":{"type":"Polygon","coordinates":[[[-68.565113,-31.515722],[-68.565115,-31.515919],[-68.565135,-31.516682],[-68.565157,-31.517589],[-68.565163,-31.517806],[-68.56517,-31.517842],[-68.565193,-31.517897],[-68.565213,-31.517931],[-68.565218,-31.517937],[-68.565261,-31.517983],[-68.565307,-31.51801],[-68.565354,-31.518033],[-68.565401,-31.518049],[-68.565455,-31.518061],[-68.565505,-31.518063],[-68.565836,-31.518063],[-68.565826,-31.517474],[-68.565816,-31.516883],[-68.565807,-31.516348],[-68.565808,-31.516332],[-68.565818,-31.516318],[-68.565831,-31.516305],[-68.565845,-31.516299],[-68.565862,-31.516295],[-68.566596,-31.516291],[-68.566583,-31.515701],[-68.565113,-31.515722]]]}},{"type":"Feature","properties":{"id":"m329","m2":3004},"geometry":{"type":"Polygon","coordinates":[[[-68.565113,-31.515722],[-68.565015,-31.515723],[-68.565016,-31.515777],[-68.565022,-31.516032],[-68.56506,-31.517795],[-68.56506,-31.517825],[-68.565066,-31.517855],[-68.56507,-31.517882],[-68.565085,-31.51792],[-68.565099,-31.517951],[-68.565116,-31.517976],[-68.565137,-31.518003],[-68.565162,-31.518027],[-68.565194,-31.518054],[-68.565222,-31.518069],[-68.565256,-31.518087],[-68.565301,-31.518106],[-68.565344,-31.518123],[-68.565385,-31.518134],[-68.565437,-31.518144],[-68.565487,-31.518146],[-68.565837,-31.518142],[-68.565836,-31.518063],[-68.565505,-31.518063],[-68.565455,-31.518061],[-68.565401,-31.518049],[-68.565354,-31.518033],[-68.565307,-31.51801],[-68.565261,-31.517983],[-68.565218,-31.517937],[-68.565213,-31.517931],[-68.565193,-31.517897],[-68.56517,-31.517842],[-68.565163,-31.517806],[-68.565157,-31.517589],[-68.565135,-31.516682],[-68.565115,-31.515919],[-68.565113,-31.515722]]]}},{"type":"Feature","properties":{"id":"m330","m2":80467},"geometry":{"type":"Polygon","coordinates":[[[-68.564889,-31.515481],[-68.564868,-31.515465],[-68.564819,-31.51545],[-68.564776,-31.515441],[-68.564709,-31.515434],[-68.563674,-31.515449],[-68.563631,-31.515449],[-68.563569,-31.515455],[-68.563514,-31.515466],[-68.563467,-31.515481],[-68.563418,-31.515507],[-68.563382,-31.515532],[-68.563355,-31.515558],[-68.563326,-31.51559],[-68.563303,-31.515632],[-68.563289,-31.515675],[-68.563283,-31.515721],[-68.563281,-31.515772],[-68.563282,-31.51587],[-68.563288,-31.516139],[-68.563302,-31.516512],[-68.563318,-31.517122],[-68.563324,-31.517725],[-68.563325,-31.517806],[-68.563321,-31.517863],[-68.563312,-31.517905],[-68.563292,-31.517955],[-68.56328,-31.517976],[-68.563262,-31.518005],[-68.563229,-31.518042],[-68.563193,-31.518075],[-68.563146,-31.518111],[-68.563111,-31.518135],[-68.563065,-31.518155],[-68.563005,-31.518173],[-68.562964,-31.518182],[-68.562904,-31.518187],[-68.562465,-31.518189],[-68.562315,-31.51819],[-68.562318,-31.518337],[-68.562324,-31.51879],[-68.563039,-31.518793],[-68.563214,-31.518805],[-68.563824,-31.518802],[-68.563814,-31.518342],[-68.563826,-31.518319],[-68.563858,-31.518308],[-68.564405,-31.518297],[-68.564435,-31.5183],[-68.564463,-31.518308],[-68.564485,-31.518331],[-68.564497,-31.518361],[-68.564506,-31.519094],[-68.564541,-31.519117],[-68.564815,-31.519216],[-68.565191,-31.519228],[-68.566661,-31.519266],[-68.566649,-31.518704],[-68.565921,-31.518708],[-68.565889,-31.518703],[-68.565866,-31.518684],[-68.56585,-31.518668],[-68.565844,-31.518641],[-68.565837,-31.518142],[-68.565487,-31.518146],[-68.565437,-31.518144],[-68.565385,-31.518134],[-68.565344,-31.518123],[-68.565301,-31.518106],[-68.565256,-31.518087],[-68.565222,-31.518069],[-68.565194,-31.518054],[-68.565162,-31.518027],[-68.565137,-31.518003],[-68.565116,-31.517976],[-68.565099,-31.517951],[-68.565085,-31.51792],[-68.56507,-31.517882],[-68.565066,-31.517855],[-68.56506,-31.517825],[-68.56506,-31.517795],[-68.565022,-31.516032],[-68.565016,-31.515777],[-68.565015,-31.515723],[-68.565011,-31.515682],[-68.565005,-31.515646],[-68.564993,-31.515614],[-68.564976,-31.515587],[-68.564959,-31.515563],[-68.564941,-31.515541],[-68.564924,-31.515518],[-68.564889,-31.515481]]]}},{"type":"Feature","properties":{"id":"m331","m2":13581},"geometry":{"type":"Polygon","coordinates":[[[-68.56574,-31.513095],[-68.565547,-31.513098],[-68.56537,-31.5131],[-68.565329,-31.513106],[-68.565292,-31.513113],[-68.565257,-31.513125],[-68.565226,-31.513139],[-68.565194,-31.513159],[-68.565168,-31.513182],[-68.565127,-31.51323],[-68.565093,-31.513283],[-68.565078,-31.513325],[-68.565072,-31.513372],[-68.565071,-31.513427],[-68.565085,-31.514306],[-68.565087,-31.514415],[-68.565102,-31.515044],[-68.565775,-31.51503],[-68.565764,-31.514444],[-68.565758,-31.514064],[-68.565751,-31.513677],[-68.56574,-31.513095]]]}},{"type":"Feature","properties":{"id":"m332","m2":1391},"geometry":{"type":"Polygon","coordinates":[[[-68.56574,-31.513095],[-68.566638,-31.513082],[-68.567275,-31.513041],[-68.56727,-31.512955],[-68.567095,-31.512965],[-68.567067,-31.512967],[-68.566642,-31.512997],[-68.565739,-31.513007],[-68.56574,-31.513095]]]}},{"type":"Feature","properties":{"id":"m333","m2":1756},"geometry":{"type":"Polygon","coordinates":[[[-68.56574,-31.513095],[-68.565739,-31.513007],[-68.565568,-31.513011],[-68.565361,-31.513016],[-68.565315,-31.513022],[-68.565268,-31.513033],[-68.565214,-31.513051],[-68.565169,-31.513073],[-68.565119,-31.513107],[-68.565092,-31.513134],[-68.565061,-31.513164],[-68.565025,-31.513208],[-68.564995,-31.513262],[-68.564985,-31.513303],[-68.564978,-31.51335],[-68.564976,-31.513396],[-68.564988,-31.514308],[-68.565085,-31.514306],[-68.565071,-31.513427],[-68.565072,-31.513372],[-68.565078,-31.513325],[-68.565093,-31.513283],[-68.565127,-31.51323],[-68.565168,-31.513182],[-68.565194,-31.513159],[-68.565226,-31.513139],[-68.565257,-31.513125],[-68.565292,-31.513113],[-68.565329,-31.513106],[-68.56537,-31.5131],[-68.565547,-31.513098],[-68.56574,-31.513095]]]}},{"type":"Feature","properties":{"id":"m334","m2":6796},"geometry":{"type":"Polygon","coordinates":[[[-68.565764,-31.514444],[-68.566596,-31.514436],[-68.566594,-31.513663],[-68.565751,-31.513677],[-68.565758,-31.514064],[-68.565764,-31.514444]]]}},{"type":"Feature","properties":{"id":"m335","m2":4885},"geometry":{"type":"Polygon","coordinates":[[[-68.565862,-31.516295],[-68.565845,-31.516299],[-68.565831,-31.516305],[-68.565818,-31.516318],[-68.565808,-31.516332],[-68.565807,-31.516348],[-68.565816,-31.516883],[-68.566608,-31.516878],[-68.566596,-31.516291],[-68.565862,-31.516295]]]}},{"type":"Feature","properties":{"id":"m336","m2":4926},"geometry":{"type":"Polygon","coordinates":[[[-68.565816,-31.516883],[-68.565826,-31.517474],[-68.566621,-31.517464],[-68.566608,-31.516878],[-68.565816,-31.516883]]]}},{"type":"Feature","properties":{"id":"m337","m2":14639},"geometry":{"type":"Polygon","coordinates":[[[-68.563577,-31.513131],[-68.56344,-31.513133],[-68.563309,-31.513136],[-68.561683,-31.513113],[-68.561589,-31.513113],[-68.561531,-31.513114],[-68.561457,-31.513114],[-68.56134,-31.513779],[-68.562456,-31.513761],[-68.563132,-31.513749],[-68.563357,-31.513745],[-68.563589,-31.513741],[-68.563579,-31.513251],[-68.563577,-31.513131]]]}},{"type":"Feature","properties":{"id":"m338","m2":27529},"geometry":{"type":"Polygon","coordinates":[[[-68.563577,-31.513131],[-68.563579,-31.513251],[-68.563589,-31.513741],[-68.564215,-31.513733],[-68.564236,-31.513738],[-68.564253,-31.513744],[-68.564272,-31.51376],[-68.564284,-31.513786],[-68.564295,-31.514317],[-68.564988,-31.514308],[-68.564976,-31.513396],[-68.564978,-31.51335],[-68.564985,-31.513303],[-68.564995,-31.513262],[-68.565025,-31.513208],[-68.565061,-31.513164],[-68.565092,-31.513134],[-68.565119,-31.513107],[-68.565169,-31.513073],[-68.565214,-31.513051],[-68.565268,-31.513033],[-68.565315,-31.513022],[-68.565361,-31.513016],[-68.565568,-31.513011],[-68.565739,-31.513007],[-68.565726,-31.512277],[-68.565724,-31.512151],[-68.565535,-31.512157],[-68.565062,-31.512173],[-68.564924,-31.512177],[-68.564242,-31.512197],[-68.564256,-31.513057],[-68.564253,-31.513079],[-68.564242,-31.513097],[-68.564233,-31.513107],[-68.564218,-31.513114],[-68.564198,-31.513121],[-68.564168,-31.513123],[-68.563577,-31.513131]]]}},{"type":"Feature","properties":{"id":"m339","m2":22506},"geometry":{"type":"Polygon","coordinates":[[[-68.563577,-31.513131],[-68.563575,-31.512997],[-68.563567,-31.512565],[-68.56356,-31.512221],[-68.563534,-31.512219],[-68.563512,-31.512208],[-68.563483,-31.512181],[-68.563319,-31.511979],[-68.56329,-31.511951],[-68.563264,-31.511933],[-68.563242,-31.511924],[-68.563203,-31.511916],[-68.561755,-31.511964],[-68.561743,-31.512485],[-68.561683,-31.513113],[-68.563309,-31.513136],[-68.56344,-31.513133],[-68.563577,-31.513131]]]}},{"type":"Feature","properties":{"id":"m340","m2":6578},"geometry":{"type":"Polygon","coordinates":[[[-68.563577,-31.513131],[-68.564168,-31.513123],[-68.564198,-31.513121],[-68.564218,-31.513114],[-68.564233,-31.513107],[-68.564242,-31.513097],[-68.564253,-31.513079],[-68.564256,-31.513057],[-68.564242,-31.512197],[-68.563706,-31.512215],[-68.56356,-31.512221],[-68.563567,-31.512565],[-68.563575,-31.512997],[-68.563577,-31.513131]]]}},{"type":"Feature","properties":{"id":"m341","m2":5457},"geometry":{"type":"Polygon","coordinates":[[[-68.563161,-31.514733],[-68.563172,-31.514758],[-68.563186,-31.514771],[-68.56321,-31.514783],[-68.563244,-31.514784],[-68.564248,-31.514773],[-68.564271,-31.51477],[-68.564287,-31.514757],[-68.564299,-31.514743],[-68.564303,-31.514718],[-68.564295,-31.514317],[-68.563149,-31.514333],[-68.563161,-31.514733]]]}},{"type":"Feature","properties":{"id":"m342","m2":39038},"geometry":{"type":"Polygon","coordinates":[[[-68.563161,-31.514733],[-68.563149,-31.514333],[-68.563132,-31.513749],[-68.562456,-31.513761],[-68.562459,-31.513867],[-68.562474,-31.514352],[-68.562484,-31.514649],[-68.562486,-31.514763],[-68.562488,-31.515356],[-68.562491,-31.515441],[-68.562491,-31.515445],[-68.562491,-31.515451],[-68.562504,-31.515904],[-68.562505,-31.51594],[-68.562518,-31.516517],[-68.56252,-31.51663],[-68.562529,-31.517135],[-68.562891,-31.517129],[-68.563037,-31.517127],[-68.563216,-31.517124],[-68.563187,-31.516141],[-68.563185,-31.515885],[-68.563183,-31.51574],[-68.563182,-31.515698],[-68.56319,-31.515659],[-68.5632,-31.515625],[-68.563219,-31.515584],[-68.56324,-31.515548],[-68.563262,-31.515519],[-68.563301,-31.515483],[-68.563345,-31.515449],[-68.563389,-31.515422],[-68.563439,-31.515402],[-68.563502,-31.515385],[-68.563569,-31.515374],[-68.56363,-31.51537],[-68.563676,-31.515369],[-68.564705,-31.51535],[-68.56475,-31.515345],[-68.564795,-31.515337],[-68.564841,-31.515325],[-68.56487,-31.515311],[-68.564883,-31.515301],[-68.564908,-31.51527],[-68.564926,-31.515247],[-68.564946,-31.515219],[-68.564971,-31.515181],[-68.565003,-31.5151],[-68.565005,-31.515046],[-68.564992,-31.514453],[-68.564988,-31.514308],[-68.564295,-31.514317],[-68.564303,-31.514718],[-68.564299,-31.514743],[-68.564287,-31.514757],[-68.564271,-31.51477],[-68.564248,-31.514773],[-68.563244,-31.514784],[-68.56321,-31.514783],[-68.563186,-31.514771],[-68.563172,-31.514758],[-68.563161,-31.514733]]]}},{"type":"Feature","properties":{"id":"m343","m2":7075},"geometry":{"type":"Polygon","coordinates":[[[-68.563149,-31.514333],[-68.564295,-31.514317],[-68.564284,-31.513786],[-68.564272,-31.51376],[-68.564253,-31.513744],[-68.564236,-31.513738],[-68.564215,-31.513733],[-68.563589,-31.513741],[-68.563357,-31.513745],[-68.563132,-31.513749],[-68.563149,-31.514333]]]}},{"type":"Feature","properties":{"id":"m344","m2":10717},"geometry":{"type":"Polygon","coordinates":[[[-68.560371,-31.519931],[-68.560385,-31.519814],[-68.560511,-31.518766],[-68.560526,-31.518618],[-68.560345,-31.518754],[-68.559744,-31.519213],[-68.559596,-31.519322],[-68.559516,-31.519377],[-68.559439,-31.519424],[-68.559224,-31.519538],[-68.559104,-31.519606],[-68.559074,-31.519918],[-68.560371,-31.519931]]]}},{"type":"Feature","properties":{"id":"m345","m2":28930},"geometry":{"type":"Polygon","coordinates":[[[-68.560526,-31.518618],[-68.560569,-31.518581],[-68.560598,-31.518544],[-68.560616,-31.518528],[-68.56064,-31.518512],[-68.561255,-31.518291],[-68.561249,-31.517813],[-68.561261,-31.517778],[-68.561288,-31.517756],[-68.561331,-31.517746],[-68.56248,-31.517727],[-68.562505,-31.51772],[-68.562528,-31.517705],[-68.562541,-31.517683],[-68.562529,-31.517135],[-68.56135,-31.517154],[-68.56132,-31.517143],[-68.561301,-31.517122],[-68.56127,-31.517088],[-68.561359,-31.51659],[-68.561368,-31.516571],[-68.561382,-31.516553],[-68.561406,-31.516541],[-68.561435,-31.516537],[-68.562518,-31.516517],[-68.562505,-31.51594],[-68.561676,-31.515946],[-68.560969,-31.51595],[-68.560686,-31.517653],[-68.560561,-31.51841],[-68.560526,-31.518618]]]}},{"type":"Feature","properties":{"id":"m346","m2":4356},"geometry":{"type":"Polygon","coordinates":[[[-68.560969,-31.51595],[-68.561676,-31.515946],[-68.561776,-31.515363],[-68.561065,-31.515367],[-68.561036,-31.515546],[-68.560969,-31.51595]]]}},{"type":"Feature","properties":{"id":"m347","m2":17870},"geometry":{"type":"Polygon","coordinates":[[[-68.561065,-31.515367],[-68.561776,-31.515363],[-68.562488,-31.515356],[-68.562486,-31.514763],[-68.56173,-31.514774],[-68.561702,-31.514769],[-68.561675,-31.514763],[-68.561648,-31.514741],[-68.561638,-31.514722],[-68.561637,-31.514703],[-68.561679,-31.514417],[-68.561698,-31.514395],[-68.561724,-31.514375],[-68.561759,-31.514362],[-68.562474,-31.514352],[-68.562459,-31.513867],[-68.562456,-31.513761],[-68.56134,-31.513779],[-68.561295,-31.514034],[-68.561151,-31.51485],[-68.561065,-31.515367]]]}},{"type":"Feature","properties":{"id":"m348","m2":26976},"geometry":{"type":"Polygon","coordinates":[[[-68.564242,-31.512197],[-68.564924,-31.512177],[-68.565062,-31.512173],[-68.565535,-31.512157],[-68.565724,-31.512151],[-68.565726,-31.512277],[-68.565739,-31.513007],[-68.566642,-31.512997],[-68.567067,-31.512967],[-68.567095,-31.512965],[-68.56727,-31.512955],[-68.567262,-31.512801],[-68.567206,-31.511778],[-68.565888,-31.511813],[-68.565647,-31.511821],[-68.563477,-31.511907],[-68.563394,-31.511909],[-68.563203,-31.511916],[-68.563242,-31.511924],[-68.563264,-31.511933],[-68.56329,-31.511951],[-68.563319,-31.511979],[-68.563483,-31.512181],[-68.563512,-31.512208],[-68.563534,-31.512219],[-68.56356,-31.512221],[-68.563706,-31.512215],[-68.564242,-31.512197]]]}},{"type":"Feature","properties":{"id":"m349","m2":4736},"geometry":{"type":"Polygon","coordinates":[[[-68.561776,-31.515363],[-68.561676,-31.515946],[-68.562505,-31.51594],[-68.562504,-31.515904],[-68.562491,-31.515451],[-68.562491,-31.515445],[-68.562491,-31.515441],[-68.562488,-31.515356],[-68.561776,-31.515363]]]}},{"type":"Feature","properties":{"id":"m350","m2":34635},"geometry":{"type":"Polygon","coordinates":[[[-68.562335,-31.520967],[-68.562431,-31.520966],[-68.562632,-31.520965],[-68.562953,-31.520963],[-68.563716,-31.520959],[-68.56387,-31.520958],[-68.563867,-31.520836],[-68.563864,-31.520674],[-68.563859,-31.520442],[-68.563854,-31.520206],[-68.563848,-31.519927],[-68.563844,-31.519732],[-68.563838,-31.519457],[-68.563834,-31.519264],[-68.563824,-31.518802],[-68.563214,-31.518805],[-68.563039,-31.518793],[-68.562324,-31.51879],[-68.562328,-31.519498],[-68.562328,-31.519626],[-68.56233,-31.519969],[-68.562331,-31.520226],[-68.562332,-31.520434],[-68.562334,-31.520807],[-68.562334,-31.520831],[-68.562335,-31.520967]]]}},{"type":"Feature","properties":{"id":"m351","m2":10229},"geometry":{"type":"Polygon","coordinates":[[[-68.562331,-31.520226],[-68.56233,-31.519969],[-68.562328,-31.519626],[-68.562328,-31.519498],[-68.562324,-31.51879],[-68.561884,-31.518793],[-68.561837,-31.518798],[-68.561791,-31.518809],[-68.561646,-31.51886],[-68.561648,-31.51913],[-68.561643,-31.520223],[-68.562331,-31.520226]]]}},{"type":"Feature","properties":{"id":"m352","m2":1673},"geometry":{"type":"Polygon","coordinates":[[[-68.562315,-31.51819],[-68.562465,-31.518189],[-68.562904,-31.518187],[-68.562964,-31.518182],[-68.563005,-31.518173],[-68.563065,-31.518155],[-68.563111,-31.518135],[-68.563146,-31.518111],[-68.563193,-31.518075],[-68.563229,-31.518042],[-68.563262,-31.518005],[-68.56328,-31.517976],[-68.563292,-31.517955],[-68.563312,-31.517905],[-68.563321,-31.517863],[-68.563325,-31.517806],[-68.563324,-31.517725],[-68.563318,-31.517122],[-68.563216,-31.517124],[-68.563231,-31.517727],[-68.56323,-31.517819],[-68.563227,-31.51785],[-68.563217,-31.517886],[-68.563197,-31.517933],[-68.563171,-31.517973],[-68.563136,-31.518016],[-68.563105,-31.518041],[-68.563057,-31.518071],[-68.563011,-31.51809],[-68.562956,-31.518103],[-68.562896,-31.518108],[-68.562314,-31.518119],[-68.562315,-31.51819]]]}},{"type":"Feature","properties":{"id":"m353","m2":852},"geometry":{"type":"Polygon","coordinates":[[[-68.562315,-31.51819],[-68.562314,-31.518119],[-68.561826,-31.518127],[-68.561777,-31.518128],[-68.561723,-31.518134],[-68.561668,-31.518148],[-68.561609,-31.518166],[-68.561255,-31.518291],[-68.561257,-31.51837],[-68.561612,-31.518245],[-68.561678,-31.518221],[-68.561726,-31.51821],[-68.561767,-31.518205],[-68.561813,-31.518203],[-68.562315,-31.51819]]]}},{"type":"Feature","properties":{"id":"m354","m2":7831},"geometry":{"type":"Polygon","coordinates":[[[-68.562518,-31.516517],[-68.561435,-31.516537],[-68.561406,-31.516541],[-68.561382,-31.516553],[-68.561368,-31.516571],[-68.561359,-31.51659],[-68.56127,-31.517088],[-68.561301,-31.517122],[-68.56132,-31.517143],[-68.56135,-31.517154],[-68.562529,-31.517135],[-68.56252,-31.51663],[-68.562518,-31.516517]]]}},{"type":"Feature","properties":{"id":"m355","m2":3536},"geometry":{"type":"Polygon","coordinates":[[[-68.562486,-31.514763],[-68.562484,-31.514649],[-68.562474,-31.514352],[-68.561759,-31.514362],[-68.561724,-31.514375],[-68.561698,-31.514395],[-68.561679,-31.514417],[-68.561637,-31.514703],[-68.561638,-31.514722],[-68.561648,-31.514741],[-68.561675,-31.514763],[-68.561702,-31.514769],[-68.56173,-31.514774],[-68.562486,-31.514763]]]}},{"type":"Feature","properties":{"id":"m356","m2":6577},"geometry":{"type":"Polygon","coordinates":[[[-68.561755,-31.511964],[-68.563203,-31.511916],[-68.563394,-31.511909],[-68.563477,-31.511907],[-68.565647,-31.511821],[-68.565888,-31.511813],[-68.567206,-31.511778],[-68.567204,-31.511744],[-68.5672,-31.511686],[-68.567199,-31.511662],[-68.566108,-31.511702],[-68.565652,-31.511717],[-68.564233,-31.511764],[-68.563566,-31.511785],[-68.563331,-31.511792],[-68.56173,-31.511841],[-68.561731,-31.51188],[-68.561732,-31.511928],[-68.561734,-31.511965],[-68.561755,-31.511964]]]}},{"type":"Feature","properties":{"id":"m357","m2":22292},"geometry":{"type":"Polygon","coordinates":[[[-68.574822,-31.515556],[-68.574851,-31.516591],[-68.574878,-31.517577],[-68.575924,-31.517552],[-68.575872,-31.515538],[-68.574822,-31.515556]]]}},{"type":"Feature","properties":{"id":"m358","m2":11515},"geometry":{"type":"Polygon","coordinates":[[[-68.574822,-31.515556],[-68.573902,-31.515573],[-68.573768,-31.515575],[-68.573776,-31.515821],[-68.573801,-31.516616],[-68.573931,-31.516613],[-68.574851,-31.516591],[-68.574822,-31.515556]]]}},{"type":"Feature","properties":{"id":"m359","m2":10900},"geometry":{"type":"Polygon","coordinates":[[[-68.574851,-31.516591],[-68.573931,-31.516613],[-68.573801,-31.516616],[-68.573825,-31.517409],[-68.573831,-31.517601],[-68.573986,-31.517598],[-68.574878,-31.517577],[-68.574851,-31.516591]]]}},{"type":"Feature","properties":{"id":"m360","m2":18981},"geometry":{"type":"Polygon","coordinates":[[[-68.574878,-31.517577],[-68.573986,-31.517598],[-68.573831,-31.517601],[-68.573837,-31.517791],[-68.57386,-31.518464],[-68.575927,-31.51842],[-68.575924,-31.517552],[-68.574878,-31.517577]]]}},{"type":"Feature","properties":{"id":"m361","m2":11943},"geometry":{"type":"Polygon","coordinates":[[[-68.57386,-31.518464],[-68.573837,-31.517791],[-68.573831,-31.517601],[-68.573658,-31.517605],[-68.572847,-31.517624],[-68.572881,-31.518859],[-68.573687,-31.518697],[-68.573866,-31.518661],[-68.57386,-31.518464]]]}},{"type":"Feature","properties":{"id":"m362","m2":15545},"geometry":{"type":"Polygon","coordinates":[[[-68.57386,-31.518464],[-68.573866,-31.518661],[-68.573873,-31.518825],[-68.573891,-31.519238],[-68.573892,-31.519258],[-68.573903,-31.519408],[-68.574107,-31.519358],[-68.575791,-31.518943],[-68.575932,-31.518908],[-68.575928,-31.518729],[-68.575927,-31.51842],[-68.57386,-31.518464]]]}},{"type":"Feature","properties":{"id":"m363","m2":18552},"geometry":{"type":"Polygon","coordinates":[[[-68.572013,-31.517644],[-68.572122,-31.517641],[-68.572847,-31.517624],[-68.57279,-31.515592],[-68.57206,-31.515605],[-68.571935,-31.515607],[-68.571929,-31.515636],[-68.571915,-31.515672],[-68.571905,-31.515701],[-68.5719,-31.515725],[-68.572013,-31.517644]]]}},{"type":"Feature","properties":{"id":"m364","m2":10632},"geometry":{"type":"Polygon","coordinates":[[[-68.572013,-31.517644],[-68.572105,-31.518892],[-68.572197,-31.518891],[-68.572765,-31.518883],[-68.572881,-31.518859],[-68.572847,-31.517624],[-68.572122,-31.517641],[-68.572013,-31.517644]]]}},{"type":"Feature","properties":{"id":"m365","m2":21001},"geometry":{"type":"Polygon","coordinates":[[[-68.572847,-31.517624],[-68.573658,-31.517605],[-68.573831,-31.517601],[-68.573825,-31.517409],[-68.573801,-31.516616],[-68.573776,-31.515821],[-68.573768,-31.515575],[-68.573592,-31.515578],[-68.57279,-31.515592],[-68.572847,-31.517624]]]}},{"type":"Feature","properties":{"id":"m366","m2":17962},"geometry":{"type":"Polygon","coordinates":[[[-68.559244,-31.555031],[-68.558889,-31.553701],[-68.558773,-31.553724],[-68.557667,-31.553945],[-68.558032,-31.555272],[-68.559244,-31.555031]]]}},{"type":"Feature","properties":{"id":"m367","m2":17236},"geometry":{"type":"Polygon","coordinates":[[[-68.564077,-31.55489],[-68.563741,-31.554077],[-68.563481,-31.554142],[-68.561905,-31.554533],[-68.561958,-31.554696],[-68.562174,-31.555361],[-68.562305,-31.555324],[-68.56275,-31.555201],[-68.563049,-31.555123],[-68.563228,-31.555076],[-68.563416,-31.555027],[-68.56389,-31.554903],[-68.564077,-31.55489]]]}},{"type":"Feature","properties":{"id":"m368","m2":16681},"geometry":{"type":"Polygon","coordinates":[[[-68.564077,-31.55489],[-68.565502,-31.554471],[-68.564981,-31.553274],[-68.564582,-31.55338],[-68.564243,-31.553905],[-68.564203,-31.553945],[-68.564151,-31.553975],[-68.563963,-31.554022],[-68.563741,-31.554077],[-68.564077,-31.55489]]]}},{"type":"Feature","properties":{"id":"m369","m2":26882},"geometry":{"type":"Polygon","coordinates":[[[-68.563741,-31.554077],[-68.563338,-31.553131],[-68.563246,-31.552794],[-68.561503,-31.553137],[-68.561571,-31.553373],[-68.561759,-31.554026],[-68.561905,-31.554533],[-68.563481,-31.554142],[-68.563741,-31.554077]]]}},{"type":"Feature","properties":{"id":"m370","m2":17165},"geometry":{"type":"Polygon","coordinates":[[[-68.563741,-31.554077],[-68.563963,-31.554022],[-68.564151,-31.553975],[-68.564203,-31.553945],[-68.564243,-31.553905],[-68.564582,-31.55338],[-68.564981,-31.553274],[-68.564802,-31.55283],[-68.564707,-31.552507],[-68.563246,-31.552794],[-68.563338,-31.553131],[-68.563741,-31.554077]]]}},{"type":"Feature","properties":{"id":"m371","m2":12179},"geometry":{"type":"Polygon","coordinates":[[[-68.563246,-31.552794],[-68.563076,-31.552166],[-68.561323,-31.552513],[-68.561379,-31.552708],[-68.561503,-31.553137],[-68.563246,-31.552794]]]}},{"type":"Feature","properties":{"id":"m372","m2":10210},"geometry":{"type":"Polygon","coordinates":[[[-68.563246,-31.552794],[-68.564707,-31.552507],[-68.564538,-31.551876],[-68.563076,-31.552166],[-68.563246,-31.552794]]]}},{"type":"Feature","properties":{"id":"m373","m2":12950},"geometry":{"type":"Polygon","coordinates":[[[-68.563076,-31.552166],[-68.562935,-31.551645],[-68.562897,-31.551505],[-68.562263,-31.551628],[-68.562108,-31.551659],[-68.561283,-31.55182],[-68.561262,-31.551824],[-68.561131,-31.551849],[-68.561167,-31.551972],[-68.561172,-31.551988],[-68.561323,-31.552513],[-68.563076,-31.552166]]]}},{"type":"Feature","properties":{"id":"m374","m2":10708},"geometry":{"type":"Polygon","coordinates":[[[-68.563076,-31.552166],[-68.564538,-31.551876],[-68.564398,-31.551351],[-68.564363,-31.551218],[-68.564185,-31.551253],[-68.563078,-31.551469],[-68.562897,-31.551505],[-68.562935,-31.551645],[-68.563076,-31.552166]]]}},{"type":"Feature","properties":{"id":"m375","m2":113313},"geometry":{"type":"Polygon","coordinates":[[[-68.562897,-31.551505],[-68.563078,-31.551469],[-68.564185,-31.551253],[-68.564363,-31.551218],[-68.565569,-31.550983],[-68.565649,-31.550967],[-68.565785,-31.550941],[-68.565792,-31.550805],[-68.565844,-31.550096],[-68.565859,-31.549874],[-68.565866,-31.549761],[-68.565868,-31.549737],[-68.565875,-31.549636],[-68.565877,-31.549609],[-68.565944,-31.548651],[-68.565951,-31.54856],[-68.565996,-31.547914],[-68.56586,-31.54791],[-68.564213,-31.547867],[-68.563716,-31.547856],[-68.563087,-31.547908],[-68.56308,-31.547941],[-68.562955,-31.548503],[-68.562837,-31.549036],[-68.562829,-31.549072],[-68.562774,-31.549328],[-68.562754,-31.549424],[-68.562677,-31.549787],[-68.562602,-31.550076],[-68.56259,-31.550123],[-68.56247,-31.550671],[-68.562467,-31.550684],[-68.562336,-31.551287],[-68.562295,-31.551479],[-68.562263,-31.551628],[-68.562897,-31.551505]]]}},{"type":"Feature","properties":{"id":"m376","m2":36135},"geometry":{"type":"Polygon","coordinates":[[[-68.555562,-31.55574],[-68.556631,-31.555541],[-68.556657,-31.55553],[-68.556689,-31.555517],[-68.556716,-31.555504],[-68.55674,-31.555491],[-68.556744,-31.555483],[-68.556747,-31.555481],[-68.556749,-31.555462],[-68.556751,-31.555437],[-68.556752,-31.55541],[-68.556752,-31.55536],[-68.556422,-31.554194],[-68.556246,-31.554229],[-68.556213,-31.55411],[-68.55593,-31.55306],[-68.555916,-31.553006],[-68.55588,-31.552874],[-68.555774,-31.552895],[-68.555677,-31.552914],[-68.555169,-31.553012],[-68.555147,-31.553016],[-68.555143,-31.553149],[-68.555096,-31.554758],[-68.55506,-31.5558],[-68.555562,-31.55574]]]}},{"type":"Feature","properties":{"id":"m377","m2":10539},"geometry":{"type":"Polygon","coordinates":[[[-68.564363,-31.551218],[-68.564398,-31.551351],[-68.564538,-31.551876],[-68.565853,-31.551616],[-68.566017,-31.551583],[-68.565953,-31.551408],[-68.565902,-31.55127],[-68.565831,-31.551074],[-68.565785,-31.550941],[-68.565649,-31.550967],[-68.565569,-31.550983],[-68.564363,-31.551218]]]}},{"type":"Feature","properties":{"id":"m378","m2":10565},"geometry":{"type":"Polygon","coordinates":[[[-68.564538,-31.551876],[-68.564707,-31.552507],[-68.566079,-31.552237],[-68.566245,-31.552204],[-68.566158,-31.551967],[-68.566017,-31.551583],[-68.565853,-31.551616],[-68.564538,-31.551876]]]}},{"type":"Feature","properties":{"id":"m379","m2":12590},"geometry":{"type":"Polygon","coordinates":[[[-68.564707,-31.552507],[-68.564802,-31.55283],[-68.564981,-31.553274],[-68.566336,-31.552916],[-68.566491,-31.552875],[-68.566346,-31.55248],[-68.566245,-31.552204],[-68.566079,-31.552237],[-68.564707,-31.552507]]]}},{"type":"Feature","properties":{"id":"m380","m2":20376},"geometry":{"type":"Polygon","coordinates":[[[-68.564981,-31.553274],[-68.565502,-31.554471],[-68.566747,-31.554105],[-68.566922,-31.554053],[-68.566832,-31.553806],[-68.566813,-31.553756],[-68.566491,-31.552875],[-68.566336,-31.552916],[-68.564981,-31.553274]]]}},{"type":"Feature","properties":{"id":"m381","m2":9663},"geometry":{"type":"Polygon","coordinates":[[[-68.565502,-31.554471],[-68.565733,-31.555051],[-68.566972,-31.554689],[-68.567138,-31.554641],[-68.567091,-31.554513],[-68.566968,-31.554177],[-68.566922,-31.554053],[-68.566747,-31.554105],[-68.565502,-31.554471]]]}},{"type":"Feature","properties":{"id":"m382","m2":78466},"geometry":{"type":"Polygon","coordinates":[[[-68.571965,-31.522029],[-68.571938,-31.521983],[-68.571532,-31.521483],[-68.571196,-31.521007],[-68.571172,-31.520963],[-68.571157,-31.520922],[-68.571145,-31.520883],[-68.570996,-31.520176],[-68.570967,-31.52002],[-68.570952,-31.519909],[-68.570758,-31.519927],[-68.570548,-31.519946],[-68.570398,-31.51996],[-68.569494,-31.520046],[-68.569372,-31.520058],[-68.569356,-31.520059],[-68.569219,-31.520073],[-68.568129,-31.520181],[-68.567978,-31.520197],[-68.567943,-31.520434],[-68.567893,-31.520721],[-68.56782,-31.521134],[-68.567773,-31.521392],[-68.567758,-31.521474],[-68.56773,-31.521628],[-68.567715,-31.52171],[-68.56769,-31.521848],[-68.567665,-31.521983],[-68.56784,-31.522003],[-68.568885,-31.522122],[-68.568992,-31.522134],[-68.569009,-31.522081],[-68.569039,-31.522032],[-68.569082,-31.521991],[-68.569135,-31.521959],[-68.569195,-31.521938],[-68.56926,-31.521929],[-68.569324,-31.521933],[-68.569386,-31.52195],[-68.569442,-31.521978],[-68.569489,-31.522016],[-68.569525,-31.522062],[-68.569538,-31.522089],[-68.569547,-31.522116],[-68.570677,-31.522204],[-68.571424,-31.522265],[-68.571461,-31.522279],[-68.571492,-31.522306],[-68.57152,-31.522349],[-68.571549,-31.522409],[-68.572114,-31.522352],[-68.571965,-31.522029]]]}},{"type":"Feature","properties":{"id":"m383","m2":11085},"geometry":{"type":"Polygon","coordinates":[[[-68.569238,-31.519194],[-68.569336,-31.519914],[-68.569356,-31.520059],[-68.569372,-31.520058],[-68.569494,-31.520046],[-68.570398,-31.51996],[-68.570548,-31.519946],[-68.570526,-31.519784],[-68.570428,-31.519069],[-68.569415,-31.519176],[-68.569238,-31.519194]]]}},{"type":"Feature","properties":{"id":"m384","m2":11489},"geometry":{"type":"Polygon","coordinates":[[[-68.569238,-31.519194],[-68.568119,-31.519313],[-68.567978,-31.520197],[-68.568129,-31.520181],[-68.569219,-31.520073],[-68.569356,-31.520059],[-68.569336,-31.519914],[-68.569238,-31.519194]]]}},{"type":"Feature","properties":{"id":"m385","m2":946},"geometry":{"type":"Polygon","coordinates":[[[-68.569268,-31.516413],[-68.569238,-31.516456],[-68.569226,-31.516489],[-68.569224,-31.516524],[-68.569231,-31.516558],[-68.569247,-31.516591],[-68.569281,-31.516629],[-68.569328,-31.516656],[-68.569382,-31.516671],[-68.569439,-31.51667],[-68.569493,-31.516655],[-68.569538,-31.516627],[-68.569572,-31.516588],[-68.569591,-31.516539],[-68.56959,-31.516488],[-68.56957,-31.516439],[-68.569534,-31.516399],[-68.569484,-31.516372],[-68.569427,-31.516358],[-68.569368,-31.516361],[-68.569314,-31.51638],[-68.569268,-31.516413]]]}},{"type":"Feature","properties":{"id":"m386","m2":2152},"geometry":{"type":"Polygon","coordinates":[[[-68.570637,-31.522542],[-68.571549,-31.522409],[-68.57152,-31.522349],[-68.571492,-31.522306],[-68.571461,-31.522279],[-68.571424,-31.522265],[-68.570677,-31.522204],[-68.570637,-31.522542]]]}},{"type":"Feature","properties":{"id":"m387","m2":53546},"geometry":{"type":"Polygon","coordinates":[[[-68.570637,-31.522542],[-68.570677,-31.522204],[-68.569547,-31.522116],[-68.569554,-31.522154],[-68.569553,-31.522192],[-68.569546,-31.52223],[-68.569531,-31.522265],[-68.569497,-31.522315],[-68.56945,-31.522357],[-68.569393,-31.522388],[-68.569328,-31.522406],[-68.569261,-31.522411],[-68.569194,-31.522402],[-68.569131,-31.522379],[-68.569077,-31.522345],[-68.569034,-31.522301],[-68.569004,-31.522248],[-68.56899,-31.522192],[-68.568992,-31.522134],[-68.568885,-31.522122],[-68.56784,-31.522003],[-68.567665,-31.521983],[-68.567648,-31.522078],[-68.567563,-31.522621],[-68.567518,-31.522985],[-68.567505,-31.52309],[-68.567504,-31.523103],[-68.567482,-31.5233],[-68.567465,-31.52346],[-68.567591,-31.523467],[-68.567683,-31.523474],[-68.569738,-31.52363],[-68.569853,-31.523636],[-68.569907,-31.523638],[-68.569943,-31.523635],[-68.569976,-31.523625],[-68.571014,-31.523107],[-68.571574,-31.522825],[-68.571618,-31.522807],[-68.571658,-31.522794],[-68.571704,-31.522788],[-68.572271,-31.522725],[-68.572226,-31.522618],[-68.572114,-31.522352],[-68.571549,-31.522409],[-68.570637,-31.522542]]]}},{"type":"Feature","properties":{"id":"m388","m2":15771},"geometry":{"type":"Polygon","coordinates":[[[-68.570428,-31.519069],[-68.570526,-31.519784],[-68.570548,-31.519946],[-68.570758,-31.519927],[-68.570952,-31.519909],[-68.571381,-31.519869],[-68.571494,-31.519857],[-68.571636,-31.51984],[-68.571805,-31.51982],[-68.571946,-31.519796],[-68.572061,-31.519778],[-68.572118,-31.519768],[-68.572157,-31.519761],[-68.572214,-31.519751],[-68.572196,-31.519586],[-68.572105,-31.518892],[-68.572012,-31.518902],[-68.571796,-31.518924],[-68.570581,-31.519053],[-68.570428,-31.519069]]]}},{"type":"Feature","properties":{"id":"m389","m2":14295},"geometry":{"type":"Polygon","coordinates":[[[-68.572105,-31.518892],[-68.572196,-31.519586],[-68.572214,-31.519751],[-68.572339,-31.519729],[-68.572463,-31.519707],[-68.572565,-31.519688],[-68.57265,-31.519672],[-68.572757,-31.519652],[-68.572884,-31.519629],[-68.572991,-31.519608],[-68.573153,-31.519578],[-68.57331,-31.51955],[-68.573412,-31.519528],[-68.573521,-31.519504],[-68.573618,-31.519482],[-68.573672,-31.519468],[-68.57371,-31.519459],[-68.573903,-31.519408],[-68.573892,-31.519258],[-68.573891,-31.519238],[-68.573873,-31.518825],[-68.573866,-31.518661],[-68.573687,-31.518697],[-68.572881,-31.518859],[-68.572765,-31.518883],[-68.572197,-31.518891],[-68.572105,-31.518892]]]}},{"type":"Feature","properties":{"id":"m390","m2":5301},"geometry":{"type":"Polygon","coordinates":[[[-68.572271,-31.522725],[-68.571704,-31.522788],[-68.571658,-31.522794],[-68.571618,-31.522807],[-68.571574,-31.522825],[-68.571809,-31.523133],[-68.571857,-31.523186],[-68.571941,-31.52324],[-68.572028,-31.523271],[-68.572131,-31.523292],[-68.572243,-31.523297],[-68.572346,-31.523292],[-68.572448,-31.523258],[-68.572539,-31.523211],[-68.572621,-31.523151],[-68.572827,-31.522829],[-68.57267,-31.522758],[-68.572611,-31.522737],[-68.572541,-31.522723],[-68.57247,-31.522717],[-68.572391,-31.522716],[-68.572271,-31.522725]]]}},{"type":"Feature","properties":{"id":"m391","m2":2766},"geometry":{"type":"Polygon","coordinates":[[[-68.566577,-31.522217],[-68.566597,-31.522173],[-68.566603,-31.52215],[-68.566602,-31.522122],[-68.566591,-31.522088],[-68.566573,-31.522056],[-68.566555,-31.522038],[-68.566535,-31.522027],[-68.566506,-31.52202],[-68.566456,-31.522005],[-68.566424,-31.521992],[-68.566396,-31.521974],[-68.566368,-31.521953],[-68.566343,-31.521933],[-68.566309,-31.5219],[-68.566276,-31.52187],[-68.566244,-31.521863],[-68.566209,-31.521866],[-68.566176,-31.521874],[-68.566144,-31.521887],[-68.566115,-31.521986],[-68.566087,-31.522132],[-68.566064,-31.522267],[-68.566042,-31.522327],[-68.566007,-31.522395],[-68.565976,-31.52244],[-68.565951,-31.522483],[-68.565952,-31.522517],[-68.565964,-31.522546],[-68.565982,-31.522568],[-68.566009,-31.522582],[-68.566065,-31.522583],[-68.566119,-31.522578],[-68.566162,-31.522564],[-68.566198,-31.522541],[-68.566398,-31.52237],[-68.566577,-31.522217]]]}},{"type":"Feature","properties":{"id":"m392","m2":5546},"geometry":{"type":"Polygon","coordinates":[[[-68.584984,-31.516963],[-68.585094,-31.517762],[-68.585744,-31.517699],[-68.58563,-31.516897],[-68.584984,-31.516963]]]}},{"type":"Feature","properties":{"id":"m393","m2":17513},"geometry":{"type":"Polygon","coordinates":[[[-68.584984,-31.516963],[-68.58563,-31.516897],[-68.586985,-31.516758],[-68.58692,-31.516268],[-68.586917,-31.516253],[-68.586904,-31.516147],[-68.586801,-31.516157],[-68.586724,-31.516165],[-68.5844,-31.516396],[-68.584376,-31.516398],[-68.584255,-31.516408],[-68.584264,-31.516522],[-68.584266,-31.516549],[-68.584273,-31.516654],[-68.5843,-31.517031],[-68.584421,-31.51702],[-68.584984,-31.516963]]]}},{"type":"Feature","properties":{"id":"m394","m2":6054},"geometry":{"type":"Polygon","coordinates":[[[-68.584984,-31.516963],[-68.584421,-31.51702],[-68.5843,-31.517031],[-68.584357,-31.517833],[-68.584474,-31.517822],[-68.585094,-31.517762],[-68.584984,-31.516963]]]}},{"type":"Feature","properties":{"id":"m395","m2":9485},"geometry":{"type":"Polygon","coordinates":[[[-68.588182,-31.51765],[-68.588217,-31.518207],[-68.589826,-31.518141],[-68.589814,-31.517726],[-68.58981,-31.517584],[-68.589721,-31.517592],[-68.588182,-31.51765]]]}},{"type":"Feature","properties":{"id":"m396","m2":49242},"geometry":{"type":"Polygon","coordinates":[[[-68.588182,-31.51765],[-68.589721,-31.517592],[-68.58981,-31.517584],[-68.589794,-31.517015],[-68.589778,-31.516443],[-68.589774,-31.516297],[-68.589766,-31.516002],[-68.589764,-31.515961],[-68.589761,-31.515853],[-68.589152,-31.515915],[-68.588876,-31.515944],[-68.58789,-31.516045],[-68.587087,-31.516128],[-68.586904,-31.516147],[-68.586917,-31.516253],[-68.58692,-31.516268],[-68.586985,-31.516758],[-68.587004,-31.516902],[-68.58701,-31.516952],[-68.587052,-31.517267],[-68.587045,-31.517341],[-68.587001,-31.517668],[-68.586989,-31.517757],[-68.587415,-31.517796],[-68.587826,-31.517672],[-68.588182,-31.51765]]]}},{"type":"Feature","properties":{"id":"m397","m2":14838},"geometry":{"type":"Polygon","coordinates":[[[-68.588182,-31.51765],[-68.587826,-31.517672],[-68.587415,-31.517796],[-68.586989,-31.517757],[-68.586968,-31.517903],[-68.586875,-31.518579],[-68.586867,-31.518641],[-68.58685,-31.518782],[-68.587012,-31.518796],[-68.587396,-31.518828],[-68.588105,-31.518798],[-68.588254,-31.518792],[-68.588217,-31.518207],[-68.588182,-31.51765]]]}},{"type":"Feature","properties":{"id":"m398","m2":9816},"geometry":{"type":"Polygon","coordinates":[[[-68.588217,-31.518207],[-68.588254,-31.518792],[-68.588418,-31.518784],[-68.589031,-31.518756],[-68.589667,-31.518728],[-68.589842,-31.51872],[-68.589826,-31.518141],[-68.588217,-31.518207]]]}},{"type":"Feature","properties":{"id":"m399","m2":42485},"geometry":{"type":"Polygon","coordinates":[[[-68.588254,-31.518792],[-68.58829,-31.519373],[-68.588321,-31.519869],[-68.588656,-31.51986],[-68.588916,-31.519879],[-68.588926,-31.519804],[-68.588935,-31.519741],[-68.590098,-31.519881],[-68.590773,-31.519975],[-68.590706,-31.520679],[-68.590702,-31.520741],[-68.591032,-31.520941],[-68.591078,-31.52096],[-68.591124,-31.520971],[-68.591486,-31.521],[-68.591492,-31.520931],[-68.591499,-31.520854],[-68.591544,-31.520329],[-68.591572,-31.519959],[-68.59158,-31.51993],[-68.591608,-31.519891],[-68.59165,-31.519857],[-68.59167,-31.519828],[-68.591681,-31.519803],[-68.591688,-31.519772],[-68.591688,-31.519723],[-68.591685,-31.519692],[-68.591677,-31.519659],[-68.591657,-31.519628],[-68.591612,-31.519586],[-68.59156,-31.519544],[-68.591523,-31.519523],[-68.591443,-31.519498],[-68.59128,-31.519443],[-68.591205,-31.519412],[-68.591168,-31.519389],[-68.591137,-31.519353],[-68.591114,-31.519312],[-68.591098,-31.51926],[-68.591094,-31.519209],[-68.591122,-31.518767],[-68.591129,-31.518657],[-68.591022,-31.51866],[-68.59097,-31.518661],[-68.590677,-31.518669],[-68.590368,-31.518673],[-68.590001,-31.518707],[-68.589842,-31.51872],[-68.589853,-31.519089],[-68.589042,-31.518995],[-68.589031,-31.518756],[-68.588418,-31.518784],[-68.588254,-31.518792]]]}},{"type":"Feature","properties":{"id":"m400","m2":9125},"geometry":{"type":"Polygon","coordinates":[[[-68.588254,-31.518792],[-68.588105,-31.518798],[-68.587396,-31.518828],[-68.587012,-31.518796],[-68.58685,-31.518782],[-68.586834,-31.518914],[-68.586799,-31.519202],[-68.58681,-31.519431],[-68.58829,-31.519373],[-68.588254,-31.518792]]]}},{"type":"Feature","properties":{"id":"m401","m2":7593},"geometry":{"type":"Polygon","coordinates":[[[-68.58829,-31.519373],[-68.58681,-31.519431],[-68.586825,-31.519728],[-68.586832,-31.519863],[-68.58697,-31.519906],[-68.588321,-31.519869],[-68.58829,-31.519373]]]}},{"type":"Feature","properties":{"id":"m402","m2":13117},"geometry":{"type":"Polygon","coordinates":[[[-68.588321,-31.519869],[-68.588328,-31.519978],[-68.588426,-31.520457],[-68.588538,-31.521027],[-68.588653,-31.521588],[-68.589001,-31.52158],[-68.589377,-31.521527],[-68.589239,-31.520856],[-68.589058,-31.519971],[-68.589041,-31.519892],[-68.588916,-31.519879],[-68.588656,-31.51986],[-68.588321,-31.519869]]]}},{"type":"Feature","properties":{"id":"m403","m2":9501},"geometry":{"type":"Polygon","coordinates":[[[-68.588321,-31.519869],[-68.58697,-31.519906],[-68.586832,-31.519863],[-68.586838,-31.519995],[-68.586841,-31.520045],[-68.586859,-31.520394],[-68.586865,-31.520501],[-68.58752,-31.520482],[-68.588426,-31.520457],[-68.588328,-31.519978],[-68.588321,-31.519869]]]}},{"type":"Feature","properties":{"id":"m404","m2":5716},"geometry":{"type":"Polygon","coordinates":[[[-68.588426,-31.520457],[-68.58752,-31.520482],[-68.587539,-31.521047],[-68.588538,-31.521027],[-68.588426,-31.520457]]]}},{"type":"Feature","properties":{"id":"m405","m2":10153},"geometry":{"type":"Polygon","coordinates":[[[-68.588538,-31.521027],[-68.587539,-31.521047],[-68.586883,-31.521062],[-68.586901,-31.521503],[-68.586906,-31.52163],[-68.587644,-31.521612],[-68.588013,-31.521604],[-68.588653,-31.521588],[-68.588538,-31.521027]]]}},{"type":"Feature","properties":{"id":"m406","m2":72485},"geometry":{"type":"Polygon","coordinates":[[[-68.588653,-31.521588],[-68.588721,-31.521905],[-68.588687,-31.523128],[-68.58903,-31.52313],[-68.589379,-31.523162],[-68.589368,-31.523065],[-68.589401,-31.522213],[-68.590205,-31.522293],[-68.590953,-31.522367],[-68.59193,-31.522464],[-68.592615,-31.522532],[-68.592684,-31.522539],[-68.592697,-31.522451],[-68.592877,-31.521244],[-68.592897,-31.521114],[-68.592834,-31.521109],[-68.592751,-31.521102],[-68.591638,-31.521013],[-68.591486,-31.521],[-68.591124,-31.520971],[-68.591078,-31.52096],[-68.591032,-31.520941],[-68.590702,-31.520741],[-68.589787,-31.520224],[-68.589267,-31.519925],[-68.58921,-31.519908],[-68.589041,-31.519892],[-68.589058,-31.519971],[-68.589239,-31.520856],[-68.589377,-31.521527],[-68.589001,-31.52158],[-68.588653,-31.521588]]]}},{"type":"Feature","properties":{"id":"m407","m2":10587},"geometry":{"type":"Polygon","coordinates":[[[-68.588653,-31.521588],[-68.588013,-31.521604],[-68.588033,-31.522019],[-68.58807,-31.522771],[-68.588089,-31.523153],[-68.588687,-31.523128],[-68.588721,-31.521905],[-68.588653,-31.521588]]]}},{"type":"Feature","properties":{"id":"m408","m2":111086},"geometry":{"type":"Polygon","coordinates":[[[-68.588687,-31.523128],[-68.588089,-31.523153],[-68.587764,-31.523166],[-68.587086,-31.523142],[-68.585307,-31.523243],[-68.58512,-31.523248],[-68.585006,-31.523674],[-68.584954,-31.523758],[-68.584898,-31.523954],[-68.584853,-31.524119],[-68.584827,-31.524237],[-68.584677,-31.524789],[-68.584669,-31.524819],[-68.584614,-31.525021],[-68.584601,-31.525069],[-68.585551,-31.525082],[-68.585418,-31.525667],[-68.585213,-31.52656],[-68.585113,-31.526999],[-68.585084,-31.527124],[-68.584956,-31.527684],[-68.584936,-31.527772],[-68.584716,-31.528734],[-68.584683,-31.528879],[-68.584838,-31.528904],[-68.585911,-31.529076],[-68.585996,-31.529088],[-68.586016,-31.528994],[-68.586168,-31.528304],[-68.586193,-31.528146],[-68.586226,-31.528031],[-68.586247,-31.527953],[-68.586354,-31.527444],[-68.586484,-31.526852],[-68.586626,-31.52627],[-68.586758,-31.525678],[-68.586859,-31.525177],[-68.586877,-31.525115],[-68.586885,-31.525084],[-68.586941,-31.525028],[-68.587008,-31.524773],[-68.587154,-31.524153],[-68.58727,-31.523619],[-68.587279,-31.523588],[-68.587302,-31.523565],[-68.587329,-31.523553],[-68.588875,-31.523451],[-68.588905,-31.523457],[-68.58893,-31.52347],[-68.588955,-31.523488],[-68.588968,-31.523511],[-68.588972,-31.523532],[-68.589001,-31.524039],[-68.589444,-31.524011],[-68.589438,-31.523864],[-68.589379,-31.523162],[-68.58903,-31.52313],[-68.588687,-31.523128]]]}},{"type":"Feature","properties":{"id":"m409","m2":23937},"geometry":{"type":"Polygon","coordinates":[[[-68.589778,-31.516443],[-68.589794,-31.517015],[-68.58981,-31.517584],[-68.59033,-31.517539],[-68.591155,-31.517526],[-68.591152,-31.517466],[-68.591145,-31.517402],[-68.591138,-31.517351],[-68.591123,-31.517273],[-68.591113,-31.517208],[-68.591102,-31.517143],[-68.591098,-31.517091],[-68.591097,-31.51704],[-68.5911,-31.516969],[-68.591099,-31.516926],[-68.591103,-31.516858],[-68.591111,-31.516789],[-68.59112,-31.516721],[-68.591129,-31.516647],[-68.591135,-31.516593],[-68.591132,-31.51653],[-68.591128,-31.516481],[-68.591125,-31.516446],[-68.591121,-31.516397],[-68.591116,-31.516355],[-68.591106,-31.51626],[-68.591083,-31.516262],[-68.591052,-31.516255],[-68.591032,-31.516238],[-68.591012,-31.516214],[-68.591,-31.516192],[-68.590989,-31.516163],[-68.590981,-31.51612],[-68.590969,-31.516062],[-68.590965,-31.516012],[-68.59096,-31.515891],[-68.590959,-31.51586],[-68.590952,-31.515735],[-68.59093,-31.515737],[-68.590813,-31.515748],[-68.590674,-31.515763],[-68.589891,-31.515839],[-68.589761,-31.515853],[-68.589764,-31.515961],[-68.589766,-31.516002],[-68.589774,-31.516297],[-68.589778,-31.516443]]]}},{"type":"Feature","properties":{"id":"m410","m2":6046},"geometry":{"type":"Polygon","coordinates":[[[-68.586968,-31.517903],[-68.586989,-31.517757],[-68.587001,-31.517668],[-68.587045,-31.517341],[-68.585947,-31.517448],[-68.586022,-31.518008],[-68.586968,-31.517903]]]}},{"type":"Feature","properties":{"id":"m411","m2":15646},"geometry":{"type":"Polygon","coordinates":[[[-68.586904,-31.516147],[-68.587087,-31.516128],[-68.58789,-31.516045],[-68.587886,-31.515929],[-68.587884,-31.515891],[-68.587867,-31.515355],[-68.587857,-31.51521],[-68.587789,-31.514813],[-68.587119,-31.514835],[-68.586716,-31.514788],[-68.586682,-31.515177],[-68.586692,-31.515701],[-68.586733,-31.516006],[-68.586776,-31.516048],[-68.586785,-31.516058],[-68.586786,-31.516064],[-68.586801,-31.516157],[-68.586904,-31.516147]]]}},{"type":"Feature","properties":{"id":"m412","m2":2594},"geometry":{"type":"Polygon","coordinates":[[[-68.589853,-31.519089],[-68.589842,-31.51872],[-68.589667,-31.518728],[-68.589031,-31.518756],[-68.589042,-31.518995],[-68.589853,-31.519089]]]}},{"type":"Feature","properties":{"id":"m413","m2":15416},"geometry":{"type":"Polygon","coordinates":[[[-68.589842,-31.51872],[-68.590001,-31.518707],[-68.590368,-31.518673],[-68.590677,-31.518669],[-68.59097,-31.518661],[-68.591022,-31.51866],[-68.591129,-31.518657],[-68.591131,-31.518587],[-68.591131,-31.518484],[-68.59112,-31.518367],[-68.591106,-31.518284],[-68.591096,-31.518204],[-68.591091,-31.518156],[-68.591089,-31.518122],[-68.591089,-31.518089],[-68.591086,-31.518025],[-68.591089,-31.517941],[-68.591096,-31.517874],[-68.591104,-31.517807],[-68.591116,-31.517757],[-68.591131,-31.517688],[-68.591139,-31.517641],[-68.591153,-31.517574],[-68.591155,-31.517526],[-68.59033,-31.517539],[-68.58981,-31.517584],[-68.589814,-31.517726],[-68.589826,-31.518141],[-68.589842,-31.51872]]]}},{"type":"Feature","properties":{"id":"m414","m2":381279},"geometry":{"type":"Polygon","coordinates":[[[-68.589761,-31.515853],[-68.589891,-31.515839],[-68.590674,-31.515763],[-68.590813,-31.515748],[-68.59093,-31.515737],[-68.590952,-31.515735],[-68.591202,-31.515704],[-68.591302,-31.515695],[-68.591682,-31.515661],[-68.591749,-31.515655],[-68.591795,-31.515651],[-68.591818,-31.515649],[-68.59182,-31.515544],[-68.591829,-31.515145],[-68.59376,-31.51518],[-68.593781,-31.514468],[-68.59381,-31.514469],[-68.593819,-31.514469],[-68.594607,-31.514489],[-68.595103,-31.514501],[-68.595131,-31.514495],[-68.595167,-31.514479],[-68.595196,-31.514456],[-68.595212,-31.514434],[-68.595256,-31.514286],[-68.595592,-31.51429],[-68.596235,-31.514296],[-68.596103,-31.515081],[-68.596063,-31.515244],[-68.595934,-31.516012],[-68.595909,-31.516148],[-68.596014,-31.516161],[-68.596146,-31.516177],[-68.59711,-31.516295],[-68.597258,-31.516314],[-68.597292,-31.516234],[-68.597459,-31.515836],[-68.597471,-31.515807],[-68.598191,-31.514097],[-68.59822,-31.514028],[-68.598266,-31.513915],[-68.59831,-31.513811],[-68.599357,-31.511326],[-68.599249,-31.511323],[-68.599218,-31.511322],[-68.598972,-31.511322],[-68.593245,-31.511351],[-68.593097,-31.51135],[-68.592906,-31.511365],[-68.592749,-31.511382],[-68.592653,-31.511392],[-68.592539,-31.511392],[-68.592417,-31.511379],[-68.592268,-31.511356],[-68.592097,-31.511352],[-68.591741,-31.511355],[-68.590277,-31.511359],[-68.590151,-31.511746],[-68.589849,-31.512653],[-68.589182,-31.512489],[-68.589306,-31.512107],[-68.5886,-31.51193],[-68.588381,-31.512577],[-68.588229,-31.513024],[-68.588071,-31.513491],[-68.588782,-31.513664],[-68.589523,-31.513844],[-68.5895,-31.513752],[-68.589504,-31.513742],[-68.589515,-31.513706],[-68.589569,-31.513559],[-68.589248,-31.513481],[-68.589196,-31.513459],[-68.589183,-31.513415],[-68.589376,-31.512886],[-68.589408,-31.512849],[-68.589465,-31.512848],[-68.590735,-31.513162],[-68.59054,-31.513728],[-68.590511,-31.51376],[-68.590442,-31.513769],[-68.589671,-31.513583],[-68.589617,-31.513733],[-68.589605,-31.513767],[-68.589601,-31.513776],[-68.589523,-31.513844],[-68.589321,-31.514464],[-68.590391,-31.514731],[-68.59036,-31.514809],[-68.589168,-31.514931],[-68.589083,-31.515192],[-68.58909,-31.515234],[-68.589135,-31.515537],[-68.589146,-31.51577],[-68.589147,-31.515807],[-68.589152,-31.515915],[-68.589761,-31.515853]]]}},{"type":"Feature","properties":{"id":"m415","m2":310127},"geometry":{"type":"Polygon","coordinates":[[[-68.591155,-31.517526],[-68.591153,-31.517574],[-68.591139,-31.517641],[-68.591131,-31.517688],[-68.591116,-31.517757],[-68.591104,-31.517807],[-68.591096,-31.517874],[-68.591089,-31.517941],[-68.591086,-31.518025],[-68.591089,-31.518089],[-68.591089,-31.518122],[-68.591091,-31.518156],[-68.591096,-31.518204],[-68.591106,-31.518284],[-68.59112,-31.518367],[-68.591131,-31.518484],[-68.591131,-31.518587],[-68.591129,-31.518657],[-68.591122,-31.518767],[-68.591094,-31.519209],[-68.591098,-31.51926],[-68.591114,-31.519312],[-68.591137,-31.519353],[-68.591168,-31.519389],[-68.591205,-31.519412],[-68.59128,-31.519443],[-68.591443,-31.519498],[-68.591523,-31.519523],[-68.59156,-31.519544],[-68.591612,-31.519586],[-68.591657,-31.519628],[-68.591677,-31.519659],[-68.591685,-31.519692],[-68.591688,-31.519723],[-68.591688,-31.519772],[-68.591681,-31.519803],[-68.59167,-31.519828],[-68.59165,-31.519857],[-68.591608,-31.519891],[-68.59158,-31.51993],[-68.591572,-31.519959],[-68.591544,-31.520329],[-68.591614,-31.520333],[-68.592267,-31.520374],[-68.592562,-31.52049],[-68.592912,-31.520515],[-68.592985,-31.52052],[-68.592897,-31.521114],[-68.592877,-31.521244],[-68.592697,-31.522451],[-68.592684,-31.522539],[-68.59267,-31.522656],[-68.592539,-31.523783],[-68.592534,-31.523823],[-68.592512,-31.523976],[-68.592519,-31.524008],[-68.592527,-31.524028],[-68.592536,-31.524048],[-68.592546,-31.524066],[-68.592553,-31.524068],[-68.592985,-31.524132],[-68.592996,-31.52409],[-68.59301,-31.52406],[-68.593052,-31.524042],[-68.594511,-31.523756],[-68.594538,-31.523833],[-68.594428,-31.52435],[-68.595238,-31.524471],[-68.595467,-31.524506],[-68.595603,-31.524526],[-68.595612,-31.524476],[-68.595638,-31.524342],[-68.595665,-31.524186],[-68.595691,-31.524041],[-68.595762,-31.523641],[-68.595792,-31.52347],[-68.595818,-31.523341],[-68.595838,-31.523134],[-68.595791,-31.523114],[-68.595756,-31.523096],[-68.595722,-31.523063],[-68.595694,-31.523041],[-68.595679,-31.523027],[-68.59566,-31.523012],[-68.595645,-31.523004],[-68.595631,-31.522999],[-68.595606,-31.522994],[-68.595575,-31.52299],[-68.59554,-31.522986],[-68.595502,-31.522977],[-68.595469,-31.522958],[-68.595437,-31.522945],[-68.595393,-31.522935],[-68.595357,-31.522927],[-68.5953,-31.522922],[-68.595194,-31.522929],[-68.595127,-31.522929],[-68.595047,-31.52294],[-68.594854,-31.522965],[-68.594785,-31.522972],[-68.594728,-31.522972],[-68.594641,-31.52297],[-68.594521,-31.522972],[-68.594396,-31.522982],[-68.594256,-31.522999],[-68.59411,-31.523031],[-68.593991,-31.52306],[-68.593972,-31.523063],[-68.593886,-31.523096],[-68.593812,-31.523134],[-68.593712,-31.523185],[-68.593622,-31.523232],[-68.593555,-31.523267],[-68.593508,-31.523291],[-68.593462,-31.523305],[-68.59341,-31.523311],[-68.593354,-31.52331],[-68.593305,-31.523291],[-68.593255,-31.523258],[-68.593209,-31.523219],[-68.593186,-31.523173],[-68.593177,-31.523112],[-68.593183,-31.523058],[-68.593204,-31.522975],[-68.593236,-31.522876],[-68.593249,-31.522816],[-68.593267,-31.522712],[-68.593292,-31.522524],[-68.593277,-31.522326],[-68.59328,-31.522199],[-68.593292,-31.522089],[-68.593319,-31.521964],[-68.593359,-31.52185],[-68.593389,-31.521769],[-68.593398,-31.521723],[-68.593405,-31.521661],[-68.593409,-31.521566],[-68.593407,-31.521474],[-68.593403,-31.521453],[-68.593397,-31.521376],[-68.593394,-31.521286],[-68.593401,-31.521181],[-68.593405,-31.521103],[-68.593418,-31.521029],[-68.593441,-31.52094],[-68.593471,-31.520849],[-68.593506,-31.520773],[-68.593541,-31.520706],[-68.593531,-31.52066],[-68.593511,-31.520628],[-68.593474,-31.520561],[-68.59346,-31.520508],[-68.593465,-31.520458],[-68.593491,-31.520415],[-68.593523,-31.520386],[-68.593555,-31.520369],[-68.593602,-31.520361],[-68.593653,-31.520362],[-68.593697,-31.52037],[-68.593755,-31.520394],[-68.593806,-31.520403],[-68.593858,-31.520406],[-68.593916,-31.520396],[-68.593982,-31.520391],[-68.594042,-31.520395],[-68.5941,-31.520406],[-68.594156,-31.520429],[-68.594215,-31.520456],[-68.594252,-31.520486],[-68.594297,-31.520521],[-68.594334,-31.520552],[-68.594368,-31.520576],[-68.594398,-31.520591],[-68.594444,-31.520615],[-68.594493,-31.520634],[-68.594527,-31.520643],[-68.594585,-31.520651],[-68.594651,-31.520657],[-68.594726,-31.520661],[-68.594781,-31.520659],[-68.594822,-31.520653],[-68.594857,-31.520643],[-68.594932,-31.520617],[-68.594971,-31.520597],[-68.595033,-31.520572],[-68.595093,-31.520548],[-68.595149,-31.520533],[-68.595212,-31.520526],[-68.595292,-31.520532],[-68.595385,-31.520548],[-68.595479,-31.520579],[-68.595555,-31.52062],[-68.595608,-31.520668],[-68.595648,-31.520715],[-68.595682,-31.520767],[-68.595711,-31.520841],[-68.595734,-31.520911],[-68.595749,-31.520989],[-68.595756,-31.521084],[-68.595762,-31.521222],[-68.595748,-31.521366],[-68.595734,-31.521469],[-68.595713,-31.521575],[-68.595885,-31.521587],[-68.595973,-31.521593],[-68.596146,-31.51975],[-68.596151,-31.519696],[-68.596196,-31.519219],[-68.596215,-31.51908],[-68.596231,-31.518953],[-68.596235,-31.518923],[-68.596248,-31.5188],[-68.596258,-31.518738],[-68.596268,-31.518684],[-68.596283,-31.518633],[-68.596297,-31.518587],[-68.596328,-31.518509],[-68.596347,-31.518461],[-68.59636,-31.51843],[-68.596394,-31.518351],[-68.596437,-31.518249],[-68.596575,-31.517933],[-68.597222,-31.516397],[-68.597258,-31.516314],[-68.59711,-31.516295],[-68.596146,-31.516177],[-68.596014,-31.516161],[-68.595909,-31.516148],[-68.595768,-31.51613],[-68.595153,-31.516054],[-68.594517,-31.515975],[-68.594402,-31.515961],[-68.594281,-31.515946],[-68.593647,-31.515868],[-68.593002,-31.515788],[-68.592694,-31.515751],[-68.592135,-31.515684],[-68.591856,-31.51565],[-68.591818,-31.515649],[-68.591795,-31.515651],[-68.591749,-31.515655],[-68.591682,-31.515661],[-68.591302,-31.515695],[-68.591202,-31.515704],[-68.591205,-31.515831],[-68.59121,-31.51603],[-68.591211,-31.516069],[-68.591208,-31.516103],[-68.591203,-31.516137],[-68.591191,-31.516174],[-68.591174,-31.516214],[-68.591155,-31.516236],[-68.591142,-31.516245],[-68.591124,-31.516256],[-68.591106,-31.51626],[-68.591116,-31.516355],[-68.591121,-31.516397],[-68.591125,-31.516446],[-68.591128,-31.516481],[-68.591132,-31.51653],[-68.591135,-31.516593],[-68.591129,-31.516647],[-68.59112,-31.516721],[-68.591111,-31.516789],[-68.591103,-31.516858],[-68.591099,-31.516926],[-68.5911,-31.516969],[-68.591097,-31.51704],[-68.591098,-31.517091],[-68.591102,-31.517143],[-68.591113,-31.517208],[-68.591123,-31.517273],[-68.591138,-31.517351],[-68.591145,-31.517402],[-68.591152,-31.517466],[-68.591155,-31.517526]]]}},{"type":"Feature","properties":{"id":"m416","m2":3894},"geometry":{"type":"Polygon","coordinates":[[[-68.586865,-31.520501],[-68.586883,-31.521062],[-68.587539,-31.521047],[-68.58752,-31.520482],[-68.586865,-31.520501]]]}},{"type":"Feature","properties":{"id":"m417","m2":14315},"geometry":{"type":"Polygon","coordinates":[[[-68.586865,-31.520501],[-68.586859,-31.520394],[-68.586841,-31.520045],[-68.586838,-31.519995],[-68.586832,-31.519863],[-68.586739,-31.519815],[-68.586144,-31.519379],[-68.58618,-31.520408],[-68.586224,-31.521635],[-68.586738,-31.521631],[-68.586906,-31.52163],[-68.586901,-31.521503],[-68.586883,-31.521062],[-68.586865,-31.520501]]]}},{"type":"Feature","properties":{"id":"m418","m2":24256},"geometry":{"type":"Polygon","coordinates":[[[-68.59193,-31.522464],[-68.59185,-31.523046],[-68.590879,-31.522941],[-68.590828,-31.523309],[-68.590779,-31.523596],[-68.590703,-31.524037],[-68.590835,-31.524043],[-68.590908,-31.524046],[-68.592359,-31.524112],[-68.592389,-31.524109],[-68.592412,-31.524103],[-68.592425,-31.524099],[-68.592441,-31.524093],[-68.592458,-31.524087],[-68.592464,-31.524082],[-68.592474,-31.524064],[-68.592482,-31.524048],[-68.59249,-31.52403],[-68.592499,-31.52401],[-68.592512,-31.523976],[-68.592534,-31.523823],[-68.592539,-31.523783],[-68.59267,-31.522656],[-68.592684,-31.522539],[-68.592615,-31.522532],[-68.59193,-31.522464]]]}},{"type":"Feature","properties":{"id":"m419","m2":6016},"geometry":{"type":"Polygon","coordinates":[[[-68.59193,-31.522464],[-68.590953,-31.522367],[-68.590879,-31.522941],[-68.59185,-31.523046],[-68.59193,-31.522464]]]}},{"type":"Feature","properties":{"id":"m420","m2":17699},"geometry":{"type":"Polygon","coordinates":[[[-68.588013,-31.521604],[-68.587644,-31.521612],[-68.586906,-31.52163],[-68.586942,-31.522366],[-68.586956,-31.522671],[-68.587086,-31.523142],[-68.587764,-31.523166],[-68.588089,-31.523153],[-68.58807,-31.522771],[-68.588033,-31.522019],[-68.588013,-31.521604]]]}},{"type":"Feature","properties":{"id":"m421","m2":11633},"geometry":{"type":"Polygon","coordinates":[[[-68.586906,-31.52163],[-68.586738,-31.521631],[-68.586224,-31.521635],[-68.585716,-31.521639],[-68.585697,-31.521639],[-68.585628,-31.521639],[-68.585626,-31.521655],[-68.585616,-31.521673],[-68.585599,-31.521688],[-68.585578,-31.521697],[-68.585564,-31.521699],[-68.585566,-31.521753],[-68.585576,-31.521966],[-68.585556,-31.521994],[-68.585446,-31.522151],[-68.585352,-31.522457],[-68.586942,-31.522366],[-68.586906,-31.52163]]]}},{"type":"Feature","properties":{"id":"m422","m2":7580},"geometry":{"type":"Polygon","coordinates":[[[-68.590953,-31.522367],[-68.590205,-31.522293],[-68.590069,-31.523232],[-68.590714,-31.523296],[-68.590828,-31.523309],[-68.590879,-31.522941],[-68.590953,-31.522367]]]}},{"type":"Feature","properties":{"id":"m423","m2":102093},"geometry":{"type":"Polygon","coordinates":[[[-68.590828,-31.523309],[-68.590714,-31.523296],[-68.590069,-31.523232],[-68.589379,-31.523162],[-68.589438,-31.523864],[-68.589444,-31.524011],[-68.590119,-31.523969],[-68.590153,-31.523969],[-68.590187,-31.523974],[-68.590216,-31.52399],[-68.590231,-31.524016],[-68.590237,-31.524045],[-68.590203,-31.524724],[-68.590191,-31.524743],[-68.590176,-31.524756],[-68.590158,-31.524765],[-68.589034,-31.524776],[-68.587711,-31.524818],[-68.587672,-31.524842],[-68.587656,-31.524861],[-68.587643,-31.524888],[-68.587643,-31.524933],[-68.587646,-31.524999],[-68.587646,-31.525042],[-68.587639,-31.525072],[-68.587621,-31.525081],[-68.587574,-31.52508],[-68.586941,-31.525028],[-68.586969,-31.525097],[-68.586952,-31.525184],[-68.586852,-31.525686],[-68.586714,-31.526277],[-68.586577,-31.526861],[-68.586445,-31.527452],[-68.586333,-31.527992],[-68.586331,-31.528022],[-68.586329,-31.528039],[-68.586334,-31.52808],[-68.586336,-31.528115],[-68.586335,-31.528131],[-68.586329,-31.528164],[-68.586323,-31.528195],[-68.586303,-31.528277],[-68.586283,-31.528305],[-68.586257,-31.528336],[-68.586127,-31.528985],[-68.58612,-31.529011],[-68.586098,-31.529105],[-68.587205,-31.529283],[-68.587248,-31.52929],[-68.587384,-31.529312],[-68.587508,-31.529331],[-68.587681,-31.52936],[-68.587703,-31.529275],[-68.587704,-31.52927],[-68.587718,-31.52921],[-68.587793,-31.529217],[-68.587777,-31.529281],[-68.587776,-31.529287],[-68.587773,-31.529299],[-68.587755,-31.529372],[-68.587823,-31.529383],[-68.587965,-31.529406],[-68.588141,-31.529434],[-68.588142,-31.529285],[-68.588142,-31.529259],[-68.588153,-31.528671],[-68.588162,-31.528372],[-68.588169,-31.528094],[-68.587457,-31.528036],[-68.587434,-31.528024],[-68.587426,-31.528004],[-68.587427,-31.52798],[-68.587434,-31.527958],[-68.587449,-31.527945],[-68.587468,-31.527944],[-68.588174,-31.527991],[-68.588185,-31.527689],[-68.588172,-31.527372],[-68.587535,-31.527327],[-68.587513,-31.527313],[-68.587503,-31.527292],[-68.587501,-31.527273],[-68.587508,-31.527253],[-68.587533,-31.52723],[-68.587562,-31.527225],[-68.588169,-31.527268],[-68.588169,-31.526954],[-68.588167,-31.526654],[-68.588163,-31.526369],[-68.588162,-31.526269],[-68.588155,-31.525543],[-68.587728,-31.525546],[-68.587707,-31.525537],[-68.587694,-31.525523],[-68.58769,-31.525507],[-68.587691,-31.525493],[-68.587695,-31.525471],[-68.587705,-31.525451],[-68.587721,-31.525439],[-68.587738,-31.525434],[-68.588154,-31.525434],[-68.588248,-31.525433],[-68.58852,-31.525433],[-68.589217,-31.525431],[-68.589823,-31.525429],[-68.590135,-31.525429],[-68.590155,-31.525168],[-68.590518,-31.525182],[-68.590594,-31.525164],[-68.59064,-31.524404],[-68.590703,-31.524037],[-68.590779,-31.523596],[-68.590828,-31.523309]]]}},{"type":"Feature","properties":{"id":"m424","m2":169364},"geometry":{"type":"Polygon","coordinates":[[[-68.590703,-31.524037],[-68.59064,-31.524404],[-68.590594,-31.525164],[-68.590518,-31.525182],[-68.590155,-31.525168],[-68.590135,-31.525429],[-68.590127,-31.525531],[-68.590074,-31.526218],[-68.590066,-31.526319],[-68.58975,-31.526327],[-68.589192,-31.526342],[-68.588504,-31.52636],[-68.588253,-31.526368],[-68.588258,-31.526655],[-68.588264,-31.526953],[-68.58827,-31.527274],[-68.588272,-31.527379],[-68.58828,-31.527684],[-68.588262,-31.527995],[-68.588258,-31.528057],[-68.588254,-31.528104],[-68.58825,-31.528377],[-68.58824,-31.528678],[-68.588234,-31.529259],[-68.588233,-31.529293],[-68.588236,-31.52945],[-68.588788,-31.529537],[-68.588874,-31.529553],[-68.589099,-31.529587],[-68.589313,-31.529619],[-68.589727,-31.52969],[-68.589876,-31.529714],[-68.589985,-31.529732],[-68.590088,-31.529749],[-68.590564,-31.529826],[-68.590612,-31.529834],[-68.590804,-31.529864],[-68.591247,-31.529936],[-68.591278,-31.529941],[-68.5914,-31.529961],[-68.591416,-31.529858],[-68.59142,-31.529836],[-68.59149,-31.529403],[-68.591701,-31.528194],[-68.591925,-31.526691],[-68.591942,-31.526649],[-68.591986,-31.526562],[-68.592031,-31.526483],[-68.592056,-31.526413],[-68.592073,-31.526355],[-68.592098,-31.526262],[-68.592149,-31.526063],[-68.592261,-31.525596],[-68.592283,-31.525465],[-68.592297,-31.5253],[-68.592331,-31.525037],[-68.592408,-31.524644],[-68.592472,-31.524256],[-68.592468,-31.524225],[-68.592463,-31.5242],[-68.592455,-31.524171],[-68.592443,-31.524151],[-68.59242,-31.524134],[-68.592409,-31.524128],[-68.592387,-31.52412],[-68.592359,-31.524112],[-68.590908,-31.524046],[-68.590835,-31.524043],[-68.590703,-31.524037]]]}},{"type":"Feature","properties":{"id":"m425","m2":49249},"geometry":{"type":"Polygon","coordinates":[[[-68.585352,-31.522457],[-68.585446,-31.522151],[-68.585556,-31.521994],[-68.585576,-31.521966],[-68.585566,-31.521753],[-68.585564,-31.521699],[-68.585555,-31.5217],[-68.585532,-31.521696],[-68.585512,-31.521686],[-68.585496,-31.521671],[-68.585487,-31.521652],[-68.585486,-31.52164],[-68.585419,-31.521641],[-68.585361,-31.521642],[-68.584777,-31.521652],[-68.582512,-31.521691],[-68.582422,-31.521693],[-68.58242,-31.521706],[-68.582415,-31.521718],[-68.582407,-31.521729],[-68.582396,-31.521739],[-68.582384,-31.521746],[-68.582369,-31.521751],[-68.582354,-31.521753],[-68.582353,-31.521793],[-68.582343,-31.521848],[-68.5823,-31.522046],[-68.582225,-31.522404],[-68.582152,-31.522756],[-68.5821,-31.523057],[-68.582204,-31.523058],[-68.582263,-31.523058],[-68.583536,-31.523146],[-68.58367,-31.523155],[-68.583811,-31.523165],[-68.585,-31.523248],[-68.585033,-31.52325],[-68.58512,-31.523248],[-68.585195,-31.522971],[-68.585352,-31.522457]]]}},{"type":"Feature","properties":{"id":"m426","m2":14537},"geometry":{"type":"Polygon","coordinates":[[[-68.585352,-31.522457],[-68.585195,-31.522971],[-68.58512,-31.523248],[-68.585307,-31.523243],[-68.587086,-31.523142],[-68.586956,-31.522671],[-68.586942,-31.522366],[-68.585352,-31.522457]]]}},{"type":"Feature","properties":{"id":"m427","m2":7555},"geometry":{"type":"Polygon","coordinates":[[[-68.590069,-31.523232],[-68.590205,-31.522293],[-68.589401,-31.522213],[-68.589368,-31.523065],[-68.589379,-31.523162],[-68.590069,-31.523232]]]}},{"type":"Feature","properties":{"id":"m428","m2":137288},"geometry":{"type":"Polygon","coordinates":[[[-68.584664,-31.550751],[-68.584746,-31.550726],[-68.587183,-31.549989],[-68.587059,-31.549521],[-68.587035,-31.549434],[-68.586171,-31.549542],[-68.585959,-31.548476],[-68.585938,-31.54837],[-68.585796,-31.54767],[-68.58509,-31.547877],[-68.584973,-31.547911],[-68.585001,-31.548002],[-68.585159,-31.548558],[-68.584888,-31.548623],[-68.584148,-31.548803],[-68.583495,-31.548963],[-68.583197,-31.549036],[-68.583107,-31.549193],[-68.582921,-31.549238],[-68.58234,-31.549377],[-68.581741,-31.549521],[-68.581506,-31.549578],[-68.581311,-31.548984],[-68.580581,-31.549197],[-68.580551,-31.549206],[-68.580445,-31.549237],[-68.580459,-31.549331],[-68.580683,-31.550862],[-68.580704,-31.551013],[-68.580791,-31.551651],[-68.580806,-31.551762],[-68.580819,-31.551816],[-68.580838,-31.551867],[-68.580907,-31.551847],[-68.581049,-31.551806],[-68.583293,-31.551162],[-68.583419,-31.551126],[-68.58354,-31.551091],[-68.584536,-31.55079],[-68.584664,-31.550751]]]}},{"type":"Feature","properties":{"id":"m429","m2":8512},"geometry":{"type":"Polygon","coordinates":[[[-68.58618,-31.520408],[-68.585516,-31.520425],[-68.585557,-31.521534],[-68.585559,-31.521579],[-68.585571,-31.521579],[-68.585593,-31.521586],[-68.585611,-31.521599],[-68.585623,-31.521616],[-68.585628,-31.521635],[-68.585628,-31.521639],[-68.585697,-31.521639],[-68.585716,-31.521639],[-68.586224,-31.521635],[-68.58618,-31.520408]]]}},{"type":"Feature","properties":{"id":"m430","m2":9038},"geometry":{"type":"Polygon","coordinates":[[[-68.58618,-31.520408],[-68.586144,-31.519379],[-68.585631,-31.518987],[-68.585571,-31.518958],[-68.58552,-31.518937],[-68.585467,-31.51892],[-68.585487,-31.51958],[-68.585516,-31.520425],[-68.58618,-31.520408]]]}},{"type":"Feature","properties":{"id":"m431","m2":45033},"geometry":{"type":"Polygon","coordinates":[[[-68.585516,-31.520425],[-68.585487,-31.51958],[-68.584733,-31.519594],[-68.584741,-31.519972],[-68.584301,-31.519975],[-68.583527,-31.519986],[-68.583095,-31.51999],[-68.583091,-31.519618],[-68.583083,-31.518943],[-68.582257,-31.518959],[-68.582269,-31.519034],[-68.582282,-31.51911],[-68.582303,-31.519648],[-68.582339,-31.521017],[-68.583132,-31.521002],[-68.583124,-31.52064],[-68.583545,-31.520632],[-68.584331,-31.520616],[-68.584739,-31.520608],[-68.584752,-31.520988],[-68.584777,-31.521652],[-68.585361,-31.521642],[-68.585419,-31.521641],[-68.585486,-31.52164],[-68.585486,-31.521632],[-68.585492,-31.521613],[-68.585506,-31.521596],[-68.585525,-31.521584],[-68.585547,-31.521578],[-68.585559,-31.521579],[-68.585557,-31.521534],[-68.585516,-31.520425]]]}},{"type":"Feature","properties":{"id":"m432","m2":10267},"geometry":{"type":"Polygon","coordinates":[[[-68.58367,-31.523155],[-68.583555,-31.523819],[-68.584825,-31.523946],[-68.584898,-31.523954],[-68.584954,-31.523758],[-68.585006,-31.523674],[-68.58512,-31.523248],[-68.585033,-31.52325],[-68.585,-31.523248],[-68.583811,-31.523165],[-68.58367,-31.523155]]]}},{"type":"Feature","properties":{"id":"m433","m2":10708},"geometry":{"type":"Polygon","coordinates":[[[-68.58367,-31.523155],[-68.583536,-31.523146],[-68.582263,-31.523058],[-68.582204,-31.523058],[-68.5821,-31.523057],[-68.582045,-31.523374],[-68.58199,-31.523574],[-68.581985,-31.523595],[-68.581981,-31.523609],[-68.581999,-31.523613],[-68.582014,-31.523622],[-68.582026,-31.523635],[-68.582032,-31.52365],[-68.582033,-31.523666],[-68.582092,-31.523672],[-68.582106,-31.523673],[-68.583555,-31.523819],[-68.58367,-31.523155]]]}},{"type":"Feature","properties":{"id":"m434","m2":28572},"geometry":{"type":"Polygon","coordinates":[[[-68.579748,-31.520691],[-68.579868,-31.520689],[-68.580741,-31.520677],[-68.581531,-31.520666],[-68.581554,-31.521709],[-68.582177,-31.521697],[-68.58228,-31.521696],[-68.58228,-31.521683],[-68.582284,-31.521671],[-68.582291,-31.521659],[-68.5823,-31.521649],[-68.582311,-31.521641],[-68.582324,-31.521635],[-68.582339,-31.521632],[-68.582353,-31.521631],[-68.582339,-31.521017],[-68.582303,-31.519648],[-68.581511,-31.519659],[-68.581517,-31.520028],[-68.581125,-31.520032],[-68.580382,-31.520041],[-68.580045,-31.520045],[-68.579929,-31.520046],[-68.579921,-31.520068],[-68.579895,-31.520166],[-68.579873,-31.520244],[-68.579851,-31.520323],[-68.579777,-31.520585],[-68.579748,-31.520691]]]}},{"type":"Feature","properties":{"id":"m435","m2":7693},"geometry":{"type":"Polygon","coordinates":[[[-68.579748,-31.520691],[-68.579562,-31.521361],[-68.579714,-31.521359],[-68.580755,-31.521344],[-68.580741,-31.520677],[-68.579868,-31.520689],[-68.579748,-31.520691]]]}},{"type":"Feature","properties":{"id":"m436","m2":8703},"geometry":{"type":"Polygon","coordinates":[[[-68.580741,-31.520677],[-68.580755,-31.521344],[-68.580764,-31.521723],[-68.581554,-31.521709],[-68.581531,-31.520666],[-68.580741,-31.520677]]]}},{"type":"Feature","properties":{"id":"m437","m2":6018},"geometry":{"type":"Polygon","coordinates":[[[-68.584601,-31.525069],[-68.584441,-31.525666],[-68.584599,-31.525667],[-68.585418,-31.525667],[-68.585551,-31.525082],[-68.584601,-31.525069]]]}},{"type":"Feature","properties":{"id":"m438","m2":8567},"geometry":{"type":"Polygon","coordinates":[[[-68.584441,-31.525666],[-68.584237,-31.526406],[-68.585213,-31.52656],[-68.585418,-31.525667],[-68.584599,-31.525667],[-68.584441,-31.525666]]]}},{"type":"Feature","properties":{"id":"m439","m2":10885},"geometry":{"type":"Polygon","coordinates":[[[-68.584441,-31.525666],[-68.584303,-31.525666],[-68.583122,-31.525646],[-68.583106,-31.526284],[-68.583138,-31.526527],[-68.583158,-31.526558],[-68.583181,-31.526575],[-68.583213,-31.526591],[-68.583256,-31.526596],[-68.584237,-31.526406],[-68.584441,-31.525666]]]}},{"type":"Feature","properties":{"id":"m440","m2":5995},"geometry":{"type":"Polygon","coordinates":[[[-68.584237,-31.526406],[-68.584089,-31.52695],[-68.585084,-31.527124],[-68.585113,-31.526999],[-68.585213,-31.52656],[-68.584237,-31.526406]]]}},{"type":"Feature","properties":{"id":"m441","m2":6211},"geometry":{"type":"Polygon","coordinates":[[[-68.584089,-31.52695],[-68.583936,-31.527511],[-68.584956,-31.527684],[-68.585084,-31.527124],[-68.584089,-31.52695]]]}},{"type":"Feature","properties":{"id":"m442","m2":13902},"geometry":{"type":"Polygon","coordinates":[[[-68.583936,-31.527511],[-68.583802,-31.528005],[-68.583618,-31.528554],[-68.583563,-31.528702],[-68.5837,-31.528723],[-68.583962,-31.528765],[-68.584505,-31.528851],[-68.584683,-31.528879],[-68.584716,-31.528734],[-68.584936,-31.527772],[-68.584956,-31.527684],[-68.583936,-31.527511]]]}},{"type":"Feature","properties":{"id":"m443","m2":6781},"geometry":{"type":"Polygon","coordinates":[[[-68.583802,-31.528005],[-68.583737,-31.528007],[-68.58369,-31.528008],[-68.58309,-31.528036],[-68.582697,-31.528061],[-68.582689,-31.5281],[-68.58266,-31.528243],[-68.582584,-31.528297],[-68.582581,-31.528315],[-68.582557,-31.528344],[-68.582548,-31.528434],[-68.582547,-31.528449],[-68.582538,-31.528534],[-68.583397,-31.528675],[-68.583419,-31.528678],[-68.583563,-31.528702],[-68.583618,-31.528554],[-68.583802,-31.528005]]]}},{"type":"Feature","properties":{"id":"m444","m2":857},"geometry":{"type":"Polygon","coordinates":[[[-68.583563,-31.528702],[-68.583539,-31.528771],[-68.583683,-31.528793],[-68.583732,-31.528801],[-68.583773,-31.528808],[-68.584483,-31.528919],[-68.584667,-31.528948],[-68.584683,-31.528879],[-68.584505,-31.528851],[-68.583962,-31.528765],[-68.5837,-31.528723],[-68.583563,-31.528702]]]}},{"type":"Feature","properties":{"id":"m445","m2":1136},"geometry":{"type":"Polygon","coordinates":[[[-68.583563,-31.528702],[-68.583419,-31.528678],[-68.583397,-31.528675],[-68.582538,-31.528534],[-68.582211,-31.528481],[-68.582078,-31.528459],[-68.582061,-31.528529],[-68.582194,-31.528551],[-68.58326,-31.528725],[-68.5834,-31.528748],[-68.583539,-31.528771],[-68.583563,-31.528702]]]}},{"type":"Feature","properties":{"id":"m446","m2":5024},"geometry":{"type":"Polygon","coordinates":[[[-68.580755,-31.521344],[-68.579714,-31.521359],[-68.579562,-31.521361],[-68.579533,-31.521468],[-68.579494,-31.521607],[-68.579456,-31.521746],[-68.579586,-31.521744],[-68.580544,-31.521727],[-68.580764,-31.521723],[-68.580755,-31.521344]]]}},{"type":"Feature","properties":{"id":"m447","m2":53615},"geometry":{"type":"Polygon","coordinates":[[[-68.580764,-31.521723],[-68.580544,-31.521727],[-68.579586,-31.521744],[-68.579456,-31.521746],[-68.579429,-31.521843],[-68.579062,-31.523154],[-68.579041,-31.523232],[-68.579029,-31.523273],[-68.579004,-31.523363],[-68.579104,-31.523385],[-68.579125,-31.523389],[-68.579527,-31.523475],[-68.579619,-31.523463],[-68.579691,-31.523467],[-68.579713,-31.523387],[-68.579866,-31.522821],[-68.580314,-31.522862],[-68.580283,-31.523014],[-68.580241,-31.523143],[-68.580091,-31.523419],[-68.580056,-31.523483],[-68.580195,-31.523495],[-68.580567,-31.52353],[-68.580584,-31.523532],[-68.580722,-31.523544],[-68.580787,-31.52355],[-68.581834,-31.523647],[-68.58184,-31.523648],[-68.581857,-31.523649],[-68.581913,-31.523654],[-68.58192,-31.523635],[-68.581936,-31.52362],[-68.581957,-31.523611],[-68.581981,-31.523609],[-68.581985,-31.523595],[-68.58199,-31.523574],[-68.582045,-31.523374],[-68.5821,-31.523057],[-68.582152,-31.522756],[-68.582225,-31.522404],[-68.5823,-31.522046],[-68.582343,-31.521848],[-68.582353,-31.521793],[-68.582354,-31.521753],[-68.582336,-31.521751],[-68.582318,-31.521746],[-68.582303,-31.521737],[-68.582291,-31.521725],[-68.582283,-31.521711],[-68.58228,-31.521696],[-68.582177,-31.521697],[-68.581554,-31.521709],[-68.580764,-31.521723]]]}},{"type":"Feature","properties":{"id":"m448","m2":2247},"geometry":{"type":"Polygon","coordinates":[[[-68.584683,-31.528879],[-68.584667,-31.528948],[-68.584819,-31.528973],[-68.586625,-31.529272],[-68.586679,-31.529281],[-68.587235,-31.529373],[-68.587365,-31.529394],[-68.587384,-31.529312],[-68.587248,-31.52929],[-68.587205,-31.529283],[-68.586098,-31.529105],[-68.585996,-31.529088],[-68.585911,-31.529076],[-68.584838,-31.528904],[-68.584683,-31.528879]]]}},{"type":"Feature","properties":{"id":"m449","m2":10723},"geometry":{"type":"Polygon","coordinates":[[[-68.579552,-31.523983],[-68.579674,-31.523532],[-68.579691,-31.523467],[-68.579619,-31.523463],[-68.579527,-31.523475],[-68.579125,-31.523389],[-68.579104,-31.523385],[-68.579004,-31.523363],[-68.578996,-31.523394],[-68.578968,-31.523494],[-68.578958,-31.523532],[-68.578664,-31.524593],[-68.578654,-31.524631],[-68.578639,-31.524685],[-68.578623,-31.524743],[-68.578648,-31.524755],[-68.578667,-31.524775],[-68.578714,-31.524793],[-68.578778,-31.524817],[-68.579156,-31.524883],[-68.579208,-31.524891],[-68.579213,-31.524892],[-68.579301,-31.524909],[-68.579331,-31.524801],[-68.579552,-31.523983]]]}},{"type":"Feature","properties":{"id":"m450","m2":30626},"geometry":{"type":"Polygon","coordinates":[[[-68.579552,-31.523983],[-68.579331,-31.524801],[-68.579301,-31.524909],[-68.579393,-31.524926],[-68.579418,-31.52493],[-68.579439,-31.524934],[-68.580026,-31.525033],[-68.581294,-31.525365],[-68.581371,-31.52538],[-68.58147,-31.5254],[-68.581518,-31.525245],[-68.581675,-31.524739],[-68.581811,-31.524237],[-68.5817,-31.524226],[-68.581036,-31.524159],[-68.580404,-31.524096],[-68.580461,-31.523996],[-68.580686,-31.523602],[-68.580722,-31.523544],[-68.580584,-31.523532],[-68.580567,-31.52353],[-68.580195,-31.523495],[-68.580056,-31.523483],[-68.579997,-31.523477],[-68.579812,-31.52346],[-68.579795,-31.523461],[-68.579691,-31.523467],[-68.579674,-31.523532],[-68.579552,-31.523983]]]}},{"type":"Feature","properties":{"id":"m451","m2":40619},"geometry":{"type":"Polygon","coordinates":[[[-68.577629,-31.524799],[-68.577617,-31.524798],[-68.577174,-31.524786],[-68.576716,-31.524774],[-68.576287,-31.524763],[-68.576121,-31.524758],[-68.575994,-31.524755],[-68.575669,-31.524746],[-68.57561,-31.525346],[-68.576339,-31.525629],[-68.576165,-31.526262],[-68.576146,-31.526349],[-68.576549,-31.526378],[-68.578013,-31.526414],[-68.578148,-31.526417],[-68.578212,-31.526191],[-68.578251,-31.526055],[-68.578559,-31.524972],[-68.578563,-31.52496],[-68.578567,-31.524942],[-68.578576,-31.524907],[-68.578584,-31.524875],[-68.578561,-31.524869],[-68.578541,-31.524857],[-68.57847,-31.524821],[-68.578447,-31.524821],[-68.578072,-31.524811],[-68.578052,-31.52481],[-68.577629,-31.524799]]]}},{"type":"Feature","properties":{"id":"m452","m2":8041},"geometry":{"type":"Polygon","coordinates":[[[-68.579301,-31.524909],[-68.579279,-31.524997],[-68.579179,-31.52539],[-68.579042,-31.525901],[-68.579125,-31.525915],[-68.579785,-31.526028],[-68.579807,-31.525946],[-68.579921,-31.525505],[-68.580007,-31.525118],[-68.580026,-31.525033],[-68.579439,-31.524934],[-68.579418,-31.52493],[-68.579393,-31.524926],[-68.579301,-31.524909]]]}},{"type":"Feature","properties":{"id":"m453","m2":10889},"geometry":{"type":"Polygon","coordinates":[[[-68.579301,-31.524909],[-68.579213,-31.524892],[-68.579208,-31.524891],[-68.579156,-31.524883],[-68.578778,-31.524817],[-68.578721,-31.524821],[-68.578705,-31.524822],[-68.578674,-31.524824],[-68.578662,-31.524847],[-68.578641,-31.524864],[-68.578614,-31.524874],[-68.578584,-31.524875],[-68.578576,-31.524907],[-68.578567,-31.524942],[-68.578563,-31.52496],[-68.578559,-31.524972],[-68.578251,-31.526055],[-68.578212,-31.526191],[-68.578313,-31.526209],[-68.578378,-31.52622],[-68.578931,-31.526314],[-68.579015,-31.525999],[-68.579042,-31.525901],[-68.579179,-31.52539],[-68.579279,-31.524997],[-68.579301,-31.524909]]]}},{"type":"Feature","properties":{"id":"m454","m2":2911},"geometry":{"type":"Polygon","coordinates":[[[-68.579866,-31.522821],[-68.579713,-31.523387],[-68.579691,-31.523467],[-68.579795,-31.523461],[-68.579812,-31.52346],[-68.579997,-31.523477],[-68.580056,-31.523483],[-68.580091,-31.523419],[-68.580241,-31.523143],[-68.580283,-31.523014],[-68.580314,-31.522862],[-68.579866,-31.522821]]]}},{"type":"Feature","properties":{"id":"m455","m2":8201},"geometry":{"type":"Polygon","coordinates":[[[-68.581036,-31.524159],[-68.5817,-31.524226],[-68.581811,-31.524237],[-68.581845,-31.524114],[-68.581929,-31.523802],[-68.581943,-31.523751],[-68.581949,-31.523727],[-68.581955,-31.523709],[-68.581936,-31.523701],[-68.581923,-31.523688],[-68.581915,-31.523672],[-68.581913,-31.523654],[-68.581857,-31.523649],[-68.58184,-31.523648],[-68.581834,-31.523647],[-68.580787,-31.52355],[-68.580722,-31.523544],[-68.580686,-31.523602],[-68.580461,-31.523996],[-68.580404,-31.524096],[-68.581036,-31.524159]]]}},{"type":"Feature","properties":{"id":"m456","m2":3596},"geometry":{"type":"Polygon","coordinates":[[[-68.575671,-31.523954],[-68.575599,-31.523953],[-68.575563,-31.524743],[-68.575669,-31.524746],[-68.575994,-31.524755],[-68.575997,-31.524667],[-68.576029,-31.52396],[-68.575671,-31.523954]]]}},{"type":"Feature","properties":{"id":"m457","m2":3780},"geometry":{"type":"Polygon","coordinates":[[[-68.575141,-31.523946],[-68.575111,-31.524731],[-68.575563,-31.524743],[-68.575599,-31.523953],[-68.575141,-31.523946]]]}},{"type":"Feature","properties":{"id":"m458","m2":4197},"geometry":{"type":"Polygon","coordinates":[[[-68.575141,-31.523946],[-68.574855,-31.523942],[-68.574632,-31.523938],[-68.574602,-31.524717],[-68.575111,-31.524731],[-68.575141,-31.523946]]]}},{"type":"Feature","properties":{"id":"m459","m2":101885},"geometry":{"type":"Polygon","coordinates":[[[-68.575111,-31.524731],[-68.574602,-31.524717],[-68.574112,-31.524704],[-68.573825,-31.524696],[-68.573732,-31.524694],[-68.573682,-31.524692],[-68.573422,-31.524685],[-68.573411,-31.524719],[-68.573396,-31.524752],[-68.57338,-31.524829],[-68.573377,-31.524908],[-68.573379,-31.525021],[-68.573415,-31.52629],[-68.573437,-31.527598],[-68.573451,-31.527998],[-68.573451,-31.528144],[-68.573794,-31.528147],[-68.57392,-31.528148],[-68.575413,-31.528161],[-68.575546,-31.528163],[-68.575648,-31.528165],[-68.5763,-31.528178],[-68.576513,-31.528182],[-68.576635,-31.528185],[-68.577506,-31.528202],[-68.577539,-31.528203],[-68.577655,-31.528205],[-68.577675,-31.528091],[-68.577679,-31.528068],[-68.577724,-31.527907],[-68.577814,-31.527591],[-68.577895,-31.527307],[-68.577932,-31.527176],[-68.577804,-31.527173],[-68.576068,-31.527131],[-68.57543,-31.527116],[-68.575508,-31.526304],[-68.57561,-31.525346],[-68.575669,-31.524746],[-68.575563,-31.524743],[-68.575111,-31.524731]]]}},{"type":"Feature","properties":{"id":"m460","m2":4012},"geometry":{"type":"Polygon","coordinates":[[[-68.574632,-31.523938],[-68.574164,-31.523931],[-68.57414,-31.523987],[-68.574136,-31.524017],[-68.574112,-31.524704],[-68.574602,-31.524717],[-68.574632,-31.523938]]]}},{"type":"Feature","properties":{"id":"m461","m2":5378},"geometry":{"type":"Polygon","coordinates":[[[-68.57543,-31.527116],[-68.576068,-31.527131],[-68.576146,-31.526349],[-68.575508,-31.526304],[-68.57543,-31.527116]]]}},{"type":"Feature","properties":{"id":"m462","m2":15618},"geometry":{"type":"Polygon","coordinates":[[[-68.576068,-31.527131],[-68.577804,-31.527173],[-68.577932,-31.527176],[-68.578106,-31.526565],[-68.578148,-31.526417],[-68.578013,-31.526414],[-68.576549,-31.526378],[-68.576146,-31.526349],[-68.576068,-31.527131]]]}},{"type":"Feature","properties":{"id":"m463","m2":6760},"geometry":{"type":"Polygon","coordinates":[[[-68.568071,-31.525952],[-68.568028,-31.526454],[-68.567997,-31.527172],[-68.568607,-31.526902],[-68.568614,-31.526478],[-68.568674,-31.525962],[-68.568551,-31.525965],[-68.568071,-31.525952]]]}},{"type":"Feature","properties":{"id":"m464","m2":17194},"geometry":{"type":"Polygon","coordinates":[[[-68.568674,-31.525962],[-68.568614,-31.526478],[-68.568607,-31.526902],[-68.568968,-31.526732],[-68.569097,-31.526677],[-68.569284,-31.526629],[-68.569474,-31.526618],[-68.569886,-31.526628],[-68.569986,-31.525423],[-68.568736,-31.525387],[-68.568674,-31.525962]]]}},{"type":"Feature","properties":{"id":"m465","m2":12010},"geometry":{"type":"Polygon","coordinates":[[[-68.56811,-31.524777],[-68.56805,-31.525367],[-68.568736,-31.525387],[-68.569986,-31.525423],[-68.570029,-31.524833],[-68.56988,-31.524829],[-68.56811,-31.524777]]]}},{"type":"Feature","properties":{"id":"m466","m2":110358},"geometry":{"type":"Polygon","coordinates":[[[-68.570029,-31.524833],[-68.569986,-31.525423],[-68.569886,-31.526628],[-68.569474,-31.526618],[-68.569284,-31.526629],[-68.569097,-31.526677],[-68.568968,-31.526732],[-68.568607,-31.526902],[-68.567997,-31.527172],[-68.567956,-31.527185],[-68.567889,-31.527203],[-68.567785,-31.527213],[-68.567668,-31.527215],[-68.567175,-31.527194],[-68.567021,-31.52719],[-68.566937,-31.52787],[-68.566939,-31.527903],[-68.566945,-31.528054],[-68.567064,-31.528056],[-68.567727,-31.528067],[-68.567861,-31.528069],[-68.567965,-31.528071],[-68.568713,-31.528084],[-68.56875,-31.528084],[-68.568846,-31.528086],[-68.56898,-31.528086],[-68.569152,-31.528089],[-68.569268,-31.528091],[-68.569966,-31.528105],[-68.570653,-31.528118],[-68.570765,-31.52812],[-68.570922,-31.528122],[-68.571291,-31.528126],[-68.571996,-31.528135],[-68.572131,-31.528137],[-68.572125,-31.527955],[-68.572115,-31.527651],[-68.57209,-31.526874],[-68.57209,-31.526856],[-68.5721,-31.526627],[-68.572115,-31.526284],[-68.572123,-31.526097],[-68.572174,-31.524918],[-68.572035,-31.524919],[-68.57195,-31.52492],[-68.571904,-31.524913],[-68.57185,-31.524902],[-68.571799,-31.524888],[-68.57175,-31.524873],[-68.571698,-31.524857],[-68.571664,-31.524849],[-68.571622,-31.524844],[-68.571563,-31.524846],[-68.571514,-31.524853],[-68.571469,-31.524859],[-68.57143,-31.524867],[-68.571389,-31.524874],[-68.571343,-31.524872],[-68.570156,-31.524837],[-68.570029,-31.524833]]]}},{"type":"Feature","properties":{"id":"m467","m2":18118},"geometry":{"type":"Polygon","coordinates":[[[-68.572174,-31.524918],[-68.572123,-31.526097],[-68.572115,-31.526284],[-68.573415,-31.52629],[-68.573379,-31.525021],[-68.573377,-31.524908],[-68.572341,-31.524916],[-68.572174,-31.524918]]]}},{"type":"Feature","properties":{"id":"m468","m2":6283},"geometry":{"type":"Polygon","coordinates":[[[-68.57561,-31.525346],[-68.575508,-31.526304],[-68.576146,-31.526349],[-68.576165,-31.526262],[-68.576339,-31.525629],[-68.57561,-31.525346]]]}},{"type":"Feature","properties":{"id":"m469","m2":14628},"geometry":{"type":"Polygon","coordinates":[[[-68.580026,-31.525033],[-68.580007,-31.525118],[-68.579921,-31.525505],[-68.579807,-31.525946],[-68.579785,-31.526028],[-68.581099,-31.526236],[-68.581113,-31.526238],[-68.581215,-31.526254],[-68.581226,-31.526199],[-68.58147,-31.5254],[-68.581371,-31.52538],[-68.581294,-31.525365],[-68.580026,-31.525033]]]}},{"type":"Feature","properties":{"id":"m470","m2":1004},"geometry":{"type":"Polygon","coordinates":[[[-68.572133,-31.528204],[-68.572131,-31.528137],[-68.571996,-31.528135],[-68.571291,-31.528126],[-68.570922,-31.528122],[-68.570765,-31.52812],[-68.570766,-31.528192],[-68.570922,-31.528193],[-68.571996,-31.528203],[-68.572133,-31.528204]]]}},{"type":"Feature","properties":{"id":"m471","m2":36112},"geometry":{"type":"Polygon","coordinates":[[[-68.572133,-31.528204],[-68.571996,-31.528203],[-68.570922,-31.528193],[-68.570766,-31.528192],[-68.570766,-31.528302],[-68.570767,-31.528322],[-68.570772,-31.529015],[-68.57075,-31.529858],[-68.572585,-31.529796],[-68.573105,-31.52839],[-68.573121,-31.528347],[-68.573169,-31.528212],[-68.572841,-31.52821],[-68.572684,-31.528209],[-68.572258,-31.528205],[-68.572133,-31.528204]]]}},{"type":"Feature","properties":{"id":"m472","m2":25857},"geometry":{"type":"Polygon","coordinates":[[[-68.572131,-31.528137],[-68.572259,-31.528137],[-68.572993,-31.52814],[-68.573194,-31.528143],[-68.573259,-31.528143],[-68.573451,-31.528144],[-68.573451,-31.527998],[-68.573437,-31.527598],[-68.573415,-31.52629],[-68.572115,-31.526284],[-68.5721,-31.526627],[-68.57209,-31.526856],[-68.57209,-31.526874],[-68.572115,-31.527651],[-68.572125,-31.527955],[-68.572131,-31.528137]]]}},{"type":"Feature","properties":{"id":"m473","m2":3578},"geometry":{"type":"Polygon","coordinates":[[[-68.582078,-31.528459],[-68.582211,-31.528481],[-68.582538,-31.528534],[-68.582547,-31.528449],[-68.582548,-31.528434],[-68.582557,-31.528344],[-68.582581,-31.528315],[-68.582584,-31.528297],[-68.58266,-31.528243],[-68.582689,-31.5281],[-68.582697,-31.528061],[-68.582348,-31.528097],[-68.582074,-31.528136],[-68.581667,-31.528224],[-68.581586,-31.528242],[-68.581531,-31.528257],[-68.581505,-31.528267],[-68.581481,-31.528286],[-68.58147,-31.528312],[-68.581458,-31.52836],[-68.581911,-31.528432],[-68.582078,-31.528459]]]}},{"type":"Feature","properties":{"id":"m474","m2":15766},"geometry":{"type":"Polygon","coordinates":[[[-68.582061,-31.528529],[-68.582034,-31.528638],[-68.582023,-31.528682],[-68.581981,-31.528852],[-68.581816,-31.529526],[-68.583202,-31.529763],[-68.583487,-31.528935],[-68.583508,-31.528869],[-68.583539,-31.528771],[-68.5834,-31.528748],[-68.58326,-31.528725],[-68.582194,-31.528551],[-68.582061,-31.528529]]]}},{"type":"Feature","properties":{"id":"m475","m2":76447},"geometry":{"type":"Polygon","coordinates":[[[-68.580469,-31.529296],[-68.580406,-31.529519],[-68.580263,-31.530031],[-68.580198,-31.530261],[-68.580165,-31.530372],[-68.580122,-31.530522],[-68.579735,-31.531881],[-68.579705,-31.531987],[-68.579597,-31.532367],[-68.579588,-31.532398],[-68.579551,-31.532526],[-68.579711,-31.532545],[-68.579723,-31.532547],[-68.580524,-31.532643],[-68.580925,-31.531498],[-68.581614,-31.531857],[-68.582309,-31.532219],[-68.582493,-31.531707],[-68.582618,-31.531358],[-68.582646,-31.531279],[-68.582711,-31.531105],[-68.582792,-31.53092],[-68.583202,-31.529763],[-68.581816,-31.529526],[-68.580625,-31.529322],[-68.580469,-31.529296]]]}},{"type":"Feature","properties":{"id":"m476","m2":220287},"geometry":{"type":"Polygon","coordinates":[[[-68.583202,-31.529763],[-68.582792,-31.53092],[-68.582711,-31.531105],[-68.582646,-31.531279],[-68.582618,-31.531358],[-68.582493,-31.531707],[-68.582309,-31.532219],[-68.583925,-31.533086],[-68.584397,-31.533155],[-68.584332,-31.533517],[-68.582668,-31.533804],[-68.581559,-31.533997],[-68.58153,-31.534062],[-68.581516,-31.534115],[-68.581514,-31.534166],[-68.581516,-31.534216],[-68.581523,-31.534282],[-68.581524,-31.534291],[-68.581525,-31.534303],[-68.581525,-31.534375],[-68.581674,-31.534351],[-68.581702,-31.534346],[-68.583733,-31.533989],[-68.584071,-31.533935],[-68.584308,-31.533893],[-68.584559,-31.533847],[-68.585012,-31.533752],[-68.585327,-31.533682],[-68.586148,-31.533498],[-68.586481,-31.533424],[-68.586552,-31.533409],[-68.586942,-31.533324],[-68.587106,-31.533295],[-68.587326,-31.533277],[-68.587604,-31.533256],[-68.587817,-31.533232],[-68.588037,-31.533198],[-68.588176,-31.533178],[-68.588872,-31.533066],[-68.589013,-31.533044],[-68.588996,-31.532971],[-68.588983,-31.532913],[-68.589055,-31.5329],[-68.589166,-31.532881],[-68.588977,-31.532172],[-68.58896,-31.531859],[-68.587716,-31.532127],[-68.586737,-31.532343],[-68.586726,-31.532374],[-68.586714,-31.532421],[-68.586745,-31.532936],[-68.585671,-31.532805],[-68.586221,-31.532456],[-68.586737,-31.532343],[-68.586812,-31.531853],[-68.586968,-31.53116],[-68.58709,-31.530617],[-68.587207,-31.530097],[-68.587336,-31.529526],[-68.587342,-31.529498],[-68.587365,-31.529394],[-68.587235,-31.529373],[-68.586679,-31.529281],[-68.586625,-31.529272],[-68.584819,-31.528973],[-68.584667,-31.528948],[-68.584483,-31.528919],[-68.583773,-31.528808],[-68.583732,-31.528801],[-68.583683,-31.528793],[-68.583539,-31.528771],[-68.583508,-31.528869],[-68.583487,-31.528935],[-68.583202,-31.529763]]]}},{"type":"Feature","properties":{"id":"m477","m2":6473},"geometry":{"type":"Polygon","coordinates":[[[-68.581614,-31.531857],[-68.581298,-31.532736],[-68.581943,-31.532814],[-68.582086,-31.532831],[-68.582144,-31.532672],[-68.582309,-31.532219],[-68.581614,-31.531857]]]}},{"type":"Feature","properties":{"id":"m478","m2":8660},"geometry":{"type":"Polygon","coordinates":[[[-68.581614,-31.531857],[-68.580925,-31.531498],[-68.580524,-31.532643],[-68.580737,-31.532669],[-68.581298,-31.532736],[-68.581614,-31.531857]]]}},{"type":"Feature","properties":{"id":"m479","m2":51134},"geometry":{"type":"Polygon","coordinates":[[[-68.581298,-31.532736],[-68.580737,-31.532669],[-68.580524,-31.532643],[-68.579723,-31.532547],[-68.579711,-31.532545],[-68.579551,-31.532526],[-68.579515,-31.532656],[-68.579026,-31.534373],[-68.578942,-31.534666],[-68.578928,-31.534717],[-68.57892,-31.534743],[-68.578896,-31.534827],[-68.579051,-31.534803],[-68.579105,-31.534796],[-68.581313,-31.534411],[-68.58135,-31.534405],[-68.581525,-31.534375],[-68.581525,-31.534303],[-68.581524,-31.534291],[-68.581523,-31.534282],[-68.581516,-31.534216],[-68.581514,-31.534166],[-68.581516,-31.534115],[-68.58153,-31.534062],[-68.581559,-31.533997],[-68.581599,-31.53391],[-68.581659,-31.533784],[-68.581799,-31.533509],[-68.581917,-31.533257],[-68.58196,-31.533163],[-68.582086,-31.532831],[-68.581943,-31.532814],[-68.581298,-31.532736]]]}},{"type":"Feature","properties":{"id":"m480","m2":6231},"geometry":{"type":"Polygon","coordinates":[[[-68.582309,-31.532219],[-68.582144,-31.532672],[-68.582086,-31.532831],[-68.582835,-31.532935],[-68.583925,-31.533086],[-68.582309,-31.532219]]]}},{"type":"Feature","properties":{"id":"m481","m2":10437},"geometry":{"type":"Polygon","coordinates":[[[-68.583925,-31.533086],[-68.582835,-31.532935],[-68.582668,-31.533804],[-68.584332,-31.533517],[-68.584397,-31.533155],[-68.583925,-31.533086]]]}},{"type":"Feature","properties":{"id":"m482","m2":9584},"geometry":{"type":"Polygon","coordinates":[[[-68.585541,-31.53012],[-68.584868,-31.529923],[-68.584577,-31.531195],[-68.585249,-31.531385],[-68.585403,-31.530718],[-68.585541,-31.53012]]]}},{"type":"Feature","properties":{"id":"m483","m2":9636},"geometry":{"type":"Polygon","coordinates":[[[-68.582835,-31.532935],[-68.582086,-31.532831],[-68.58196,-31.533163],[-68.581917,-31.533257],[-68.581799,-31.533509],[-68.581659,-31.533784],[-68.581599,-31.53391],[-68.581559,-31.533997],[-68.582668,-31.533804],[-68.582835,-31.532935]]]}},{"type":"Feature","properties":{"id":"m484","m2":11530},"geometry":{"type":"Polygon","coordinates":[[[-68.582328,-31.536423],[-68.582335,-31.535735],[-68.580514,-31.535721],[-68.580482,-31.535833],[-68.580479,-31.535883],[-68.580483,-31.535906],[-68.580493,-31.535946],[-68.580506,-31.535952],[-68.580516,-31.535961],[-68.580524,-31.535972],[-68.580572,-31.536004],[-68.580656,-31.536067],[-68.580675,-31.536078],[-68.581306,-31.536422],[-68.582328,-31.536423]]]}},{"type":"Feature","properties":{"id":"m485","m2":84912},"geometry":{"type":"Polygon","coordinates":[[[-68.582328,-31.536423],[-68.582601,-31.536422],[-68.582766,-31.536401],[-68.582924,-31.536384],[-68.583001,-31.536373],[-68.583069,-31.536364],[-68.583077,-31.536358],[-68.583081,-31.53633],[-68.583081,-31.536317],[-68.583081,-31.536297],[-68.583078,-31.536267],[-68.583071,-31.536234],[-68.583065,-31.536217],[-68.583064,-31.536188],[-68.583068,-31.536164],[-68.583083,-31.536123],[-68.583098,-31.536157],[-68.583109,-31.536185],[-68.583113,-31.536221],[-68.583123,-31.536286],[-68.583125,-31.5363],[-68.583128,-31.536317],[-68.583131,-31.536334],[-68.583137,-31.536355],[-68.583157,-31.536366],[-68.583228,-31.536374],[-68.583307,-31.536382],[-68.583434,-31.536394],[-68.583583,-31.536412],[-68.583657,-31.536414],[-68.583802,-31.536421],[-68.584064,-31.536437],[-68.58426,-31.536454],[-68.584413,-31.53646],[-68.584547,-31.536448],[-68.584691,-31.53643],[-68.584937,-31.53639],[-68.585184,-31.536348],[-68.58531,-31.536321],[-68.585375,-31.536308],[-68.585503,-31.536299],[-68.585492,-31.536132],[-68.585421,-31.535085],[-68.58534,-31.533845],[-68.585333,-31.533778],[-68.585327,-31.533682],[-68.585012,-31.533752],[-68.584559,-31.533847],[-68.584308,-31.533893],[-68.584071,-31.533935],[-68.583733,-31.533989],[-68.581702,-31.534346],[-68.581674,-31.534351],[-68.581525,-31.534375],[-68.581524,-31.534457],[-68.581509,-31.535065],[-68.581984,-31.535067],[-68.582607,-31.535069],[-68.58244,-31.53542],[-68.582335,-31.535709],[-68.582335,-31.535735],[-68.582328,-31.536423]]]}},{"type":"Feature","properties":{"id":"m486","m2":38334},"geometry":{"type":"Polygon","coordinates":[[[-68.582328,-31.536423],[-68.581306,-31.536422],[-68.580675,-31.536078],[-68.580656,-31.536067],[-68.58059,-31.536053],[-68.580549,-31.536046],[-68.580506,-31.536039],[-68.580495,-31.536045],[-68.580484,-31.536048],[-68.580463,-31.536099],[-68.58045,-31.536136],[-68.580429,-31.53619],[-68.58043,-31.536454],[-68.580432,-31.537026],[-68.581316,-31.537028],[-68.581623,-31.537035],[-68.581911,-31.537038],[-68.581889,-31.537705],[-68.581865,-31.538431],[-68.58186,-31.538584],[-68.582611,-31.53858],[-68.582702,-31.538579],[-68.583026,-31.538586],[-68.583032,-31.538437],[-68.583093,-31.537051],[-68.583112,-31.536512],[-68.583113,-31.536462],[-68.583095,-31.53646],[-68.583078,-31.536454],[-68.583063,-31.536444],[-68.582998,-31.536437],[-68.582601,-31.536422],[-68.582328,-31.536423]]]}},{"type":"Feature","properties":{"id":"m487","m2":12920},"geometry":{"type":"Polygon","coordinates":[[[-68.582335,-31.535735],[-68.582335,-31.535709],[-68.58244,-31.53542],[-68.582607,-31.535069],[-68.581984,-31.535067],[-68.581509,-31.535065],[-68.580704,-31.535061],[-68.580514,-31.535721],[-68.582335,-31.535735]]]}},{"type":"Feature","properties":{"id":"m488","m2":22857},"geometry":{"type":"Polygon","coordinates":[[[-68.580429,-31.53619],[-68.580418,-31.536136],[-68.580413,-31.536096],[-68.580413,-31.536027],[-68.580404,-31.53601],[-68.580366,-31.535987],[-68.580346,-31.535976],[-68.580322,-31.535962],[-68.580289,-31.535946],[-68.58028,-31.535944],[-68.579662,-31.535809],[-68.578915,-31.535649],[-68.578879,-31.535642],[-68.578792,-31.535623],[-68.578671,-31.535597],[-68.578602,-31.535831],[-68.578599,-31.535848],[-68.578597,-31.535861],[-68.578594,-31.53589],[-68.578594,-31.53592],[-68.578597,-31.535949],[-68.578626,-31.536094],[-68.57863,-31.536115],[-68.578724,-31.536599],[-68.578727,-31.536622],[-68.57873,-31.536645],[-68.578732,-31.536668],[-68.578733,-31.536691],[-68.578738,-31.536801],[-68.578748,-31.537024],[-68.578915,-31.537023],[-68.579345,-31.537024],[-68.580432,-31.537026],[-68.58043,-31.536454],[-68.580429,-31.53619]]]}},{"type":"Feature","properties":{"id":"m489","m2":41013},"geometry":{"type":"Polygon","coordinates":[[[-68.580432,-31.537026],[-68.580434,-31.537615],[-68.579343,-31.537614],[-68.578933,-31.537614],[-68.578773,-31.537614],[-68.578792,-31.53804],[-68.578806,-31.538382],[-68.578809,-31.538448],[-68.578811,-31.538492],[-68.578817,-31.538622],[-68.578912,-31.53862],[-68.578963,-31.538619],[-68.579164,-31.538616],[-68.580908,-31.538588],[-68.581723,-31.538584],[-68.58186,-31.538584],[-68.581865,-31.538431],[-68.581889,-31.537705],[-68.581911,-31.537038],[-68.581623,-31.537035],[-68.581316,-31.537028],[-68.580432,-31.537026]]]}},{"type":"Feature","properties":{"id":"m490","m2":6764},"geometry":{"type":"Polygon","coordinates":[[[-68.580432,-31.537026],[-68.579345,-31.537024],[-68.579343,-31.537614],[-68.580434,-31.537615],[-68.580432,-31.537026]]]}},{"type":"Feature","properties":{"id":"m491","m2":10086},"geometry":{"type":"Polygon","coordinates":[[[-68.581509,-31.535065],[-68.581524,-31.534457],[-68.581525,-31.534375],[-68.58135,-31.534405],[-68.581313,-31.534411],[-68.579105,-31.534796],[-68.579051,-31.534803],[-68.578896,-31.534827],[-68.578872,-31.534913],[-68.57901,-31.53492],[-68.579038,-31.53492],[-68.579096,-31.534924],[-68.579121,-31.534923],[-68.579165,-31.53492],[-68.579676,-31.53484],[-68.579937,-31.534895],[-68.580704,-31.535061],[-68.581509,-31.535065]]]}},{"type":"Feature","properties":{"id":"m492","m2":7900},"geometry":{"type":"Polygon","coordinates":[[[-68.580704,-31.535061],[-68.579937,-31.534895],[-68.579662,-31.535809],[-68.58028,-31.535944],[-68.580289,-31.535946],[-68.580383,-31.53595],[-68.580424,-31.535954],[-68.580429,-31.535951],[-68.580452,-31.535895],[-68.580466,-31.535866],[-68.580482,-31.535833],[-68.580514,-31.535721],[-68.580704,-31.535061]]]}},{"type":"Feature","properties":{"id":"m493","m2":7190},"geometry":{"type":"Polygon","coordinates":[[[-68.579937,-31.534895],[-68.579676,-31.53484],[-68.579165,-31.53492],[-68.579121,-31.534923],[-68.578915,-31.535649],[-68.579662,-31.535809],[-68.579937,-31.534895]]]}},{"type":"Feature","properties":{"id":"m494","m2":1895},"geometry":{"type":"Polygon","coordinates":[[[-68.579121,-31.534923],[-68.579096,-31.534924],[-68.579038,-31.53492],[-68.57901,-31.53492],[-68.578872,-31.534913],[-68.578866,-31.534933],[-68.578705,-31.535481],[-68.578671,-31.535597],[-68.578792,-31.535623],[-68.578879,-31.535642],[-68.578915,-31.535649],[-68.579121,-31.534923]]]}},{"type":"Feature","properties":{"id":"m495","m2":88717},"geometry":{"type":"Polygon","coordinates":[[[-68.568667,-31.53461],[-68.568851,-31.534593],[-68.568912,-31.534587],[-68.569044,-31.534574],[-68.570118,-31.534472],[-68.570238,-31.534461],[-68.570848,-31.534403],[-68.571019,-31.534387],[-68.570889,-31.532563],[-68.57086,-31.532149],[-68.570873,-31.532063],[-68.570969,-31.531432],[-68.571055,-31.530859],[-68.570899,-31.530871],[-68.570034,-31.530937],[-68.568789,-31.531061],[-68.568736,-31.531066],[-68.568606,-31.531079],[-68.568597,-31.531184],[-68.568592,-31.531253],[-68.568506,-31.532265],[-68.568499,-31.532594],[-68.568499,-31.532887],[-68.56853,-31.533255],[-68.56857,-31.533543],[-68.56867,-31.534254],[-68.568674,-31.534295],[-68.568675,-31.534314],[-68.568677,-31.534344],[-68.568679,-31.534393],[-68.568679,-31.534442],[-68.568678,-31.53449],[-68.568675,-31.534539],[-68.56867,-31.534588],[-68.568667,-31.53461]]]}},{"type":"Feature","properties":{"id":"m496","m2":11423},"geometry":{"type":"Polygon","coordinates":[[[-68.568667,-31.53461],[-68.568664,-31.534636],[-68.568656,-31.534685],[-68.568646,-31.534733],[-68.568635,-31.534781],[-68.56863,-31.534802],[-68.568511,-31.53519],[-68.568473,-31.535314],[-68.56869,-31.535293],[-68.570223,-31.535138],[-68.570118,-31.534472],[-68.569044,-31.534574],[-68.568912,-31.534587],[-68.568851,-31.534593],[-68.568667,-31.53461]]]}},{"type":"Feature","properties":{"id":"m497","m2":30153},"geometry":{"type":"Polygon","coordinates":[[[-68.570118,-31.534472],[-68.570223,-31.535138],[-68.56869,-31.535293],[-68.568473,-31.535314],[-68.568438,-31.535429],[-68.568646,-31.535411],[-68.568938,-31.535384],[-68.57085,-31.535199],[-68.57093,-31.535191],[-68.571019,-31.535182],[-68.572283,-31.535059],[-68.572899,-31.535],[-68.572952,-31.534994],[-68.573266,-31.534979],[-68.573442,-31.534976],[-68.573555,-31.534974],[-68.573653,-31.534984],[-68.573662,-31.534912],[-68.573708,-31.534525],[-68.573714,-31.534475],[-68.573717,-31.534453],[-68.573689,-31.53434],[-68.573537,-31.534332],[-68.573493,-31.534329],[-68.572639,-31.53428],[-68.572439,-31.534278],[-68.572428,-31.534277],[-68.572299,-31.534281],[-68.572215,-31.534283],[-68.572179,-31.534286],[-68.572113,-31.534292],[-68.571427,-31.534348],[-68.571181,-31.534371],[-68.571019,-31.534387],[-68.570848,-31.534403],[-68.570238,-31.534461],[-68.570118,-31.534472]]]}},{"type":"Feature","properties":{"id":"m498","m2":68558},"geometry":{"type":"Polygon","coordinates":[[[-68.571019,-31.534387],[-68.571181,-31.534371],[-68.571427,-31.534348],[-68.572113,-31.534292],[-68.572179,-31.534286],[-68.572215,-31.534283],[-68.572299,-31.534281],[-68.572428,-31.534277],[-68.572439,-31.534278],[-68.572639,-31.53428],[-68.573493,-31.534329],[-68.573537,-31.534332],[-68.573689,-31.53434],[-68.573655,-31.534207],[-68.573646,-31.534178],[-68.57346,-31.533528],[-68.573416,-31.533395],[-68.573266,-31.532947],[-68.573244,-31.532901],[-68.57316,-31.532729],[-68.573106,-31.532617],[-68.573011,-31.532479],[-68.572532,-31.53196],[-68.572249,-31.53088],[-68.572255,-31.530773],[-68.572147,-31.530777],[-68.572076,-31.530782],[-68.572038,-31.530785],[-68.571561,-31.530821],[-68.571457,-31.531479],[-68.571374,-31.532008],[-68.570873,-31.532063],[-68.57086,-31.532149],[-68.570889,-31.532563],[-68.571019,-31.534387]]]}},{"type":"Feature","properties":{"id":"m499","m2":26572},"geometry":{"type":"Polygon","coordinates":[[[-68.573689,-31.53434],[-68.573843,-31.534349],[-68.57389,-31.534352],[-68.574071,-31.534362],[-68.574178,-31.534378],[-68.574274,-31.534396],[-68.574383,-31.534426],[-68.574567,-31.53448],[-68.575237,-31.53259],[-68.575205,-31.532518],[-68.574621,-31.532524],[-68.573244,-31.532901],[-68.573266,-31.532947],[-68.573416,-31.533395],[-68.57346,-31.533528],[-68.573646,-31.534178],[-68.573655,-31.534207],[-68.573689,-31.53434]]]}},{"type":"Feature","properties":{"id":"m500","m2":12143},"geometry":{"type":"Polygon","coordinates":[[[-68.573689,-31.53434],[-68.573717,-31.534453],[-68.573714,-31.534475],[-68.573708,-31.534525],[-68.573662,-31.534912],[-68.573653,-31.534984],[-68.573741,-31.534993],[-68.573793,-31.534999],[-68.575653,-31.535204],[-68.575682,-31.535203],[-68.575765,-31.53521],[-68.575772,-31.535143],[-68.575785,-31.535032],[-68.575803,-31.534871],[-68.575676,-31.534832],[-68.575653,-31.534825],[-68.574567,-31.53448],[-68.574383,-31.534426],[-68.574274,-31.534396],[-68.574178,-31.534378],[-68.574071,-31.534362],[-68.57389,-31.534352],[-68.573843,-31.534349],[-68.573689,-31.53434]]]}},{"type":"Feature","properties":{"id":"m501","m2":98537},"geometry":{"type":"Polygon","coordinates":[[[-68.574567,-31.53448],[-68.575653,-31.534825],[-68.575676,-31.534832],[-68.575803,-31.534871],[-68.575812,-31.534795],[-68.575824,-31.534725],[-68.575957,-31.533963],[-68.576426,-31.531278],[-68.576493,-31.530932],[-68.576373,-31.53094],[-68.576351,-31.530938],[-68.576123,-31.530919],[-68.575085,-31.530834],[-68.574875,-31.530817],[-68.574793,-31.53081],[-68.574764,-31.530808],[-68.574629,-31.530797],[-68.5746,-31.530795],[-68.573743,-31.530724],[-68.572469,-31.530766],[-68.572402,-31.530768],[-68.572255,-31.530773],[-68.572249,-31.53088],[-68.572532,-31.53196],[-68.573011,-31.532479],[-68.573106,-31.532617],[-68.57316,-31.532729],[-68.573244,-31.532901],[-68.574621,-31.532524],[-68.575205,-31.532518],[-68.575237,-31.53259],[-68.574567,-31.53448]]]}},{"type":"Feature","properties":{"id":"m502","m2":2004},"geometry":{"type":"Polygon","coordinates":[[[-68.575803,-31.534871],[-68.575785,-31.535032],[-68.575772,-31.535143],[-68.575765,-31.53521],[-68.575878,-31.53522],[-68.575903,-31.535221],[-68.57643,-31.535241],[-68.576756,-31.535187],[-68.576615,-31.535142],[-68.576494,-31.535104],[-68.575963,-31.534925],[-68.575931,-31.534915],[-68.575803,-31.534871]]]}},{"type":"Feature","properties":{"id":"m503","m2":151283},"geometry":{"type":"Polygon","coordinates":[[[-68.575803,-31.534871],[-68.575931,-31.534915],[-68.575963,-31.534925],[-68.576494,-31.535104],[-68.576615,-31.535142],[-68.576756,-31.535187],[-68.576953,-31.535155],[-68.577015,-31.535144],[-68.577092,-31.535131],[-68.578745,-31.53485],[-68.57879,-31.534842],[-68.578896,-31.534827],[-68.57892,-31.534743],[-68.578928,-31.534717],[-68.578942,-31.534666],[-68.579026,-31.534373],[-68.579515,-31.532656],[-68.579551,-31.532526],[-68.579588,-31.532398],[-68.579597,-31.532367],[-68.579705,-31.531987],[-68.579605,-31.532008],[-68.579476,-31.532036],[-68.579383,-31.532056],[-68.579267,-31.53208],[-68.579256,-31.532098],[-68.579238,-31.532112],[-68.579216,-31.53212],[-68.579193,-31.532123],[-68.57917,-31.532119],[-68.579149,-31.53211],[-68.579132,-31.532095],[-68.579122,-31.532077],[-68.579118,-31.532057],[-68.579122,-31.532037],[-68.579134,-31.532017],[-68.579154,-31.532002],[-68.579178,-31.531993],[-68.579205,-31.531992],[-68.57923,-31.531998],[-68.579356,-31.531969],[-68.57945,-31.531947],[-68.579632,-31.531905],[-68.579635,-31.531905],[-68.579735,-31.531881],[-68.580122,-31.530522],[-68.580165,-31.530372],[-68.580051,-31.53039],[-68.579942,-31.530406],[-68.579871,-31.530417],[-68.579302,-31.530506],[-68.57923,-31.530517],[-68.578902,-31.530568],[-68.576827,-31.53089],[-68.576627,-31.530921],[-68.576602,-31.530925],[-68.576493,-31.530932],[-68.576426,-31.531278],[-68.575957,-31.533963],[-68.575824,-31.534725],[-68.575812,-31.534795],[-68.575803,-31.534871]]]}},{"type":"Feature","properties":{"id":"m504","m2":72302},"geometry":{"type":"Polygon","coordinates":[[[-68.583093,-31.537051],[-68.583032,-31.538437],[-68.583026,-31.538586],[-68.584281,-31.538611],[-68.584356,-31.538613],[-68.584339,-31.538522],[-68.584325,-31.538449],[-68.584322,-31.5384],[-68.584331,-31.538423],[-68.584339,-31.538429],[-68.584357,-31.538438],[-68.584384,-31.538449],[-68.584396,-31.538466],[-68.584408,-31.538507],[-68.584412,-31.538523],[-68.584435,-31.538615],[-68.584744,-31.538621],[-68.585556,-31.538643],[-68.5859,-31.538653],[-68.586354,-31.538666],[-68.586443,-31.538668],[-68.586595,-31.538672],[-68.586874,-31.53868],[-68.586866,-31.538559],[-68.586795,-31.537529],[-68.58559,-31.53759],[-68.585503,-31.536299],[-68.585375,-31.536308],[-68.58531,-31.536321],[-68.585184,-31.536348],[-68.584937,-31.53639],[-68.584691,-31.53643],[-68.584547,-31.536448],[-68.584413,-31.53646],[-68.58426,-31.536454],[-68.584064,-31.536437],[-68.583802,-31.536421],[-68.583657,-31.536414],[-68.583583,-31.536412],[-68.583411,-31.536425],[-68.583305,-31.536433],[-68.58323,-31.536437],[-68.583163,-31.536442],[-68.583149,-31.536452],[-68.583132,-31.536459],[-68.583113,-31.536462],[-68.583112,-31.536512],[-68.583093,-31.537051]]]}},{"type":"Feature","properties":{"id":"m505","m2":3628},"geometry":{"type":"Polygon","coordinates":[[[-68.579345,-31.537024],[-68.578915,-31.537023],[-68.578748,-31.537024],[-68.57876,-31.537318],[-68.578773,-31.537614],[-68.578933,-31.537614],[-68.579343,-31.537614],[-68.579345,-31.537024]]]}},{"type":"Feature","properties":{"id":"m506","m2":38373},"geometry":{"type":"Polygon","coordinates":[[[-68.578748,-31.537024],[-68.578738,-31.536801],[-68.578615,-31.536804],[-68.576752,-31.536854],[-68.576769,-31.537755],[-68.576782,-31.538477],[-68.576783,-31.538548],[-68.576785,-31.538653],[-68.576903,-31.538652],[-68.57693,-31.538651],[-68.578248,-31.538633],[-68.578404,-31.538631],[-68.578603,-31.538626],[-68.578708,-31.538624],[-68.578817,-31.538622],[-68.578811,-31.538492],[-68.578809,-31.538448],[-68.578806,-31.538382],[-68.578792,-31.53804],[-68.578773,-31.537614],[-68.57876,-31.537318],[-68.578748,-31.537024]]]}},{"type":"Feature","properties":{"id":"m507","m2":10106},"geometry":{"type":"Polygon","coordinates":[[[-68.605204,-31.532403],[-68.60365,-31.532157],[-68.603611,-31.532152],[-68.603582,-31.532152],[-68.603539,-31.532161],[-68.603534,-31.532211],[-68.603532,-31.532267],[-68.603529,-31.53234],[-68.603474,-31.532719],[-68.605119,-31.532965],[-68.605204,-31.532403]]]}},{"type":"Feature","properties":{"id":"m508","m2":31302},"geometry":{"type":"Polygon","coordinates":[[[-68.603539,-31.532161],[-68.603662,-31.531529],[-68.602888,-31.531418],[-68.602718,-31.531394],[-68.602815,-31.530964],[-68.602964,-31.530301],[-68.603049,-31.529925],[-68.603217,-31.529223],[-68.603276,-31.529132],[-68.603322,-31.529069],[-68.603103,-31.529152],[-68.603048,-31.529173],[-68.602255,-31.529476],[-68.602017,-31.530721],[-68.601903,-31.531316],[-68.601784,-31.531943],[-68.602659,-31.532065],[-68.603397,-31.532168],[-68.603449,-31.532171],[-68.603487,-31.532167],[-68.603539,-31.532161]]]}},{"type":"Feature","properties":{"id":"m509","m2":21892},"geometry":{"type":"Polygon","coordinates":[[[-68.603539,-31.532161],[-68.603487,-31.532167],[-68.603449,-31.532171],[-68.603397,-31.532168],[-68.602659,-31.532065],[-68.602633,-31.532187],[-68.602649,-31.53219],[-68.602661,-31.532196],[-68.602676,-31.532209],[-68.602685,-31.532226],[-68.602686,-31.532247],[-68.602542,-31.532862],[-68.602534,-31.532885],[-68.602517,-31.532904],[-68.602491,-31.532914],[-68.602459,-31.532911],[-68.602353,-31.533399],[-68.602356,-31.533399],[-68.602377,-31.533405],[-68.602396,-31.533416],[-68.602405,-31.533429],[-68.602409,-31.533442],[-68.60241,-31.533459],[-68.602279,-31.534067],[-68.602267,-31.534089],[-68.602256,-31.5341],[-68.602243,-31.534108],[-68.602229,-31.53411],[-68.602217,-31.53411],[-68.602201,-31.534108],[-68.602184,-31.534182],[-68.602338,-31.534214],[-68.603127,-31.534377],[-68.603181,-31.534384],[-68.60321,-31.534386],[-68.60323,-31.534344],[-68.603242,-31.534314],[-68.603248,-31.534288],[-68.603252,-31.534256],[-68.603314,-31.533828],[-68.603379,-31.533377],[-68.603394,-31.533275],[-68.603408,-31.533177],[-68.603474,-31.532719],[-68.603529,-31.53234],[-68.603532,-31.532267],[-68.603534,-31.532211],[-68.603539,-31.532161]]]}},{"type":"Feature","properties":{"id":"m510","m2":15415},"geometry":{"type":"Polygon","coordinates":[[[-68.586622,-31.535029],[-68.585421,-31.535085],[-68.585492,-31.536132],[-68.585503,-31.536299],[-68.585643,-31.536294],[-68.585707,-31.536291],[-68.586573,-31.536247],[-68.586705,-31.536241],[-68.586695,-31.536086],[-68.586622,-31.535029]]]}},{"type":"Feature","properties":{"id":"m511","m2":16698},"geometry":{"type":"Polygon","coordinates":[[[-68.586622,-31.535029],[-68.586536,-31.533793],[-68.586531,-31.533711],[-68.58653,-31.533699],[-68.586524,-31.533683],[-68.586514,-31.533669],[-68.5865,-31.533658],[-68.586483,-31.53365],[-68.586464,-31.533646],[-68.586445,-31.533646],[-68.58534,-31.533845],[-68.585421,-31.535085],[-68.586622,-31.535029]]]}},{"type":"Feature","properties":{"id":"m512","m2":31463},"geometry":{"type":"Polygon","coordinates":[[[-68.586622,-31.535029],[-68.586695,-31.536086],[-68.586705,-31.536241],[-68.587734,-31.536185],[-68.587892,-31.536176],[-68.587882,-31.53605],[-68.587826,-31.53531],[-68.587789,-31.534757],[-68.58778,-31.53462],[-68.587717,-31.533709],[-68.587709,-31.533593],[-68.586536,-31.533793],[-68.586622,-31.535029]]]}},{"type":"Feature","properties":{"id":"m513","m2":9535},"geometry":{"type":"Polygon","coordinates":[[[-68.58778,-31.53462],[-68.587789,-31.534757],[-68.587826,-31.53531],[-68.589024,-31.535244],[-68.588967,-31.534427],[-68.588864,-31.534444],[-68.587922,-31.534597],[-68.58778,-31.53462]]]}},{"type":"Feature","properties":{"id":"m514","m2":13004},"geometry":{"type":"Polygon","coordinates":[[[-68.58778,-31.53462],[-68.587922,-31.534597],[-68.588864,-31.534444],[-68.588967,-31.534427],[-68.588895,-31.5334],[-68.587822,-31.533572],[-68.587709,-31.533593],[-68.587717,-31.533709],[-68.58778,-31.53462]]]}},{"type":"Feature","properties":{"id":"m515","m2":10978},"geometry":{"type":"Polygon","coordinates":[[[-68.587826,-31.53531],[-68.587882,-31.53605],[-68.587892,-31.536176],[-68.589077,-31.53612],[-68.589024,-31.535244],[-68.587826,-31.53531]]]}},{"type":"Feature","properties":{"id":"m516","m2":16185},"geometry":{"type":"Polygon","coordinates":[[[-68.587892,-31.536176],[-68.587734,-31.536185],[-68.586705,-31.536241],[-68.586714,-31.536359],[-68.586795,-31.537529],[-68.587771,-31.53748],[-68.587979,-31.537469],[-68.587971,-31.537355],[-68.587901,-31.536304],[-68.587892,-31.536176]]]}},{"type":"Feature","properties":{"id":"m517","m2":16235},"geometry":{"type":"Polygon","coordinates":[[[-68.587892,-31.536176],[-68.587901,-31.536304],[-68.587971,-31.537355],[-68.587979,-31.537469],[-68.5881,-31.537463],[-68.589172,-31.537409],[-68.589077,-31.53612],[-68.587892,-31.536176]]]}},{"type":"Feature","properties":{"id":"m518","m2":35398},"geometry":{"type":"Polygon","coordinates":[[[-68.589024,-31.535244],[-68.589077,-31.53612],[-68.590335,-31.53638],[-68.590451,-31.536404],[-68.590478,-31.53631],[-68.590759,-31.535353],[-68.591017,-31.534475],[-68.590885,-31.534447],[-68.590517,-31.534368],[-68.590469,-31.534342],[-68.590429,-31.534309],[-68.590396,-31.53428],[-68.590356,-31.534253],[-68.590291,-31.534233],[-68.590243,-31.534229],[-68.590186,-31.534228],[-68.589121,-31.534402],[-68.588967,-31.534427],[-68.589024,-31.535244]]]}},{"type":"Feature","properties":{"id":"m519","m2":13895},"geometry":{"type":"Polygon","coordinates":[[[-68.592692,-31.536829],[-68.592681,-31.536866],[-68.592628,-31.53705],[-68.592512,-31.537452],[-68.592399,-31.537843],[-68.592574,-31.53788],[-68.593269,-31.538028],[-68.593654,-31.536702],[-68.593691,-31.536575],[-68.592983,-31.536472],[-68.592955,-31.536468],[-68.592948,-31.536467],[-68.592917,-31.536462],[-68.592802,-31.536444],[-68.592736,-31.536674],[-68.592692,-31.536829]]]}},{"type":"Feature","properties":{"id":"m520","m2":25946},"geometry":{"type":"Polygon","coordinates":[[[-68.592692,-31.536829],[-68.592736,-31.536674],[-68.592802,-31.536444],[-68.592835,-31.536331],[-68.592944,-31.535954],[-68.592979,-31.535832],[-68.592872,-31.535809],[-68.592837,-31.535801],[-68.592259,-31.535677],[-68.591526,-31.535518],[-68.590887,-31.535381],[-68.590759,-31.535353],[-68.590478,-31.53631],[-68.590451,-31.536404],[-68.590581,-31.536431],[-68.59071,-31.536458],[-68.591628,-31.536648],[-68.591779,-31.536679],[-68.591885,-31.536701],[-68.59199,-31.536723],[-68.592047,-31.536735],[-68.592538,-31.536836],[-68.592578,-31.536844],[-68.592681,-31.536866],[-68.592692,-31.536829]]]}},{"type":"Feature","properties":{"id":"m521","m2":12622},"geometry":{"type":"Polygon","coordinates":[[[-68.588783,-31.538701],[-68.588832,-31.53854],[-68.589172,-31.537409],[-68.5881,-31.537463],[-68.587979,-31.537469],[-68.587988,-31.537599],[-68.588054,-31.538538],[-68.588056,-31.538562],[-68.588063,-31.538691],[-68.588143,-31.538692],[-68.588671,-31.5387],[-68.588783,-31.538701]]]}},{"type":"Feature","properties":{"id":"m522","m2":27927},"geometry":{"type":"Polygon","coordinates":[[[-68.588783,-31.538701],[-68.588904,-31.538703],[-68.588924,-31.538704],[-68.589601,-31.538713],[-68.58977,-31.538716],[-68.589804,-31.538606],[-68.589816,-31.538569],[-68.589976,-31.538021],[-68.59042,-31.536508],[-68.590451,-31.536404],[-68.590335,-31.53638],[-68.589077,-31.53612],[-68.589172,-31.537409],[-68.588832,-31.53854],[-68.588783,-31.538701]]]}},{"type":"Feature","properties":{"id":"m523","m2":14869},"geometry":{"type":"Polygon","coordinates":[[[-68.587979,-31.537469],[-68.587771,-31.53748],[-68.586795,-31.537529],[-68.586866,-31.538559],[-68.586874,-31.53868],[-68.587033,-31.538682],[-68.587893,-31.53869],[-68.587937,-31.53869],[-68.588063,-31.538691],[-68.588056,-31.538562],[-68.588054,-31.538538],[-68.587988,-31.537599],[-68.587979,-31.537469]]]}},{"type":"Feature","properties":{"id":"m524","m2":16399},"geometry":{"type":"Polygon","coordinates":[[[-68.586795,-31.537529],[-68.586714,-31.536359],[-68.586705,-31.536241],[-68.586573,-31.536247],[-68.585707,-31.536291],[-68.585643,-31.536294],[-68.585503,-31.536299],[-68.58559,-31.53759],[-68.586795,-31.537529]]]}},{"type":"Feature","properties":{"id":"m525","m2":225377},"geometry":{"type":"Polygon","coordinates":[[[-68.57566,-31.538735],[-68.575552,-31.538736],[-68.575115,-31.538743],[-68.575002,-31.538745],[-68.575012,-31.539011],[-68.575003,-31.539044],[-68.574979,-31.539075],[-68.574958,-31.539105],[-68.57494,-31.539136],[-68.574938,-31.539161],[-68.574959,-31.539365],[-68.574964,-31.539392],[-68.57497,-31.539409],[-68.574978,-31.539423],[-68.574991,-31.539436],[-68.575014,-31.539443],[-68.575047,-31.539462],[-68.575073,-31.539487],[-68.575091,-31.539517],[-68.575098,-31.53954],[-68.575101,-31.539549],[-68.575098,-31.539592],[-68.57508,-31.539632],[-68.575049,-31.539666],[-68.575013,-31.539685],[-68.57501,-31.539697],[-68.575009,-31.539711],[-68.575009,-31.539723],[-68.57501,-31.539735],[-68.575079,-31.540186],[-68.575095,-31.540289],[-68.575223,-31.541113],[-68.575312,-31.54169],[-68.575318,-31.54171],[-68.575324,-31.541726],[-68.575335,-31.541744],[-68.575344,-31.541759],[-68.575372,-31.541771],[-68.575397,-31.541788],[-68.575416,-31.541808],[-68.57543,-31.541832],[-68.575438,-31.541858],[-68.57544,-31.541886],[-68.575434,-31.541914],[-68.575421,-31.54194],[-68.575401,-31.541963],[-68.575377,-31.541981],[-68.57537,-31.542001],[-68.575367,-31.542024],[-68.575366,-31.542044],[-68.575368,-31.542069],[-68.575464,-31.542713],[-68.575553,-31.543312],[-68.575568,-31.543415],[-68.575636,-31.543877],[-68.575642,-31.543906],[-68.575647,-31.543917],[-68.575654,-31.543926],[-68.575662,-31.543934],[-68.575698,-31.543946],[-68.57573,-31.543964],[-68.575756,-31.543988],[-68.575775,-31.544017],[-68.575786,-31.544048],[-68.575846,-31.544042],[-68.576313,-31.543991],[-68.576336,-31.543992],[-68.576357,-31.543998],[-68.5764,-31.544015],[-68.576438,-31.544038],[-68.576474,-31.544066],[-68.576503,-31.544098],[-68.576519,-31.544132],[-68.576566,-31.544442],[-68.576616,-31.544777],[-68.576104,-31.544839],[-68.576031,-31.544846],[-68.576102,-31.545312],[-68.576118,-31.545416],[-68.577861,-31.545226],[-68.577958,-31.545811],[-68.579568,-31.545633],[-68.579667,-31.545622],[-68.579777,-31.545588],[-68.579893,-31.545552],[-68.579877,-31.545448],[-68.57981,-31.545023],[-68.579725,-31.544466],[-68.579656,-31.544024],[-68.57964,-31.543918],[-68.579623,-31.543807],[-68.579608,-31.543708],[-68.579488,-31.542929],[-68.579372,-31.542186],[-68.579353,-31.542067],[-68.579335,-31.541949],[-68.579253,-31.541403],[-68.579168,-31.541412],[-68.579149,-31.541414],[-68.578797,-31.541441],[-68.578623,-31.541451],[-68.578606,-31.541606],[-68.578581,-31.541735],[-68.578544,-31.541928],[-68.578531,-31.541978],[-68.578454,-31.542259],[-68.578362,-31.542579],[-68.578303,-31.542707],[-68.578249,-31.542769],[-68.578151,-31.542837],[-68.578017,-31.542886],[-68.577893,-31.542909],[-68.57714,-31.543],[-68.576975,-31.543011],[-68.576853,-31.542993],[-68.576741,-31.542958],[-68.576639,-31.542889],[-68.576523,-31.542784],[-68.576472,-31.542721],[-68.576431,-31.542642],[-68.576397,-31.542478],[-68.576321,-31.541823],[-68.57623,-31.5413],[-68.577146,-31.541652],[-68.577048,-31.541924],[-68.577192,-31.541914],[-68.577365,-31.541894],[-68.577573,-31.541851],[-68.577664,-31.541817],[-68.577752,-31.541767],[-68.577848,-31.541675],[-68.577872,-31.541612],[-68.577869,-31.54153],[-68.57787,-31.541469],[-68.577502,-31.541188],[-68.577464,-31.54115],[-68.577451,-31.541117],[-68.577443,-31.541082],[-68.577442,-31.541],[-68.577446,-31.540977],[-68.577457,-31.540946],[-68.577488,-31.540893],[-68.577873,-31.54023],[-68.577907,-31.540188],[-68.577949,-31.540158],[-68.578003,-31.540146],[-68.578108,-31.54013],[-68.578227,-31.54012],[-68.578448,-31.540103],[-68.578683,-31.540078],[-68.578777,-31.540056],[-68.57884,-31.540026],[-68.578842,-31.540025],[-68.578883,-31.54],[-68.578926,-31.539965],[-68.578964,-31.539914],[-68.578983,-31.539869],[-68.578997,-31.539834],[-68.579,-31.539805],[-68.578994,-31.539775],[-68.578861,-31.538991],[-68.578844,-31.538887],[-68.578837,-31.53885],[-68.578828,-31.538796],[-68.578823,-31.538767],[-68.578819,-31.538681],[-68.578713,-31.538684],[-68.57825,-31.538696],[-68.577308,-31.53871],[-68.577058,-31.538714],[-68.576905,-31.538716],[-68.576786,-31.538717],[-68.576707,-31.538718],[-68.575734,-31.538734],[-68.57566,-31.538735]]]}},{"type":"Feature","properties":{"id":"m526","m2":10361},"geometry":{"type":"Polygon","coordinates":[[[-68.575658,-31.53867],[-68.575655,-31.538521],[-68.575638,-31.537783],[-68.575481,-31.537787],[-68.574524,-31.53781],[-68.57454,-31.538486],[-68.574541,-31.53856],[-68.574545,-31.538687],[-68.574644,-31.538686],[-68.575001,-31.538681],[-68.575551,-31.538672],[-68.575658,-31.53867]]]}},{"type":"Feature","properties":{"id":"m527","m2":10623},"geometry":{"type":"Polygon","coordinates":[[[-68.575658,-31.53867],[-68.575737,-31.538669],[-68.576553,-31.538657],[-68.576639,-31.538656],[-68.576707,-31.538654],[-68.576785,-31.538653],[-68.576783,-31.538548],[-68.576782,-31.538477],[-68.576769,-31.537755],[-68.575638,-31.537783],[-68.575655,-31.538521],[-68.575658,-31.53867]]]}},{"type":"Feature","properties":{"id":"m528","m2":10743},"geometry":{"type":"Polygon","coordinates":[[[-68.576752,-31.536854],[-68.575867,-31.536878],[-68.575618,-31.536884],[-68.575638,-31.537783],[-68.576769,-31.537755],[-68.576752,-31.536854]]]}},{"type":"Feature","properties":{"id":"m529","m2":45224},"geometry":{"type":"Polygon","coordinates":[[[-68.576752,-31.536854],[-68.578615,-31.536804],[-68.578738,-31.536801],[-68.578733,-31.536691],[-68.578732,-31.536668],[-68.57873,-31.536645],[-68.578727,-31.536622],[-68.578724,-31.536599],[-68.57863,-31.536115],[-68.578626,-31.536094],[-68.578597,-31.535949],[-68.578594,-31.53592],[-68.578594,-31.53589],[-68.578597,-31.535861],[-68.578599,-31.535848],[-68.578479,-31.535805],[-68.578356,-31.535761],[-68.577637,-31.535503],[-68.576921,-31.535245],[-68.576756,-31.535187],[-68.57643,-31.535241],[-68.575903,-31.535221],[-68.575878,-31.53522],[-68.575765,-31.53521],[-68.575755,-31.535303],[-68.575604,-31.536277],[-68.575616,-31.536801],[-68.575618,-31.536884],[-68.575867,-31.536878],[-68.576752,-31.536854]]]}},{"type":"Feature","properties":{"id":"m530","m2":31228},"geometry":{"type":"Polygon","coordinates":[[[-68.570049,-31.536904],[-68.570969,-31.5369],[-68.571127,-31.536899],[-68.571081,-31.535609],[-68.569615,-31.535701],[-68.568955,-31.537814],[-68.568955,-31.537828],[-68.570052,-31.53782],[-68.570049,-31.536904]]]}},{"type":"Feature","properties":{"id":"m531","m2":10422},"geometry":{"type":"Polygon","coordinates":[[[-68.570049,-31.536904],[-68.570052,-31.53782],[-68.570959,-31.537813],[-68.571135,-31.537811],[-68.571131,-31.537014],[-68.571127,-31.536899],[-68.570969,-31.5369],[-68.570049,-31.536904]]]}},{"type":"Feature","properties":{"id":"m532","m2":45105},"geometry":{"type":"Polygon","coordinates":[[[-68.571127,-31.536899],[-68.571349,-31.536899],[-68.572207,-31.536894],[-68.573279,-31.53689],[-68.573318,-31.53689],[-68.573439,-31.536917],[-68.573453,-31.536815],[-68.573571,-31.53573],[-68.573634,-31.535156],[-68.573646,-31.535042],[-68.573653,-31.534984],[-68.573555,-31.534974],[-68.573442,-31.534976],[-68.573266,-31.534979],[-68.572952,-31.534994],[-68.572899,-31.535],[-68.57289,-31.535075],[-68.572889,-31.53509],[-68.572283,-31.535159],[-68.572038,-31.535187],[-68.571984,-31.535219],[-68.571092,-31.535315],[-68.571123,-31.535537],[-68.571081,-31.535609],[-68.571127,-31.536899]]]}},{"type":"Feature","properties":{"id":"m533","m2":10314},"geometry":{"type":"Polygon","coordinates":[[[-68.571127,-31.536899],[-68.571131,-31.537014],[-68.571135,-31.537811],[-68.571338,-31.53781],[-68.572061,-31.537804],[-68.572209,-31.537803],[-68.572207,-31.536894],[-68.571349,-31.536899],[-68.571127,-31.536899]]]}},{"type":"Feature","properties":{"id":"m534","m2":11195},"geometry":{"type":"Polygon","coordinates":[[[-68.572207,-31.536894],[-68.572209,-31.537803],[-68.572428,-31.537801],[-68.573189,-31.537795],[-68.573316,-31.537816],[-68.57333,-31.537711],[-68.573439,-31.536917],[-68.573318,-31.53689],[-68.573279,-31.53689],[-68.572207,-31.536894]]]}},{"type":"Feature","properties":{"id":"m535","m2":40589},"geometry":{"type":"Polygon","coordinates":[[[-68.573439,-31.536917],[-68.573544,-31.53694],[-68.573654,-31.536937],[-68.574502,-31.536914],[-68.575618,-31.536884],[-68.575616,-31.536801],[-68.575604,-31.536277],[-68.575755,-31.535303],[-68.575765,-31.53521],[-68.575682,-31.535203],[-68.575653,-31.535204],[-68.573793,-31.534999],[-68.573741,-31.534993],[-68.573653,-31.534984],[-68.573646,-31.535042],[-68.573634,-31.535156],[-68.573571,-31.53573],[-68.573453,-31.536815],[-68.573439,-31.536917]]]}},{"type":"Feature","properties":{"id":"m536","m2":10748},"geometry":{"type":"Polygon","coordinates":[[[-68.573439,-31.536917],[-68.57333,-31.537711],[-68.573316,-31.537816],[-68.573446,-31.537837],[-68.574524,-31.53781],[-68.574502,-31.536914],[-68.573654,-31.536937],[-68.573544,-31.53694],[-68.573439,-31.536917]]]}},{"type":"Feature","properties":{"id":"m537","m2":10554},"geometry":{"type":"Polygon","coordinates":[[[-68.574502,-31.536914],[-68.574524,-31.53781],[-68.575481,-31.537787],[-68.575638,-31.537783],[-68.575618,-31.536884],[-68.574502,-31.536914]]]}},{"type":"Feature","properties":{"id":"m538","m2":11387},"geometry":{"type":"Polygon","coordinates":[[[-68.586531,-31.533711],[-68.586536,-31.533793],[-68.587709,-31.533593],[-68.587822,-31.533572],[-68.588895,-31.5334],[-68.588877,-31.533141],[-68.588872,-31.533066],[-68.588176,-31.533178],[-68.588037,-31.533198],[-68.587817,-31.533232],[-68.587604,-31.533256],[-68.587326,-31.533277],[-68.587106,-31.533295],[-68.586942,-31.533324],[-68.586552,-31.533409],[-68.586481,-31.533424],[-68.586148,-31.533498],[-68.585327,-31.533682],[-68.585333,-31.533778],[-68.58534,-31.533845],[-68.586445,-31.533646],[-68.586464,-31.533646],[-68.586483,-31.53365],[-68.5865,-31.533658],[-68.586514,-31.533669],[-68.586524,-31.533683],[-68.58653,-31.533699],[-68.586531,-31.533711]]]}},{"type":"Feature","properties":{"id":"m539","m2":12437},"geometry":{"type":"Polygon","coordinates":[[[-68.595928,-31.53628],[-68.596041,-31.535737],[-68.594681,-31.53554],[-68.594377,-31.536607],[-68.594358,-31.536672],[-68.594516,-31.536695],[-68.595012,-31.536767],[-68.59503,-31.536704],[-68.595181,-31.536177],[-68.595928,-31.53628]]]}},{"type":"Feature","properties":{"id":"m540","m2":16989},"geometry":{"type":"Polygon","coordinates":[[[-68.595928,-31.53628],[-68.596721,-31.536388],[-68.59661,-31.536926],[-68.596595,-31.536998],[-68.597069,-31.537067],[-68.59725,-31.537093],[-68.597275,-31.536967],[-68.597482,-31.535905],[-68.597566,-31.535475],[-68.597579,-31.535408],[-68.597591,-31.535348],[-68.596932,-31.535253],[-68.59692,-31.535314],[-68.59681,-31.535849],[-68.596041,-31.535737],[-68.595928,-31.53628]]]}},{"type":"Feature","properties":{"id":"m541","m2":10207},"geometry":{"type":"Polygon","coordinates":[[[-68.595928,-31.53628],[-68.595181,-31.536177],[-68.59503,-31.536704],[-68.595012,-31.536767],[-68.595536,-31.536844],[-68.595676,-31.536864],[-68.595803,-31.536883],[-68.596328,-31.536959],[-68.596595,-31.536998],[-68.59661,-31.536926],[-68.596721,-31.536388],[-68.595928,-31.53628]]]}},{"type":"Feature","properties":{"id":"m542","m2":13619},"geometry":{"type":"Polygon","coordinates":[[[-68.596041,-31.535737],[-68.59681,-31.535849],[-68.59692,-31.535314],[-68.596932,-31.535253],[-68.596135,-31.535137],[-68.594849,-31.534951],[-68.59483,-31.535016],[-68.594681,-31.53554],[-68.596041,-31.535737]]]}},{"type":"Feature","properties":{"id":"m543","m2":17700},"geometry":{"type":"Polygon","coordinates":[[[-68.601403,-31.53742],[-68.601602,-31.536542],[-68.601728,-31.535926],[-68.601646,-31.535914],[-68.600361,-31.535734],[-68.600239,-31.535717],[-68.600225,-31.535788],[-68.600126,-31.536286],[-68.600188,-31.536295],[-68.600778,-31.536377],[-68.600595,-31.537315],[-68.600585,-31.537369],[-68.601316,-31.537415],[-68.601403,-31.53742]]]}},{"type":"Feature","properties":{"id":"m544","m2":7186},"geometry":{"type":"Polygon","coordinates":[[[-68.600585,-31.537369],[-68.600595,-31.537315],[-68.600778,-31.536377],[-68.600188,-31.536295],[-68.600126,-31.536286],[-68.599931,-31.537271],[-68.59992,-31.537326],[-68.600036,-31.537334],[-68.600585,-31.537369]]]}},{"type":"Feature","properties":{"id":"m545","m2":15734},"geometry":{"type":"Polygon","coordinates":[[[-68.59992,-31.537326],[-68.599931,-31.537271],[-68.600126,-31.536286],[-68.600225,-31.535788],[-68.600239,-31.535717],[-68.600111,-31.5357],[-68.59974,-31.53565],[-68.598914,-31.535532],[-68.598902,-31.535594],[-68.598805,-31.536092],[-68.599461,-31.536191],[-68.599254,-31.537284],[-68.599797,-31.537319],[-68.59992,-31.537326]]]}},{"type":"Feature","properties":{"id":"m546","m2":8013},"geometry":{"type":"Polygon","coordinates":[[[-68.599254,-31.537284],[-68.599461,-31.536191],[-68.598805,-31.536092],[-68.598581,-31.537242],[-68.599254,-31.537284]]]}},{"type":"Feature","properties":{"id":"m547","m2":16413},"geometry":{"type":"Polygon","coordinates":[[[-68.598581,-31.537242],[-68.598805,-31.536092],[-68.598902,-31.535594],[-68.598914,-31.535532],[-68.597758,-31.535372],[-68.597591,-31.535348],[-68.597579,-31.535408],[-68.597566,-31.535475],[-68.597482,-31.535905],[-68.598141,-31.536006],[-68.597914,-31.537199],[-68.598581,-31.537242]]]}},{"type":"Feature","properties":{"id":"m548","m2":8739},"geometry":{"type":"Polygon","coordinates":[[[-68.597914,-31.537199],[-68.598141,-31.536006],[-68.597482,-31.535905],[-68.597275,-31.536967],[-68.59725,-31.537093],[-68.597278,-31.537121],[-68.597311,-31.537148],[-68.597343,-31.537161],[-68.597914,-31.537199]]]}},{"type":"Feature","properties":{"id":"m549","m2":33751},"geometry":{"type":"Polygon","coordinates":[[[-68.59725,-31.537093],[-68.597069,-31.537067],[-68.596595,-31.536998],[-68.596328,-31.536959],[-68.595803,-31.536883],[-68.595676,-31.536864],[-68.595644,-31.536977],[-68.595323,-31.53808],[-68.59532,-31.538182],[-68.595316,-31.538368],[-68.595309,-31.538673],[-68.595308,-31.538725],[-68.595306,-31.538812],[-68.595412,-31.538814],[-68.595576,-31.538818],[-68.596579,-31.538833],[-68.597766,-31.538853],[-68.597768,-31.538805],[-68.597748,-31.538778],[-68.597735,-31.538751],[-68.59773,-31.538694],[-68.597731,-31.538668],[-68.597732,-31.538646],[-68.597734,-31.538561],[-68.597665,-31.538553],[-68.597531,-31.538551],[-68.597443,-31.538551],[-68.597385,-31.538549],[-68.597335,-31.538547],[-68.59727,-31.538542],[-68.597235,-31.53852],[-68.597208,-31.5385],[-68.597172,-31.538468],[-68.597137,-31.538453],[-68.597084,-31.538442],[-68.597045,-31.538442],[-68.597015,-31.538441],[-68.596948,-31.538446],[-68.5969,-31.538446],[-68.596853,-31.538434],[-68.596821,-31.538416],[-68.596794,-31.538389],[-68.596778,-31.538358],[-68.596763,-31.53832],[-68.596764,-31.538284],[-68.59677,-31.538248],[-68.596791,-31.5382],[-68.596814,-31.538142],[-68.596835,-31.538069],[-68.596848,-31.538025],[-68.596857,-31.537982],[-68.596868,-31.537932],[-68.596878,-31.537896],[-68.5969,-31.53786],[-68.596931,-31.537833],[-68.596974,-31.537814],[-68.597012,-31.537794],[-68.597039,-31.537765],[-68.597057,-31.537721],[-68.597068,-31.537661],[-68.597081,-31.537603],[-68.597094,-31.537571],[-68.597112,-31.537545],[-68.597142,-31.537521],[-68.597177,-31.537513],[-68.597189,-31.537457],[-68.597194,-31.537429],[-68.597229,-31.53722],[-68.59725,-31.537093]]]}},{"type":"Feature","properties":{"id":"m550","m2":28823},"geometry":{"type":"Polygon","coordinates":[[[-68.58977,-31.538716],[-68.589821,-31.538716],[-68.589904,-31.538718],[-68.591634,-31.538742],[-68.591961,-31.538748],[-68.592012,-31.53875],[-68.592034,-31.53875],[-68.592101,-31.538758],[-68.59216,-31.538763],[-68.59217,-31.538661],[-68.592321,-31.538114],[-68.592362,-31.537972],[-68.592399,-31.537843],[-68.592512,-31.537452],[-68.592628,-31.53705],[-68.592681,-31.536866],[-68.592578,-31.536844],[-68.592538,-31.536836],[-68.592047,-31.536735],[-68.59199,-31.536723],[-68.591885,-31.536701],[-68.591854,-31.536807],[-68.591531,-31.5379],[-68.591493,-31.538031],[-68.591389,-31.538031],[-68.590109,-31.538022],[-68.589976,-31.538021],[-68.589816,-31.538569],[-68.589804,-31.538606],[-68.58977,-31.538716]]]}},{"type":"Feature","properties":{"id":"m551","m2":1813},"geometry":{"type":"Polygon","coordinates":[[[-68.592399,-31.537843],[-68.592362,-31.537972],[-68.592321,-31.538114],[-68.592434,-31.538116],[-68.592477,-31.538117],[-68.592489,-31.538117],[-68.592555,-31.538118],[-68.592669,-31.53812],[-68.593239,-31.53813],[-68.593269,-31.538028],[-68.592574,-31.53788],[-68.592399,-31.537843]]]}},{"type":"Feature","properties":{"id":"m552","m2":10774},"geometry":{"type":"Polygon","coordinates":[[[-68.593269,-31.538028],[-68.593786,-31.538139],[-68.593916,-31.538167],[-68.594067,-31.537667],[-68.594092,-31.537586],[-68.594324,-31.536788],[-68.594358,-31.536672],[-68.594221,-31.536652],[-68.593691,-31.536575],[-68.593654,-31.536702],[-68.593269,-31.538028]]]}},{"type":"Feature","properties":{"id":"m553","m2":8247},"geometry":{"type":"Polygon","coordinates":[[[-68.593786,-31.538139],[-68.593239,-31.53813],[-68.592669,-31.53812],[-68.592682,-31.538178],[-68.59273,-31.538378],[-68.592687,-31.538514],[-68.592636,-31.538568],[-68.592639,-31.538645],[-68.592643,-31.53877],[-68.593695,-31.538783],[-68.59375,-31.538783],[-68.593882,-31.538785],[-68.593884,-31.538698],[-68.593884,-31.538662],[-68.593885,-31.538635],[-68.59389,-31.538362],[-68.593892,-31.538248],[-68.593916,-31.538167],[-68.593786,-31.538139]]]}},{"type":"Feature","properties":{"id":"m554","m2":9896},"geometry":{"type":"Polygon","coordinates":[[[-68.595676,-31.536864],[-68.595536,-31.536844],[-68.595012,-31.536767],[-68.594981,-31.536878],[-68.594737,-31.53773],[-68.594609,-31.53817],[-68.59532,-31.538182],[-68.595323,-31.53808],[-68.595644,-31.536977],[-68.595676,-31.536864]]]}},{"type":"Feature","properties":{"id":"m555","m2":13112},"geometry":{"type":"Polygon","coordinates":[[[-68.59532,-31.538182],[-68.594609,-31.53817],[-68.594737,-31.53773],[-68.594092,-31.537586],[-68.594067,-31.537667],[-68.593916,-31.538167],[-68.593892,-31.538248],[-68.59389,-31.538362],[-68.593885,-31.538635],[-68.593884,-31.538662],[-68.593884,-31.538698],[-68.593882,-31.538785],[-68.594006,-31.538787],[-68.594065,-31.538788],[-68.595191,-31.538809],[-68.595306,-31.538812],[-68.595308,-31.538725],[-68.595309,-31.538673],[-68.595316,-31.538368],[-68.59532,-31.538182]]]}},{"type":"Feature","properties":{"id":"m556","m2":864},"geometry":{"type":"Polygon","coordinates":[[[-68.601728,-31.535926],[-68.601602,-31.536542],[-68.601728,-31.536556],[-68.601863,-31.535942],[-68.601728,-31.535926]]]}},{"type":"Feature","properties":{"id":"m557","m2":9606},"geometry":{"type":"Polygon","coordinates":[[[-68.601728,-31.535926],[-68.60183,-31.535439],[-68.601849,-31.53535],[-68.601777,-31.535328],[-68.601718,-31.535312],[-68.600424,-31.535132],[-68.600356,-31.535123],[-68.600254,-31.535641],[-68.600239,-31.535717],[-68.600361,-31.535734],[-68.601646,-31.535914],[-68.601728,-31.535926]]]}},{"type":"Feature","properties":{"id":"m558","m2":838},"geometry":{"type":"Polygon","coordinates":[[[-68.601728,-31.535926],[-68.601863,-31.535942],[-68.601968,-31.535468],[-68.601984,-31.535391],[-68.601849,-31.53535],[-68.60183,-31.535439],[-68.601728,-31.535926]]]}},{"type":"Feature","properties":{"id":"m559","m2":10440},"geometry":{"type":"Polygon","coordinates":[[[-68.600239,-31.535717],[-68.600254,-31.535641],[-68.600356,-31.535123],[-68.60044,-31.534695],[-68.600473,-31.534531],[-68.599755,-31.534429],[-68.59971,-31.534423],[-68.59962,-31.53441],[-68.599597,-31.534525],[-68.599594,-31.534543],[-68.599519,-31.534924],[-68.599502,-31.535011],[-68.599475,-31.535144],[-68.599469,-31.535204],[-68.59947,-31.535274],[-68.59949,-31.53534],[-68.599518,-31.535403],[-68.599552,-31.535458],[-68.599589,-31.535512],[-68.599619,-31.535547],[-68.599654,-31.535585],[-68.599688,-31.535616],[-68.59974,-31.53565],[-68.600111,-31.5357],[-68.600239,-31.535717]]]}},{"type":"Feature","properties":{"id":"m560","m2":12030},"geometry":{"type":"Polygon","coordinates":[[[-68.59974,-31.53565],[-68.599688,-31.535616],[-68.599654,-31.535585],[-68.599619,-31.535547],[-68.599589,-31.535512],[-68.599552,-31.535458],[-68.599518,-31.535403],[-68.59949,-31.53534],[-68.59947,-31.535274],[-68.599469,-31.535204],[-68.599475,-31.535144],[-68.599502,-31.535011],[-68.599357,-31.53499],[-68.597814,-31.534768],[-68.597705,-31.534753],[-68.597684,-31.534861],[-68.597602,-31.535291],[-68.597591,-31.535348],[-68.597758,-31.535372],[-68.598914,-31.535532],[-68.59974,-31.53565]]]}},{"type":"Feature","properties":{"id":"m561","m2":6765},"geometry":{"type":"Polygon","coordinates":[[[-68.595012,-31.536767],[-68.594516,-31.536695],[-68.594358,-31.536672],[-68.594324,-31.536788],[-68.594092,-31.537586],[-68.594737,-31.53773],[-68.594981,-31.536878],[-68.595012,-31.536767]]]}},{"type":"Feature","properties":{"id":"m562","m2":23613},"geometry":{"type":"Polygon","coordinates":[[[-68.591493,-31.538031],[-68.591531,-31.5379],[-68.591854,-31.536807],[-68.591885,-31.536701],[-68.591779,-31.536679],[-68.591628,-31.536648],[-68.59071,-31.536458],[-68.590581,-31.536431],[-68.590451,-31.536404],[-68.59042,-31.536508],[-68.589976,-31.538021],[-68.590109,-31.538022],[-68.591389,-31.538031],[-68.591493,-31.538031]]]}},{"type":"Feature","properties":{"id":"m563","m2":13305},"geometry":{"type":"Polygon","coordinates":[[[-68.588967,-31.534427],[-68.589121,-31.534402],[-68.590186,-31.534228],[-68.590086,-31.533189],[-68.588895,-31.5334],[-68.588967,-31.534427]]]}},{"type":"Feature","properties":{"id":"m564","m2":15012},"geometry":{"type":"Polygon","coordinates":[[[-68.590186,-31.534228],[-68.590243,-31.534229],[-68.590291,-31.534233],[-68.590356,-31.534253],[-68.590396,-31.53428],[-68.590429,-31.534309],[-68.590469,-31.534342],[-68.590517,-31.534368],[-68.590885,-31.534447],[-68.591017,-31.534475],[-68.591464,-31.53295],[-68.590673,-31.533089],[-68.590494,-31.53312],[-68.590329,-31.533148],[-68.590086,-31.533189],[-68.590186,-31.534228]]]}},{"type":"Feature","properties":{"id":"m565","m2":41703},"geometry":{"type":"Polygon","coordinates":[[[-68.591017,-31.534475],[-68.591213,-31.534516],[-68.59307,-31.534911],[-68.593092,-31.534916],[-68.59312,-31.534922],[-68.593234,-31.534946],[-68.593298,-31.534725],[-68.59347,-31.534129],[-68.593491,-31.534056],[-68.593526,-31.533935],[-68.59355,-31.533852],[-68.593455,-31.533831],[-68.593451,-31.533829],[-68.592604,-31.533639],[-68.592651,-31.533485],[-68.593482,-31.533672],[-68.593496,-31.533675],[-68.5935,-31.533676],[-68.593594,-31.533697],[-68.593625,-31.533591],[-68.593651,-31.5335],[-68.593735,-31.533208],[-68.593595,-31.53318],[-68.592703,-31.533002],[-68.592788,-31.532718],[-68.59259,-31.532753],[-68.591956,-31.532864],[-68.591629,-31.532922],[-68.591464,-31.53295],[-68.591017,-31.534475]]]}},{"type":"Feature","properties":{"id":"m566","m2":21915},"geometry":{"type":"Polygon","coordinates":[[[-68.591017,-31.534475],[-68.590759,-31.535353],[-68.590887,-31.535381],[-68.591526,-31.535518],[-68.592259,-31.535677],[-68.592837,-31.535801],[-68.592872,-31.535809],[-68.592979,-31.535832],[-68.59316,-31.535203],[-68.593181,-31.535132],[-68.593234,-31.534946],[-68.59312,-31.534922],[-68.593092,-31.534916],[-68.59307,-31.534911],[-68.591213,-31.534516],[-68.591017,-31.534475]]]}},{"type":"Feature","properties":{"id":"m567","m2":16785},"geometry":{"type":"Polygon","coordinates":[[[-68.593234,-31.534946],[-68.593181,-31.535132],[-68.59316,-31.535203],[-68.592979,-31.535832],[-68.592944,-31.535954],[-68.592835,-31.536331],[-68.592802,-31.536444],[-68.592917,-31.536462],[-68.592948,-31.536467],[-68.592955,-31.536468],[-68.592983,-31.536472],[-68.593691,-31.536575],[-68.59371,-31.536511],[-68.594167,-31.53492],[-68.594186,-31.534854],[-68.593452,-31.534748],[-68.593443,-31.534747],[-68.593409,-31.534741],[-68.593298,-31.534725],[-68.593234,-31.534946]]]}},{"type":"Feature","properties":{"id":"m568","m2":817},"geometry":{"type":"Polygon","coordinates":[[[-68.592669,-31.53812],[-68.592555,-31.538118],[-68.592552,-31.538176],[-68.592548,-31.53826],[-68.592465,-31.538532],[-68.592636,-31.538568],[-68.592687,-31.538514],[-68.59273,-31.538378],[-68.592682,-31.538178],[-68.592669,-31.53812]]]}},{"type":"Feature","properties":{"id":"m569","m2":1758},"geometry":{"type":"Polygon","coordinates":[[[-68.592555,-31.538118],[-68.592489,-31.538117],[-68.592477,-31.538117],[-68.592434,-31.538116],[-68.592321,-31.538114],[-68.59217,-31.538661],[-68.59216,-31.538763],[-68.592332,-31.538766],[-68.59237,-31.538767],[-68.592394,-31.538767],[-68.592433,-31.53864],[-68.592465,-31.538532],[-68.592548,-31.53826],[-68.592552,-31.538176],[-68.592555,-31.538118]]]}},{"type":"Feature","properties":{"id":"m570","m2":9347},"geometry":{"type":"Polygon","coordinates":[[[-68.596932,-31.535253],[-68.597591,-31.535348],[-68.597602,-31.535291],[-68.597684,-31.534861],[-68.597705,-31.534753],[-68.597568,-31.534733],[-68.596998,-31.534651],[-68.596258,-31.534544],[-68.596146,-31.535086],[-68.596135,-31.535137],[-68.596932,-31.535253]]]}},{"type":"Feature","properties":{"id":"m571","m2":12558},"geometry":{"type":"Polygon","coordinates":[[[-68.593691,-31.536575],[-68.594221,-31.536652],[-68.594358,-31.536672],[-68.594377,-31.536607],[-68.594681,-31.53554],[-68.59483,-31.535016],[-68.594849,-31.534951],[-68.594186,-31.534854],[-68.594167,-31.53492],[-68.59371,-31.536511],[-68.593691,-31.536575]]]}},{"type":"Feature","properties":{"id":"m572","m2":39877},"geometry":{"type":"Polygon","coordinates":[[[-68.601984,-31.535391],[-68.602486,-31.53553],[-68.602582,-31.535549],[-68.602648,-31.535559],[-68.603058,-31.535585],[-68.603128,-31.534933],[-68.603173,-31.534517],[-68.603185,-31.534459],[-68.603198,-31.534418],[-68.60321,-31.534386],[-68.603181,-31.534384],[-68.603127,-31.534377],[-68.602338,-31.534214],[-68.602184,-31.534182],[-68.602089,-31.534162],[-68.600701,-31.53396],[-68.599736,-31.53382],[-68.599722,-31.53389],[-68.599709,-31.533958],[-68.599633,-31.534343],[-68.59962,-31.53441],[-68.59971,-31.534423],[-68.599755,-31.534429],[-68.600473,-31.534531],[-68.60044,-31.534695],[-68.600356,-31.535123],[-68.600424,-31.535132],[-68.601718,-31.535312],[-68.601777,-31.535328],[-68.601849,-31.53535],[-68.601984,-31.535391]]]}},{"type":"Feature","properties":{"id":"m573","m2":5750},"geometry":{"type":"Polygon","coordinates":[[[-68.602567,-31.536387],[-68.602631,-31.536389],[-68.603234,-31.536408],[-68.603238,-31.536368],[-68.603304,-31.535669],[-68.60331,-31.535606],[-68.603058,-31.535585],[-68.602648,-31.535559],[-68.602642,-31.535618],[-68.602567,-31.536387]]]}},{"type":"Feature","properties":{"id":"m574","m2":5423},"geometry":{"type":"Polygon","coordinates":[[[-68.603234,-31.536408],[-68.603881,-31.536429],[-68.603958,-31.535718],[-68.603964,-31.535659],[-68.60331,-31.535606],[-68.603304,-31.535669],[-68.603238,-31.536368],[-68.603234,-31.536408]]]}},{"type":"Feature","properties":{"id":"m575","m2":16147},"geometry":{"type":"Polygon","coordinates":[[[-68.604883,-31.535734],[-68.604743,-31.535722],[-68.604734,-31.535837],[-68.604718,-31.53596],[-68.6047,-31.536052],[-68.6046,-31.536303],[-68.604756,-31.536447],[-68.60478,-31.536459],[-68.604805,-31.536466],[-68.60484,-31.53647],[-68.606028,-31.536512],[-68.606033,-31.536459],[-68.606123,-31.535364],[-68.60613,-31.535286],[-68.60533,-31.535218],[-68.605313,-31.535216],[-68.605185,-31.535205],[-68.605157,-31.535293],[-68.605012,-31.535744],[-68.604883,-31.535734]]]}},{"type":"Feature","properties":{"id":"m576","m2":12088},"geometry":{"type":"Polygon","coordinates":[[[-68.604883,-31.535734],[-68.605026,-31.535275],[-68.605053,-31.535189],[-68.604924,-31.535172],[-68.604905,-31.535169],[-68.60328,-31.534953],[-68.603233,-31.534946],[-68.603128,-31.534933],[-68.603058,-31.535585],[-68.60331,-31.535606],[-68.603964,-31.535659],[-68.604743,-31.535722],[-68.604883,-31.535734]]]}},{"type":"Feature","properties":{"id":"m577","m2":11778},"geometry":{"type":"Polygon","coordinates":[[[-68.595025,-31.53412],[-68.594466,-31.534044],[-68.594428,-31.534048],[-68.59439,-31.534063],[-68.594357,-31.534078],[-68.594328,-31.534098],[-68.594291,-31.534128],[-68.594244,-31.534158],[-68.594198,-31.534181],[-68.594143,-31.534199],[-68.594085,-31.534209],[-68.594029,-31.534207],[-68.593609,-31.534154],[-68.59347,-31.534129],[-68.593298,-31.534725],[-68.593409,-31.534741],[-68.593443,-31.534747],[-68.593452,-31.534748],[-68.594186,-31.534854],[-68.594849,-31.534951],[-68.59486,-31.534899],[-68.595025,-31.53412]]]}},{"type":"Feature","properties":{"id":"m578","m2":8438},"geometry":{"type":"Polygon","coordinates":[[[-68.595025,-31.53412],[-68.59486,-31.534899],[-68.594849,-31.534951],[-68.596135,-31.535137],[-68.596146,-31.535086],[-68.596258,-31.534544],[-68.595321,-31.534415],[-68.595248,-31.534397],[-68.595184,-31.534369],[-68.595128,-31.534333],[-68.595097,-31.534309],[-68.595062,-31.53426],[-68.595035,-31.534207],[-68.595025,-31.53412]]]}},{"type":"Feature","properties":{"id":"m579","m2":12302},"geometry":{"type":"Polygon","coordinates":[[[-68.595025,-31.53412],[-68.595035,-31.534207],[-68.595062,-31.53426],[-68.595097,-31.534309],[-68.595128,-31.534333],[-68.595184,-31.534369],[-68.595248,-31.534397],[-68.595321,-31.534415],[-68.596258,-31.534544],[-68.596998,-31.534651],[-68.597021,-31.534538],[-68.597074,-31.53427],[-68.597066,-31.534229],[-68.597052,-31.534194],[-68.597026,-31.53415],[-68.596996,-31.534115],[-68.596938,-31.534073],[-68.596868,-31.534036],[-68.596821,-31.534021],[-68.596007,-31.533898],[-68.595484,-31.533819],[-68.595421,-31.533815],[-68.595385,-31.533817],[-68.595348,-31.533821],[-68.595301,-31.533832],[-68.595267,-31.533843],[-68.595234,-31.533856],[-68.595204,-31.533872],[-68.595171,-31.53389],[-68.595141,-31.533915],[-68.595103,-31.533953],[-68.595082,-31.533979],[-68.595044,-31.534031],[-68.595025,-31.53412]]]}},{"type":"Feature","properties":{"id":"m580","m2":4493},"geometry":{"type":"Polygon","coordinates":[[[-68.594328,-31.534098],[-68.594348,-31.534061],[-68.594363,-31.534017],[-68.594376,-31.533973],[-68.594379,-31.533933],[-68.594377,-31.533892],[-68.594367,-31.533848],[-68.59436,-31.533833],[-68.594337,-31.533791],[-68.594311,-31.53376],[-68.594268,-31.533721],[-68.594236,-31.533702],[-68.594199,-31.533685],[-68.594154,-31.533672],[-68.593742,-31.533607],[-68.593625,-31.533591],[-68.593594,-31.533697],[-68.593568,-31.53379],[-68.59355,-31.533852],[-68.593526,-31.533935],[-68.593491,-31.534056],[-68.59347,-31.534129],[-68.593609,-31.534154],[-68.594029,-31.534207],[-68.594085,-31.534209],[-68.594143,-31.534199],[-68.594198,-31.534181],[-68.594244,-31.534158],[-68.594291,-31.534128],[-68.594328,-31.534098]]]}},{"type":"Feature","properties":{"id":"m581","m2":11443},"geometry":{"type":"Polygon","coordinates":[[[-68.599502,-31.535011],[-68.599519,-31.534924],[-68.599594,-31.534543],[-68.599597,-31.534525],[-68.59962,-31.53441],[-68.59952,-31.534396],[-68.5981,-31.534199],[-68.598046,-31.534202],[-68.597996,-31.534211],[-68.59795,-31.534225],[-68.597905,-31.534245],[-68.597867,-31.534269],[-68.597832,-31.534294],[-68.597807,-31.534323],[-68.597779,-31.534365],[-68.597726,-31.534641],[-68.597705,-31.534753],[-68.597814,-31.534768],[-68.599357,-31.53499],[-68.599502,-31.535011]]]}},{"type":"Feature","properties":{"id":"m582","m2":28038},"geometry":{"type":"Polygon","coordinates":[[[-68.59962,-31.53441],[-68.599633,-31.534343],[-68.599709,-31.533958],[-68.599722,-31.53389],[-68.599736,-31.53382],[-68.599564,-31.533797],[-68.599539,-31.533794],[-68.597867,-31.533559],[-68.597731,-31.53354],[-68.597592,-31.53352],[-68.596235,-31.533324],[-68.596125,-31.533309],[-68.596007,-31.533898],[-68.596821,-31.534021],[-68.596868,-31.534036],[-68.596938,-31.534073],[-68.596996,-31.534115],[-68.597026,-31.53415],[-68.597052,-31.534194],[-68.597066,-31.534229],[-68.597074,-31.53427],[-68.597021,-31.534538],[-68.596998,-31.534651],[-68.597568,-31.534733],[-68.597705,-31.534753],[-68.597726,-31.534641],[-68.597779,-31.534365],[-68.597807,-31.534323],[-68.597832,-31.534294],[-68.597867,-31.534269],[-68.597905,-31.534245],[-68.59795,-31.534225],[-68.597996,-31.534211],[-68.598046,-31.534202],[-68.5981,-31.534199],[-68.59952,-31.534396],[-68.59962,-31.53441]]]}},{"type":"Feature","properties":{"id":"m583","m2":20086},"geometry":{"type":"Polygon","coordinates":[[[-68.599736,-31.53382],[-68.600701,-31.53396],[-68.600725,-31.533835],[-68.600821,-31.533344],[-68.600093,-31.533233],[-68.597856,-31.532909],[-68.597731,-31.53354],[-68.597867,-31.533559],[-68.599539,-31.533794],[-68.599564,-31.533797],[-68.599736,-31.53382]]]}},{"type":"Feature","properties":{"id":"m584","m2":17680},"geometry":{"type":"Polygon","coordinates":[[[-68.593625,-31.533591],[-68.593742,-31.533607],[-68.594154,-31.533672],[-68.594199,-31.533685],[-68.594236,-31.533702],[-68.594268,-31.533721],[-68.594311,-31.53376],[-68.594337,-31.533791],[-68.59436,-31.533833],[-68.594367,-31.533848],[-68.594405,-31.533907],[-68.594432,-31.533935],[-68.594465,-31.533952],[-68.595044,-31.534031],[-68.595082,-31.533979],[-68.595103,-31.533953],[-68.595141,-31.533915],[-68.595171,-31.53389],[-68.595204,-31.533872],[-68.595234,-31.533856],[-68.595267,-31.533843],[-68.595301,-31.533832],[-68.595348,-31.533821],[-68.595385,-31.533817],[-68.595421,-31.533815],[-68.595484,-31.533819],[-68.596007,-31.533898],[-68.596125,-31.533309],[-68.595996,-31.533289],[-68.595975,-31.533285],[-68.595952,-31.533282],[-68.595557,-31.533225],[-68.594204,-31.533033],[-68.594144,-31.533024],[-68.594129,-31.533022],[-68.594045,-31.53301],[-68.593915,-31.532992],[-68.593803,-31.532975],[-68.593735,-31.533208],[-68.593651,-31.5335],[-68.593625,-31.533591]]]}},{"type":"Feature","properties":{"id":"m585","m2":7744},"geometry":{"type":"Polygon","coordinates":[[[-68.608777,-31.535507],[-68.608098,-31.53545],[-68.608089,-31.535527],[-68.607978,-31.536543],[-68.607974,-31.536582],[-68.608603,-31.536604],[-68.608766,-31.535577],[-68.608777,-31.535507]]]}},{"type":"Feature","properties":{"id":"m586","m2":7972},"geometry":{"type":"Polygon","coordinates":[[[-68.608098,-31.53545],[-68.607485,-31.535399],[-68.607426,-31.535394],[-68.607418,-31.535499],[-68.607341,-31.53648],[-68.607335,-31.536559],[-68.607392,-31.536561],[-68.607974,-31.536582],[-68.607978,-31.536543],[-68.608089,-31.535527],[-68.608098,-31.53545]]]}},{"type":"Feature","properties":{"id":"m587","m2":8212},"geometry":{"type":"Polygon","coordinates":[[[-68.607426,-31.535394],[-68.607369,-31.535388],[-68.607288,-31.535383],[-68.606767,-31.535339],[-68.606762,-31.535408],[-68.606684,-31.536487],[-68.60668,-31.536536],[-68.60727,-31.536557],[-68.607335,-31.536559],[-68.607341,-31.53648],[-68.607418,-31.535499],[-68.607426,-31.535394]]]}},{"type":"Feature","properties":{"id":"m588","m2":11642},"geometry":{"type":"Polygon","coordinates":[[[-68.605053,-31.535189],[-68.605066,-31.535129],[-68.605087,-31.535028],[-68.605142,-31.534638],[-68.604875,-31.534597],[-68.603313,-31.534385],[-68.603279,-31.534383],[-68.603245,-31.534386],[-68.60321,-31.534386],[-68.603198,-31.534418],[-68.603185,-31.534459],[-68.603173,-31.534517],[-68.603128,-31.534933],[-68.603233,-31.534946],[-68.60328,-31.534953],[-68.604905,-31.535169],[-68.604924,-31.535172],[-68.605053,-31.535189]]]}},{"type":"Feature","properties":{"id":"m589","m2":33669},"geometry":{"type":"Polygon","coordinates":[[[-68.601112,-31.531849],[-68.601083,-31.531995],[-68.600988,-31.532487],[-68.600821,-31.533344],[-68.600725,-31.533835],[-68.600701,-31.53396],[-68.602089,-31.534162],[-68.602184,-31.534182],[-68.602201,-31.534108],[-68.602182,-31.534103],[-68.602166,-31.534098],[-68.602154,-31.534088],[-68.602147,-31.534068],[-68.602148,-31.534046],[-68.602284,-31.533434],[-68.602292,-31.533414],[-68.602308,-31.533402],[-68.602332,-31.533398],[-68.602353,-31.533399],[-68.602459,-31.532911],[-68.602435,-31.532899],[-68.602416,-31.532881],[-68.60241,-31.53286],[-68.602413,-31.532844],[-68.602551,-31.532224],[-68.602558,-31.53221],[-68.60257,-31.532197],[-68.602589,-31.532188],[-68.60261,-31.532186],[-68.602633,-31.532187],[-68.602659,-31.532065],[-68.601784,-31.531943],[-68.601299,-31.531875],[-68.601269,-31.531871],[-68.601112,-31.531849]]]}},{"type":"Feature","properties":{"id":"m590","m2":58935},"geometry":{"type":"Polygon","coordinates":[[[-68.601112,-31.531849],[-68.600972,-31.531829],[-68.600281,-31.531732],[-68.59891,-31.531531],[-68.598849,-31.531526],[-68.598803,-31.531524],[-68.598761,-31.53153],[-68.598726,-31.531537],[-68.598686,-31.531551],[-68.598104,-31.531774],[-68.5976,-31.531967],[-68.59743,-31.532029],[-68.595969,-31.532575],[-68.595926,-31.532589],[-68.595883,-31.532596],[-68.59568,-31.532571],[-68.595662,-31.532669],[-68.595572,-31.533149],[-68.595557,-31.533225],[-68.595952,-31.533282],[-68.595975,-31.533285],[-68.595996,-31.533289],[-68.596125,-31.533309],[-68.596235,-31.533324],[-68.597592,-31.53352],[-68.597731,-31.53354],[-68.597856,-31.532909],[-68.597966,-31.532349],[-68.597985,-31.532325],[-68.598009,-31.532312],[-68.598043,-31.53231],[-68.598078,-31.532313],[-68.600118,-31.532611],[-68.600153,-31.532618],[-68.600179,-31.532632],[-68.600192,-31.532649],[-68.600199,-31.532669],[-68.600197,-31.532693],[-68.600093,-31.533233],[-68.600821,-31.533344],[-68.600988,-31.532487],[-68.601083,-31.531995],[-68.601112,-31.531849]]]}},{"type":"Feature","properties":{"id":"m591","m2":10207},"geometry":{"type":"Polygon","coordinates":[[[-68.601112,-31.531849],[-68.601269,-31.531871],[-68.601299,-31.531875],[-68.601784,-31.531943],[-68.601903,-31.531316],[-68.600399,-31.531104],[-68.600281,-31.531732],[-68.600972,-31.531829],[-68.601112,-31.531849]]]}},{"type":"Feature","properties":{"id":"m592","m2":8406},"geometry":{"type":"Polygon","coordinates":[[[-68.604447,-31.52864],[-68.604426,-31.528803],[-68.604294,-31.529807],[-68.604961,-31.529872],[-68.605069,-31.529065],[-68.604838,-31.52849],[-68.604447,-31.52864]]]}},{"type":"Feature","properties":{"id":"m593","m2":16886},"geometry":{"type":"Polygon","coordinates":[[[-68.604447,-31.52864],[-68.603889,-31.528852],[-68.603322,-31.529069],[-68.603373,-31.529161],[-68.603372,-31.529184],[-68.603274,-31.529652],[-68.603207,-31.529946],[-68.603126,-31.530317],[-68.604217,-31.53043],[-68.604294,-31.529807],[-68.604426,-31.528803],[-68.604447,-31.52864]]]}},{"type":"Feature","properties":{"id":"m594","m2":10442},"geometry":{"type":"Polygon","coordinates":[[[-68.604217,-31.53043],[-68.604202,-31.530529],[-68.604154,-31.530772],[-68.604123,-31.530856],[-68.604078,-31.530931],[-68.604029,-31.531007],[-68.60397,-31.531085],[-68.605538,-31.531249],[-68.605631,-31.530575],[-68.604217,-31.53043]]]}},{"type":"Feature","properties":{"id":"m595","m2":7721},"geometry":{"type":"Polygon","coordinates":[[[-68.604217,-31.53043],[-68.603126,-31.530317],[-68.602982,-31.530981],[-68.60397,-31.531085],[-68.604029,-31.531007],[-68.604078,-31.530931],[-68.604123,-31.530856],[-68.604154,-31.530772],[-68.604202,-31.530529],[-68.604217,-31.53043]]]}},{"type":"Feature","properties":{"id":"m596","m2":9200},"geometry":{"type":"Polygon","coordinates":[[[-68.60397,-31.531085],[-68.603868,-31.531227],[-68.603782,-31.531326],[-68.603717,-31.531413],[-68.603671,-31.53149],[-68.603662,-31.531529],[-68.605464,-31.531786],[-68.605538,-31.531249],[-68.60397,-31.531085]]]}},{"type":"Feature","properties":{"id":"m597","m2":4262},"geometry":{"type":"Polygon","coordinates":[[[-68.60397,-31.531085],[-68.602982,-31.530981],[-68.602888,-31.531418],[-68.603662,-31.531529],[-68.603671,-31.53149],[-68.603717,-31.531413],[-68.603782,-31.531326],[-68.603868,-31.531227],[-68.60397,-31.531085]]]}},{"type":"Feature","properties":{"id":"m598","m2":9607},"geometry":{"type":"Polygon","coordinates":[[[-68.604957,-31.534056],[-68.603314,-31.533828],[-68.603252,-31.534256],[-68.603248,-31.534288],[-68.603242,-31.534314],[-68.60323,-31.534344],[-68.60321,-31.534386],[-68.603245,-31.534386],[-68.603279,-31.534383],[-68.603313,-31.534385],[-68.604875,-31.534597],[-68.604957,-31.534056]]]}},{"type":"Feature","properties":{"id":"m599","m2":9671},"geometry":{"type":"Polygon","coordinates":[[[-68.604957,-31.534056],[-68.605037,-31.533515],[-68.603394,-31.533275],[-68.603379,-31.533377],[-68.603314,-31.533828],[-68.604957,-31.534056]]]}},{"type":"Feature","properties":{"id":"m600","m2":9791},"geometry":{"type":"Polygon","coordinates":[[[-68.605119,-31.532965],[-68.603474,-31.532719],[-68.603408,-31.533177],[-68.603394,-31.533275],[-68.605037,-31.533515],[-68.605119,-31.532965]]]}},{"type":"Feature","properties":{"id":"m601","m2":14740},"geometry":{"type":"Polygon","coordinates":[[[-68.600093,-31.533233],[-68.600197,-31.532693],[-68.600199,-31.532669],[-68.600192,-31.532649],[-68.600179,-31.532632],[-68.600153,-31.532618],[-68.600118,-31.532611],[-68.598078,-31.532313],[-68.598043,-31.53231],[-68.598009,-31.532312],[-68.597985,-31.532325],[-68.597966,-31.532349],[-68.597856,-31.532909],[-68.600093,-31.533233]]]}},{"type":"Feature","properties":{"id":"m602","m2":28569},"geometry":{"type":"Polygon","coordinates":[[[-68.597124,-31.531447],[-68.59743,-31.532029],[-68.5976,-31.531967],[-68.598104,-31.531774],[-68.598686,-31.531551],[-68.598726,-31.531537],[-68.598761,-31.53153],[-68.598803,-31.531524],[-68.598849,-31.531526],[-68.59891,-31.531531],[-68.600281,-31.531732],[-68.600399,-31.531104],[-68.600419,-31.530998],[-68.600511,-31.53051],[-68.600548,-31.53031],[-68.600571,-31.530187],[-68.600545,-31.530129],[-68.600285,-31.530228],[-68.599848,-31.530395],[-68.599826,-31.530405],[-68.599806,-31.530422],[-68.599779,-31.530451],[-68.599759,-31.53049],[-68.599732,-31.530544],[-68.599711,-31.530603],[-68.599692,-31.530691],[-68.599669,-31.530861],[-68.59966,-31.530906],[-68.599646,-31.530934],[-68.599625,-31.530962],[-68.599589,-31.530985],[-68.599545,-31.530999],[-68.59951,-31.531005],[-68.599464,-31.531002],[-68.599417,-31.530987],[-68.59938,-31.530969],[-68.599219,-31.53087],[-68.599094,-31.5308],[-68.599042,-31.530775],[-68.59901,-31.530763],[-68.598975,-31.530756],[-68.59895,-31.530755],[-68.598912,-31.53076],[-68.597185,-31.531424],[-68.597124,-31.531447]]]}},{"type":"Feature","properties":{"id":"m603","m2":22075},"geometry":{"type":"Polygon","coordinates":[[[-68.597124,-31.531447],[-68.597185,-31.531424],[-68.598912,-31.53076],[-68.59895,-31.530755],[-68.598975,-31.530756],[-68.59901,-31.530763],[-68.599042,-31.530775],[-68.599094,-31.5308],[-68.599219,-31.53087],[-68.59938,-31.530969],[-68.599417,-31.530987],[-68.599464,-31.531002],[-68.59951,-31.531005],[-68.599545,-31.530999],[-68.599589,-31.530985],[-68.599625,-31.530962],[-68.599646,-31.530934],[-68.59966,-31.530906],[-68.599669,-31.530861],[-68.599692,-31.530691],[-68.599711,-31.530603],[-68.599732,-31.530544],[-68.599759,-31.53049],[-68.599779,-31.530451],[-68.599806,-31.530422],[-68.599826,-31.530405],[-68.599848,-31.530395],[-68.600285,-31.530228],[-68.600545,-31.530129],[-68.600505,-31.530051],[-68.600484,-31.530011],[-68.600449,-31.529947],[-68.600194,-31.530045],[-68.599976,-31.530127],[-68.599525,-31.530299],[-68.599239,-31.530411],[-68.599027,-31.530493],[-68.598875,-31.530551],[-68.598727,-31.530605],[-68.598514,-31.530671],[-68.598355,-31.530716],[-68.598181,-31.530769],[-68.598011,-31.530822],[-68.5979,-31.530854],[-68.597761,-31.53089],[-68.597709,-31.530904],[-68.597625,-31.530942],[-68.597598,-31.530957],[-68.59758,-31.530967],[-68.597547,-31.530995],[-68.597486,-31.531054],[-68.59745,-31.531086],[-68.597404,-31.531107],[-68.597353,-31.531115],[-68.597252,-31.531128],[-68.597204,-31.53114],[-68.597144,-31.531159],[-68.597096,-31.531177],[-68.59699,-31.531216],[-68.596627,-31.531357],[-68.596044,-31.531579],[-68.595838,-31.531654],[-68.595592,-31.531744],[-68.595518,-31.531766],[-68.595416,-31.531797],[-68.595233,-31.53185],[-68.595085,-31.531888],[-68.594923,-31.531928],[-68.59474,-31.531969],[-68.5946,-31.531993],[-68.5945,-31.53201],[-68.594385,-31.532027],[-68.594286,-31.532039],[-68.594228,-31.532047],[-68.594208,-31.53205],[-68.594108,-31.532062],[-68.594064,-31.532068],[-68.594026,-31.532199],[-68.593983,-31.532348],[-68.594092,-31.532359],[-68.594218,-31.532375],[-68.594266,-31.532381],[-68.594315,-31.532388],[-68.594375,-31.532396],[-68.595098,-31.532491],[-68.595144,-31.532234],[-68.595147,-31.532216],[-68.595159,-31.532189],[-68.595179,-31.532167],[-68.595204,-31.532147],[-68.595232,-31.532134],[-68.595337,-31.532104],[-68.595454,-31.532071],[-68.595699,-31.531989],[-68.597124,-31.531447]]]}},{"type":"Feature","properties":{"id":"m604","m2":14120},"geometry":{"type":"Polygon","coordinates":[[[-68.597124,-31.531447],[-68.595699,-31.531989],[-68.595454,-31.532071],[-68.595337,-31.532104],[-68.595232,-31.532134],[-68.595204,-31.532147],[-68.595179,-31.532167],[-68.595159,-31.532189],[-68.595147,-31.532216],[-68.595144,-31.532234],[-68.595098,-31.532491],[-68.59568,-31.532571],[-68.595883,-31.532596],[-68.595926,-31.532589],[-68.595969,-31.532575],[-68.59743,-31.532029],[-68.597124,-31.531447]]]}},{"type":"Feature","properties":{"id":"m605","m2":6446},"geometry":{"type":"Polygon","coordinates":[[[-68.595592,-31.531744],[-68.595549,-31.531634],[-68.595423,-31.531608],[-68.594413,-31.5314],[-68.59439,-31.531395],[-68.594255,-31.531368],[-68.594198,-31.531571],[-68.594174,-31.531662],[-68.594064,-31.532068],[-68.594108,-31.532062],[-68.594208,-31.53205],[-68.594228,-31.532047],[-68.594286,-31.532039],[-68.594385,-31.532027],[-68.5945,-31.53201],[-68.5946,-31.531993],[-68.59474,-31.531969],[-68.594923,-31.531928],[-68.595085,-31.531888],[-68.595233,-31.53185],[-68.595416,-31.531797],[-68.595518,-31.531766],[-68.595592,-31.531744]]]}},{"type":"Feature","properties":{"id":"m606","m2":9391},"geometry":{"type":"Polygon","coordinates":[[[-68.595592,-31.531744],[-68.595838,-31.531654],[-68.596044,-31.531579],[-68.596627,-31.531357],[-68.59699,-31.531216],[-68.597096,-31.531177],[-68.597144,-31.531159],[-68.597204,-31.53114],[-68.597252,-31.531128],[-68.597353,-31.531115],[-68.597296,-31.531108],[-68.597248,-31.531088],[-68.597211,-31.531054],[-68.597187,-31.531012],[-68.597149,-31.530994],[-68.597092,-31.53097],[-68.597017,-31.530948],[-68.596464,-31.530857],[-68.595966,-31.530775],[-68.595952,-31.530773],[-68.595793,-31.530746],[-68.595764,-31.530857],[-68.595763,-31.530863],[-68.595732,-31.530973],[-68.595571,-31.531553],[-68.595549,-31.531634],[-68.595592,-31.531744]]]}},{"type":"Feature","properties":{"id":"m607","m2":12157},"geometry":{"type":"Polygon","coordinates":[[[-68.595549,-31.531634],[-68.595571,-31.531553],[-68.595732,-31.530973],[-68.595763,-31.530863],[-68.595764,-31.530857],[-68.595793,-31.530746],[-68.595609,-31.530713],[-68.595152,-31.530625],[-68.595032,-31.530604],[-68.594933,-31.530585],[-68.59487,-31.530574],[-68.594793,-31.530563],[-68.594723,-31.530558],[-68.594692,-31.530557],[-68.594658,-31.530557],[-68.594582,-31.530567],[-68.594565,-31.530574],[-68.594531,-31.530607],[-68.594514,-31.530635],[-68.594495,-31.53067],[-68.594316,-31.531287],[-68.594255,-31.531368],[-68.59439,-31.531395],[-68.594413,-31.5314],[-68.595423,-31.531608],[-68.595549,-31.531634]]]}},{"type":"Feature","properties":{"id":"m608","m2":2081},"geometry":{"type":"Polygon","coordinates":[[[-68.595793,-31.530746],[-68.595952,-31.530773],[-68.595966,-31.530775],[-68.596464,-31.530857],[-68.597017,-31.530948],[-68.597092,-31.53097],[-68.597149,-31.530994],[-68.597187,-31.531012],[-68.597181,-31.530966],[-68.597193,-31.530921],[-68.597221,-31.530881],[-68.597262,-31.530851],[-68.597188,-31.530875],[-68.597125,-31.530883],[-68.597082,-31.530882],[-68.597029,-31.53088],[-68.596983,-31.530874],[-68.596878,-31.530859],[-68.596735,-31.530833],[-68.596647,-31.530819],[-68.596436,-31.530783],[-68.59629,-31.530758],[-68.596134,-31.530731],[-68.595966,-31.530703],[-68.595642,-31.530644],[-68.595081,-31.53054],[-68.594973,-31.530517],[-68.594894,-31.530496],[-68.594819,-31.530476],[-68.594752,-31.530455],[-68.594635,-31.530417],[-68.594646,-31.530442],[-68.59465,-31.530478],[-68.594639,-31.530513],[-68.594617,-31.530544],[-68.594582,-31.530567],[-68.594658,-31.530557],[-68.594692,-31.530557],[-68.594723,-31.530558],[-68.594793,-31.530563],[-68.59487,-31.530574],[-68.594933,-31.530585],[-68.595032,-31.530604],[-68.595152,-31.530625],[-68.595609,-31.530713],[-68.595793,-31.530746]]]}},{"type":"Feature","properties":{"id":"m609","m2":80716},"geometry":{"type":"Polygon","coordinates":[[[-68.55573,-31.538085],[-68.555729,-31.538134],[-68.555712,-31.53842],[-68.55571,-31.538484],[-68.555705,-31.538586],[-68.555791,-31.538587],[-68.555861,-31.538587],[-68.555939,-31.538586],[-68.556028,-31.538577],[-68.556157,-31.538558],[-68.556188,-31.538568],[-68.556204,-31.538586],[-68.556207,-31.53862],[-68.556129,-31.539053],[-68.556112,-31.539108],[-68.556086,-31.539146],[-68.556027,-31.539179],[-68.555968,-31.539213],[-68.555912,-31.53925],[-68.55587,-31.539279],[-68.555837,-31.539301],[-68.555793,-31.539373],[-68.555751,-31.539436],[-68.555725,-31.539449],[-68.555684,-31.53946],[-68.555639,-31.539462],[-68.555575,-31.539459],[-68.555076,-31.539352],[-68.554785,-31.539301],[-68.554574,-31.539261],[-68.554441,-31.53923],[-68.554304,-31.539192],[-68.553501,-31.538958],[-68.553398,-31.538929],[-68.553369,-31.539156],[-68.553329,-31.53948],[-68.553287,-31.539896],[-68.553255,-31.540218],[-68.553227,-31.540533],[-68.553196,-31.54086],[-68.55313,-31.541542],[-68.553319,-31.541458],[-68.557666,-31.539444],[-68.557687,-31.539435],[-68.557856,-31.539356],[-68.557999,-31.538509],[-68.55803,-31.538327],[-68.558048,-31.53822],[-68.557898,-31.538199],[-68.557527,-31.538177],[-68.556779,-31.538139],[-68.556079,-31.538103],[-68.556055,-31.538101],[-68.555817,-31.538089],[-68.55573,-31.538085]]]}},{"type":"Feature","properties":{"id":"m610","m2":2670},"geometry":{"type":"Polygon","coordinates":[[[-68.55573,-31.538085],[-68.555817,-31.538089],[-68.55586,-31.537996],[-68.555614,-31.537981],[-68.555593,-31.53798],[-68.555204,-31.537956],[-68.554152,-31.537892],[-68.553693,-31.537864],[-68.553486,-31.537851],[-68.553479,-31.53797],[-68.553684,-31.53798],[-68.553887,-31.537991],[-68.554882,-31.538041],[-68.55492,-31.538044],[-68.555273,-31.538061],[-68.555609,-31.538079],[-68.55573,-31.538085]]]}},{"type":"Feature","properties":{"id":"m611","m2":23031},"geometry":{"type":"Polygon","coordinates":[[[-68.55573,-31.538085],[-68.555609,-31.538079],[-68.555273,-31.538061],[-68.55492,-31.538044],[-68.554914,-31.538051],[-68.554908,-31.53806],[-68.554898,-31.538089],[-68.554885,-31.538193],[-68.55488,-31.538253],[-68.55488,-31.538286],[-68.554879,-31.538323],[-68.554873,-31.538342],[-68.554871,-31.538357],[-68.554871,-31.538378],[-68.554879,-31.538399],[-68.554919,-31.53845],[-68.554855,-31.538391],[-68.55483,-31.538367],[-68.554814,-31.538344],[-68.554803,-31.53832],[-68.554801,-31.5383],[-68.554801,-31.538277],[-68.554807,-31.53824],[-68.554816,-31.538201],[-68.554829,-31.538156],[-68.554838,-31.538137],[-68.554848,-31.538123],[-68.554861,-31.538107],[-68.554869,-31.538087],[-68.554875,-31.538073],[-68.554882,-31.538048],[-68.554882,-31.538041],[-68.553887,-31.537991],[-68.553882,-31.538037],[-68.55386,-31.538233],[-68.553841,-31.538473],[-68.553549,-31.538455],[-68.553459,-31.538449],[-68.553448,-31.538536],[-68.553427,-31.538711],[-68.553398,-31.538929],[-68.553501,-31.538958],[-68.554304,-31.539192],[-68.554441,-31.53923],[-68.554574,-31.539261],[-68.554785,-31.539301],[-68.555076,-31.539352],[-68.555142,-31.539342],[-68.555181,-31.539323],[-68.555212,-31.539293],[-68.555265,-31.53924],[-68.555306,-31.539223],[-68.555368,-31.538546],[-68.555428,-31.538559],[-68.555512,-31.538575],[-68.555562,-31.538579],[-68.555619,-31.538584],[-68.555705,-31.538586],[-68.55571,-31.538484],[-68.555712,-31.53842],[-68.555729,-31.538134],[-68.55573,-31.538085]]]}},{"type":"Feature","properties":{"id":"m612","m2":4771},"geometry":{"type":"Polygon","coordinates":[[[-68.555705,-31.538586],[-68.555619,-31.538584],[-68.555562,-31.538579],[-68.555512,-31.538575],[-68.555428,-31.538559],[-68.555368,-31.538546],[-68.555306,-31.539223],[-68.55537,-31.539234],[-68.555457,-31.539249],[-68.555837,-31.539301],[-68.55587,-31.539279],[-68.555912,-31.53925],[-68.555968,-31.539213],[-68.556028,-31.538577],[-68.555939,-31.538586],[-68.555861,-31.538587],[-68.555791,-31.538587],[-68.555705,-31.538586]]]}},{"type":"Feature","properties":{"id":"m613","m2":10293},"geometry":{"type":"Polygon","coordinates":[[[-68.590629,-31.529913],[-68.590649,-31.530012],[-68.590654,-31.53004],[-68.590752,-31.530569],[-68.590803,-31.53084],[-68.590912,-31.531429],[-68.591602,-31.531279],[-68.591369,-31.530168],[-68.591375,-31.530128],[-68.591389,-31.530034],[-68.591267,-31.530014],[-68.590795,-31.529939],[-68.590629,-31.529913]]]}},{"type":"Feature","properties":{"id":"m614","m2":13116},"geometry":{"type":"Polygon","coordinates":[[[-68.590629,-31.529913],[-68.590548,-31.529899],[-68.590241,-31.529851],[-68.589981,-31.52981],[-68.589872,-31.529792],[-68.589702,-31.529765],[-68.589078,-31.529667],[-68.588874,-31.529634],[-68.588871,-31.52972],[-68.58887,-31.529749],[-68.588863,-31.530008],[-68.588881,-31.530362],[-68.58996,-31.530481],[-68.590752,-31.530569],[-68.590654,-31.53004],[-68.590649,-31.530012],[-68.590629,-31.529913]]]}},{"type":"Feature","properties":{"id":"m615","m2":1120},"geometry":{"type":"Polygon","coordinates":[[[-68.592849,-31.530258],[-68.592864,-31.530189],[-68.591998,-31.530054],[-68.591828,-31.530028],[-68.591494,-31.529975],[-68.5914,-31.529961],[-68.591389,-31.530034],[-68.591496,-31.530049],[-68.591535,-31.530056],[-68.592464,-31.530199],[-68.592622,-31.530223],[-68.592849,-31.530258]]]}},{"type":"Feature","properties":{"id":"m616","m2":12204},"geometry":{"type":"Polygon","coordinates":[[[-68.590306,-31.532336],[-68.590944,-31.532225],[-68.591676,-31.5321],[-68.591767,-31.532083],[-68.591602,-31.531279],[-68.590912,-31.531429],[-68.590199,-31.531585],[-68.590226,-31.531894],[-68.590306,-31.532336]]]}},{"type":"Feature","properties":{"id":"m617","m2":14211},"geometry":{"type":"Polygon","coordinates":[[[-68.590306,-31.532336],[-68.590226,-31.531894],[-68.590199,-31.531585],[-68.58896,-31.531859],[-68.588977,-31.532172],[-68.589166,-31.532881],[-68.590328,-31.532681],[-68.590386,-31.532671],[-68.590306,-31.532336]]]}},{"type":"Feature","properties":{"id":"m618","m2":29577},"geometry":{"type":"Polygon","coordinates":[[[-68.590306,-31.532336],[-68.590386,-31.532671],[-68.590422,-31.532819],[-68.590494,-31.53312],[-68.590673,-31.533089],[-68.591464,-31.53295],[-68.591629,-31.532922],[-68.591956,-31.532864],[-68.59259,-31.532753],[-68.592788,-31.532718],[-68.593935,-31.532516],[-68.593983,-31.532348],[-68.594026,-31.532199],[-68.594064,-31.532068],[-68.594174,-31.531662],[-68.594013,-31.531693],[-68.593066,-31.531858],[-68.592445,-31.531965],[-68.592465,-31.532043],[-68.592479,-31.532073],[-68.59269,-31.532178],[-68.592699,-31.532219],[-68.592624,-31.532312],[-68.592585,-31.532312],[-68.592246,-31.532114],[-68.592227,-31.532083],[-68.592206,-31.532007],[-68.592086,-31.532028],[-68.591999,-31.532042],[-68.592017,-31.532118],[-68.592026,-31.532159],[-68.592015,-31.532184],[-68.591786,-31.53245],[-68.591763,-31.532456],[-68.591618,-31.532383],[-68.591615,-31.532365],[-68.591785,-31.532182],[-68.591787,-31.532157],[-68.591767,-31.532083],[-68.591676,-31.5321],[-68.590944,-31.532225],[-68.590306,-31.532336]]]}},{"type":"Feature","properties":{"id":"m619","m2":898},"geometry":{"type":"Polygon","coordinates":[[[-68.591767,-31.532083],[-68.591787,-31.532157],[-68.591785,-31.532182],[-68.591615,-31.532365],[-68.591618,-31.532383],[-68.591763,-31.532456],[-68.591786,-31.53245],[-68.592015,-31.532184],[-68.592026,-31.532159],[-68.592017,-31.532118],[-68.591999,-31.532042],[-68.591868,-31.532065],[-68.591767,-31.532083]]]}},{"type":"Feature","properties":{"id":"m620","m2":10295},"geometry":{"type":"Polygon","coordinates":[[[-68.586968,-31.53116],[-68.587851,-31.531296],[-68.587892,-31.531191],[-68.588094,-31.530251],[-68.587207,-31.530097],[-68.58709,-31.530617],[-68.586968,-31.53116]]]}},{"type":"Feature","properties":{"id":"m621","m2":9814},"geometry":{"type":"Polygon","coordinates":[[[-68.586968,-31.53116],[-68.586812,-31.531853],[-68.586737,-31.532343],[-68.587716,-31.532127],[-68.587722,-31.532019],[-68.587814,-31.531395],[-68.587851,-31.531296],[-68.586968,-31.53116]]]}},{"type":"Feature","properties":{"id":"m622","m2":9947},"geometry":{"type":"Polygon","coordinates":[[[-68.587851,-31.531296],[-68.587967,-31.531315],[-68.588336,-31.531357],[-68.588437,-31.53136],[-68.588928,-31.531255],[-68.588881,-31.530362],[-68.588444,-31.530311],[-68.588094,-31.530251],[-68.587892,-31.531191],[-68.587851,-31.531296]]]}},{"type":"Feature","properties":{"id":"m623","m2":8298},"geometry":{"type":"Polygon","coordinates":[[[-68.587851,-31.531296],[-68.587814,-31.531395],[-68.587722,-31.532019],[-68.587716,-31.532127],[-68.58896,-31.531859],[-68.588928,-31.531255],[-68.588437,-31.53136],[-68.588336,-31.531357],[-68.587967,-31.531315],[-68.587851,-31.531296]]]}},{"type":"Feature","properties":{"id":"m624","m2":8047},"geometry":{"type":"Polygon","coordinates":[[[-68.588928,-31.531255],[-68.589974,-31.531022],[-68.58996,-31.530481],[-68.588881,-31.530362],[-68.588928,-31.531255]]]}},{"type":"Feature","properties":{"id":"m625","m2":12345},"geometry":{"type":"Polygon","coordinates":[[[-68.588928,-31.531255],[-68.58896,-31.531859],[-68.590199,-31.531585],[-68.590912,-31.531429],[-68.590803,-31.53084],[-68.589974,-31.531022],[-68.588928,-31.531255]]]}},{"type":"Feature","properties":{"id":"m626","m2":3483},"geometry":{"type":"Polygon","coordinates":[[[-68.589974,-31.531022],[-68.590803,-31.53084],[-68.590752,-31.530569],[-68.58996,-31.530481],[-68.589974,-31.531022]]]}},{"type":"Feature","properties":{"id":"m627","m2":12302},"geometry":{"type":"Polygon","coordinates":[[[-68.587207,-31.530097],[-68.588094,-31.530251],[-68.588444,-31.530311],[-68.588881,-31.530362],[-68.588863,-31.530008],[-68.58887,-31.529749],[-68.588871,-31.52972],[-68.588874,-31.529634],[-68.588775,-31.529618],[-68.587871,-31.529474],[-68.5875,-31.529416],[-68.587365,-31.529394],[-68.587342,-31.529498],[-68.587336,-31.529526],[-68.587207,-31.530097]]]}},{"type":"Feature","properties":{"id":"m628","m2":3892},"geometry":{"type":"Polygon","coordinates":[[[-68.586745,-31.532936],[-68.586714,-31.532421],[-68.586726,-31.532374],[-68.586737,-31.532343],[-68.586221,-31.532456],[-68.585671,-31.532805],[-68.586745,-31.532936]]]}},{"type":"Feature","properties":{"id":"m629","m2":1323},"geometry":{"type":"Polygon","coordinates":[[[-68.587365,-31.529394],[-68.5875,-31.529416],[-68.587871,-31.529474],[-68.588775,-31.529618],[-68.588874,-31.529634],[-68.588874,-31.529553],[-68.588788,-31.529537],[-68.588236,-31.52945],[-68.588141,-31.529434],[-68.587965,-31.529406],[-68.587823,-31.529383],[-68.587755,-31.529372],[-68.587681,-31.52936],[-68.587508,-31.529331],[-68.587384,-31.529312],[-68.587365,-31.529394]]]}},{"type":"Feature","properties":{"id":"m630","m2":2047},"geometry":{"type":"Polygon","coordinates":[[[-68.589055,-31.5329],[-68.589068,-31.532958],[-68.589074,-31.532984],[-68.589086,-31.533033],[-68.590154,-31.532862],[-68.590303,-31.532838],[-68.590422,-31.532819],[-68.590386,-31.532671],[-68.590328,-31.532681],[-68.589166,-31.532881],[-68.589055,-31.5329]]]}},{"type":"Feature","properties":{"id":"m631","m2":7153},"geometry":{"type":"Polygon","coordinates":[[[-68.599334,-31.527493],[-68.598216,-31.527387],[-68.598143,-31.527987],[-68.599251,-31.528098],[-68.599334,-31.527493]]]}},{"type":"Feature","properties":{"id":"m632","m2":9537},"geometry":{"type":"Polygon","coordinates":[[[-68.598216,-31.527387],[-68.597464,-31.527318],[-68.597448,-31.527444],[-68.597389,-31.527915],[-68.597328,-31.528389],[-68.597313,-31.528506],[-68.59789,-31.528561],[-68.59806,-31.528576],[-68.598143,-31.527987],[-68.598216,-31.527387]]]}},{"type":"Feature","properties":{"id":"m633","m2":6914},"geometry":{"type":"Polygon","coordinates":[[[-68.597464,-31.527318],[-68.597349,-31.527307],[-68.596371,-31.527211],[-68.596295,-31.527799],[-68.597389,-31.527915],[-68.597448,-31.527444],[-68.597464,-31.527318]]]}},{"type":"Feature","properties":{"id":"m634","m2":16314},"geometry":{"type":"Polygon","coordinates":[[[-68.600698,-31.529284],[-68.600439,-31.528796],[-68.599173,-31.528682],[-68.59806,-31.528576],[-68.597976,-31.529175],[-68.600379,-31.529403],[-68.600698,-31.529284]]]}},{"type":"Feature","properties":{"id":"m635","m2":11745},"geometry":{"type":"Polygon","coordinates":[[[-68.597976,-31.529175],[-68.59806,-31.528576],[-68.59789,-31.528561],[-68.597313,-31.528506],[-68.597177,-31.528493],[-68.59639,-31.52842],[-68.596209,-31.528404],[-68.596132,-31.528995],[-68.597976,-31.529175]]]}},{"type":"Feature","properties":{"id":"m636","m2":6955},"geometry":{"type":"Polygon","coordinates":[[[-68.599251,-31.528098],[-68.598143,-31.527987],[-68.59806,-31.528576],[-68.599173,-31.528682],[-68.599251,-31.528098]]]}},{"type":"Feature","properties":{"id":"m637","m2":16075},"geometry":{"type":"Polygon","coordinates":[[[-68.596295,-31.527799],[-68.596371,-31.527211],[-68.595299,-31.527116],[-68.595272,-31.527114],[-68.595232,-31.52711],[-68.595122,-31.5271],[-68.595102,-31.527221],[-68.595091,-31.52729],[-68.595059,-31.527479],[-68.594998,-31.527825],[-68.594953,-31.528086],[-68.594919,-31.528276],[-68.595065,-31.52829],[-68.595148,-31.528298],[-68.596209,-31.528404],[-68.596295,-31.527799]]]}},{"type":"Feature","properties":{"id":"m638","m2":7017},"geometry":{"type":"Polygon","coordinates":[[[-68.596295,-31.527799],[-68.596209,-31.528404],[-68.59639,-31.52842],[-68.597177,-31.528493],[-68.597313,-31.528506],[-68.597328,-31.528389],[-68.597389,-31.527915],[-68.596295,-31.527799]]]}},{"type":"Feature","properties":{"id":"m639","m2":13402},"geometry":{"type":"Polygon","coordinates":[[[-68.600545,-31.530129],[-68.600571,-31.530187],[-68.600548,-31.53031],[-68.600511,-31.53051],[-68.602017,-31.530721],[-68.602255,-31.529476],[-68.600834,-31.530018],[-68.600801,-31.530031],[-68.600545,-31.530129]]]}},{"type":"Feature","properties":{"id":"m640","m2":6625},"geometry":{"type":"Polygon","coordinates":[[[-68.600545,-31.530129],[-68.600801,-31.530031],[-68.600834,-31.530018],[-68.602255,-31.529476],[-68.603048,-31.529173],[-68.603103,-31.529152],[-68.603322,-31.529069],[-68.603338,-31.52895],[-68.603343,-31.528916],[-68.603352,-31.528833],[-68.603014,-31.528964],[-68.600758,-31.529827],[-68.600709,-31.529846],[-68.600449,-31.529947],[-68.600484,-31.530011],[-68.600505,-31.530051],[-68.600545,-31.530129]]]}},{"type":"Feature","properties":{"id":"m641","m2":9686},"geometry":{"type":"Polygon","coordinates":[[[-68.600511,-31.53051],[-68.600419,-31.530998],[-68.600399,-31.531104],[-68.601903,-31.531316],[-68.602017,-31.530721],[-68.600511,-31.53051]]]}},{"type":"Feature","properties":{"id":"m642","m2":2557},"geometry":{"type":"Polygon","coordinates":[[[-68.589041,-31.519892],[-68.58921,-31.519908],[-68.589267,-31.519925],[-68.589787,-31.520224],[-68.589838,-31.520169],[-68.590098,-31.519881],[-68.588935,-31.519741],[-68.588926,-31.519804],[-68.588916,-31.519879],[-68.589041,-31.519892]]]}},{"type":"Feature","properties":{"id":"m643","m2":37492},"geometry":{"type":"Polygon","coordinates":[[[-68.594294,-31.52498],[-68.593389,-31.524818],[-68.592408,-31.524644],[-68.592331,-31.525037],[-68.592297,-31.5253],[-68.592283,-31.525465],[-68.592261,-31.525596],[-68.592149,-31.526063],[-68.59224,-31.526076],[-68.592348,-31.526091],[-68.592469,-31.525422],[-68.593547,-31.52557],[-68.594471,-31.525696],[-68.594345,-31.526322],[-68.595078,-31.52642],[-68.595122,-31.526426],[-68.595142,-31.526429],[-68.59524,-31.526442],[-68.595581,-31.52465],[-68.595586,-31.524623],[-68.595181,-31.524559],[-68.594409,-31.524437],[-68.594392,-31.524518],[-68.594294,-31.52498]]]}},{"type":"Feature","properties":{"id":"m644","m2":5269},"geometry":{"type":"Polygon","coordinates":[[[-68.594294,-31.52498],[-68.594392,-31.524518],[-68.594409,-31.524437],[-68.593651,-31.524318],[-68.593537,-31.5243],[-68.593506,-31.524295],[-68.593486,-31.524381],[-68.593389,-31.524818],[-68.594294,-31.52498]]]}},{"type":"Feature","properties":{"id":"m645","m2":5520},"geometry":{"type":"Polygon","coordinates":[[[-68.593389,-31.524818],[-68.593486,-31.524381],[-68.593506,-31.524295],[-68.593036,-31.524221],[-68.592968,-31.52421],[-68.592801,-31.524183],[-68.592692,-31.524171],[-68.592641,-31.524168],[-68.592601,-31.524166],[-68.592587,-31.524168],[-68.592571,-31.524183],[-68.59255,-31.524194],[-68.592523,-31.524213],[-68.592503,-31.524228],[-68.592485,-31.524244],[-68.592472,-31.524256],[-68.592408,-31.524644],[-68.593389,-31.524818]]]}},{"type":"Feature","properties":{"id":"m646","m2":831},"geometry":{"type":"Polygon","coordinates":[[[-68.593524,-31.524214],[-68.593506,-31.524295],[-68.593537,-31.5243],[-68.593651,-31.524318],[-68.594409,-31.524437],[-68.594428,-31.52435],[-68.594127,-31.524304],[-68.593557,-31.524219],[-68.593524,-31.524214]]]}},{"type":"Feature","properties":{"id":"m647","m2":5339},"geometry":{"type":"Polygon","coordinates":[[[-68.593524,-31.524214],[-68.593557,-31.524219],[-68.594127,-31.524304],[-68.594428,-31.52435],[-68.594538,-31.523833],[-68.594511,-31.523756],[-68.593052,-31.524042],[-68.59301,-31.52406],[-68.592996,-31.52409],[-68.592985,-31.524132],[-68.593054,-31.524142],[-68.593524,-31.524214]]]}},{"type":"Feature","properties":{"id":"m648","m2":5251},"geometry":{"type":"Polygon","coordinates":[[[-68.590098,-31.519881],[-68.589838,-31.520169],[-68.589787,-31.520224],[-68.590702,-31.520741],[-68.590706,-31.520679],[-68.590773,-31.519975],[-68.590098,-31.519881]]]}},{"type":"Feature","properties":{"id":"m649","m2":1174},"geometry":{"type":"Polygon","coordinates":[[[-68.594428,-31.52435],[-68.594409,-31.524437],[-68.595181,-31.524559],[-68.595586,-31.524623],[-68.595603,-31.524526],[-68.595467,-31.524506],[-68.595238,-31.524471],[-68.594428,-31.52435]]]}},{"type":"Feature","properties":{"id":"m650","m2":9796},"geometry":{"type":"Polygon","coordinates":[[[-68.591544,-31.520329],[-68.591499,-31.520854],[-68.591492,-31.520931],[-68.591486,-31.521],[-68.591638,-31.521013],[-68.592751,-31.521102],[-68.592834,-31.521109],[-68.592897,-31.521114],[-68.592985,-31.52052],[-68.592912,-31.520515],[-68.592562,-31.52049],[-68.592267,-31.520374],[-68.591614,-31.520333],[-68.591544,-31.520329]]]}},{"type":"Feature","properties":{"id":"m651","m2":869},"geometry":{"type":"Polygon","coordinates":[[[-68.589872,-31.529792],[-68.589876,-31.529714],[-68.589727,-31.52969],[-68.589313,-31.529619],[-68.589099,-31.529587],[-68.588874,-31.529553],[-68.588874,-31.529634],[-68.589078,-31.529667],[-68.589702,-31.529765],[-68.589872,-31.529792]]]}},{"type":"Feature","properties":{"id":"m652","m2":1932},"geometry":{"type":"Polygon","coordinates":[[[-68.604961,-31.529872],[-68.605409,-31.529916],[-68.605069,-31.529065],[-68.604961,-31.529872]]]}},{"type":"Feature","properties":{"id":"m653","m2":11542},"geometry":{"type":"Polygon","coordinates":[[[-68.605409,-31.529916],[-68.605991,-31.529972],[-68.606021,-31.529788],[-68.606019,-31.529691],[-68.606,-31.529605],[-68.605652,-31.52876],[-68.605446,-31.528258],[-68.604838,-31.52849],[-68.605069,-31.529065],[-68.605409,-31.529916]]]}},{"type":"Feature","properties":{"id":"m654","m2":1178},"geometry":{"type":"Polygon","coordinates":[[[-68.603126,-31.530317],[-68.602964,-31.530301],[-68.602815,-31.530964],[-68.602982,-31.530981],[-68.603126,-31.530317]]]}},{"type":"Feature","properties":{"id":"m655","m2":39557},"geometry":{"type":"Polygon","coordinates":[[[-68.549542,-31.527507],[-68.54938,-31.527499],[-68.549281,-31.527488],[-68.549193,-31.527479],[-68.549174,-31.527477],[-68.549135,-31.527476],[-68.549067,-31.527479],[-68.549045,-31.527483],[-68.549023,-31.52748],[-68.548997,-31.527483],[-68.548949,-31.527497],[-68.548779,-31.527565],[-68.548764,-31.527639],[-68.548765,-31.527666],[-68.548766,-31.527712],[-68.548998,-31.528701],[-68.549153,-31.529362],[-68.54926,-31.529345],[-68.551237,-31.529025],[-68.551358,-31.528038],[-68.551384,-31.527835],[-68.54958,-31.527512],[-68.549542,-31.527507]]]}},{"type":"Feature","properties":{"id":"m656","m2":150337},"geometry":{"type":"Polygon","coordinates":[[[-68.549542,-31.527507],[-68.54958,-31.527512],[-68.551384,-31.527835],[-68.552528,-31.528039],[-68.552573,-31.528047],[-68.552679,-31.528066],[-68.552703,-31.52797],[-68.552745,-31.527807],[-68.552796,-31.527817],[-68.552835,-31.527825],[-68.552799,-31.527969],[-68.552795,-31.527987],[-68.552771,-31.528082],[-68.55289,-31.528103],[-68.552988,-31.528121],[-68.553077,-31.528137],[-68.553134,-31.528147],[-68.554311,-31.528356],[-68.554332,-31.528359],[-68.554501,-31.52839],[-68.554538,-31.528255],[-68.554743,-31.527519],[-68.5548,-31.527313],[-68.554824,-31.527226],[-68.555133,-31.526014],[-68.555163,-31.525897],[-68.555187,-31.525811],[-68.555085,-31.525724],[-68.555044,-31.525689],[-68.554872,-31.525546],[-68.554773,-31.525465],[-68.554622,-31.525354],[-68.554463,-31.525247],[-68.554367,-31.525187],[-68.554281,-31.525133],[-68.55418,-31.525073],[-68.554063,-31.525004],[-68.55397,-31.524951],[-68.553891,-31.524907],[-68.55372,-31.524883],[-68.553294,-31.524842],[-68.552462,-31.524763],[-68.551976,-31.524717],[-68.55163,-31.524684],[-68.551496,-31.524672],[-68.550986,-31.524623],[-68.550985,-31.524704],[-68.550971,-31.526518],[-68.55086,-31.52662],[-68.550693,-31.526732],[-68.550579,-31.526766],[-68.550334,-31.526824],[-68.55029,-31.526746],[-68.550274,-31.526703],[-68.550275,-31.526667],[-68.549692,-31.526664],[-68.549083,-31.526661],[-68.549077,-31.527073],[-68.549072,-31.527251],[-68.549072,-31.527268],[-68.549075,-31.527286],[-68.549079,-31.52731],[-68.549084,-31.527337],[-68.549093,-31.527373],[-68.549104,-31.527384],[-68.549204,-31.527409],[-68.549542,-31.527507]]]}},{"type":"Feature","properties":{"id":"m657","m2":10006},"geometry":{"type":"Polygon","coordinates":[[[-68.549086,-31.526442],[-68.549083,-31.526661],[-68.549692,-31.526664],[-68.549711,-31.525102],[-68.549105,-31.525096],[-68.549103,-31.525291],[-68.549091,-31.526126],[-68.549086,-31.526442]]]}},{"type":"Feature","properties":{"id":"m658","m2":7191},"geometry":{"type":"Polygon","coordinates":[[[-68.549105,-31.525096],[-68.549107,-31.524957],[-68.549113,-31.524584],[-68.549157,-31.524448],[-68.548989,-31.524447],[-68.548114,-31.524256],[-68.547905,-31.524782],[-68.548991,-31.525095],[-68.549105,-31.525096]]]}},{"type":"Feature","properties":{"id":"m659","m2":7390},"geometry":{"type":"Polygon","coordinates":[[[-68.549105,-31.525096],[-68.549711,-31.525102],[-68.55028,-31.525108],[-68.550283,-31.52464],[-68.550283,-31.524557],[-68.549344,-31.524468],[-68.549157,-31.524448],[-68.549113,-31.524584],[-68.549107,-31.524957],[-68.549105,-31.525096]]]}},{"type":"Feature","properties":{"id":"m660","m2":3680},"geometry":{"type":"Polygon","coordinates":[[[-68.549157,-31.524448],[-68.549197,-31.52436],[-68.549237,-31.524257],[-68.549261,-31.524146],[-68.549272,-31.524064],[-68.549154,-31.524079],[-68.54872,-31.524109],[-68.548491,-31.52412],[-68.548359,-31.524124],[-68.548227,-31.524123],[-68.548103,-31.524119],[-68.547994,-31.524115],[-68.547881,-31.524108],[-68.547706,-31.524097],[-68.547511,-31.524082],[-68.547314,-31.524066],[-68.547876,-31.524204],[-68.548114,-31.524256],[-68.548989,-31.524447],[-68.549157,-31.524448]]]}},{"type":"Feature","properties":{"id":"m661","m2":11591},"geometry":{"type":"Polygon","coordinates":[[[-68.549171,-31.522138],[-68.549209,-31.522179],[-68.549233,-31.522205],[-68.549314,-31.522291],[-68.549375,-31.522382],[-68.549424,-31.522493],[-68.549454,-31.522627],[-68.549468,-31.522767],[-68.550623,-31.522882],[-68.550727,-31.522083],[-68.549296,-31.521946],[-68.549184,-31.521936],[-68.549137,-31.521938],[-68.549111,-31.52194],[-68.549078,-31.521946],[-68.549065,-31.521959],[-68.549076,-31.521992],[-68.549087,-31.522012],[-68.549171,-31.522138]]]}},{"type":"Feature","properties":{"id":"m662","m2":17962},"geometry":{"type":"Polygon","coordinates":[[[-68.549171,-31.522138],[-68.549098,-31.522092],[-68.548933,-31.522004],[-68.548893,-31.521994],[-68.54876,-31.521976],[-68.548679,-31.521971],[-68.548555,-31.52198],[-68.548464,-31.521993],[-68.548313,-31.522055],[-68.548087,-31.522142],[-68.547927,-31.522193],[-68.547729,-31.522986],[-68.547708,-31.523067],[-68.547699,-31.523107],[-68.547675,-31.523187],[-68.54779,-31.523183],[-68.547889,-31.523178],[-68.548324,-31.523155],[-68.548565,-31.523142],[-68.548824,-31.523128],[-68.549075,-31.523113],[-68.549269,-31.523102],[-68.5493,-31.523101],[-68.549398,-31.523099],[-68.549424,-31.52302],[-68.549454,-31.522945],[-68.549471,-31.522845],[-68.549468,-31.522767],[-68.549454,-31.522627],[-68.549424,-31.522493],[-68.549375,-31.522382],[-68.549314,-31.522291],[-68.549233,-31.522205],[-68.549209,-31.522179],[-68.549171,-31.522138]]]}},{"type":"Feature","properties":{"id":"m663","m2":23298},"geometry":{"type":"Polygon","coordinates":[[[-68.554501,-31.52839],[-68.554332,-31.528359],[-68.554311,-31.528356],[-68.553134,-31.528147],[-68.553077,-31.528137],[-68.552988,-31.528121],[-68.552978,-31.528174],[-68.552963,-31.528254],[-68.552957,-31.528285],[-68.55287,-31.528741],[-68.552687,-31.529712],[-68.552662,-31.529844],[-68.552804,-31.52982],[-68.553981,-31.529624],[-68.554026,-31.529617],[-68.554166,-31.529593],[-68.554198,-31.529477],[-68.554283,-31.529171],[-68.554296,-31.529128],[-68.554457,-31.528545],[-68.554485,-31.528448],[-68.554501,-31.52839]]]}},{"type":"Feature","properties":{"id":"m664","m2":69524},"geometry":{"type":"Polygon","coordinates":[[[-68.554501,-31.52839],[-68.554485,-31.528448],[-68.554457,-31.528545],[-68.554296,-31.529128],[-68.554411,-31.529152],[-68.554416,-31.529154],[-68.554476,-31.529167],[-68.554865,-31.529251],[-68.554933,-31.529261],[-68.555068,-31.529274],[-68.555126,-31.529274],[-68.555192,-31.529274],[-68.555236,-31.529272],[-68.555254,-31.529279],[-68.555269,-31.529295],[-68.555277,-31.529315],[-68.555308,-31.529324],[-68.555349,-31.529332],[-68.555401,-31.529341],[-68.55546,-31.52935],[-68.555508,-31.52936],[-68.555535,-31.52938],[-68.555554,-31.529411],[-68.555575,-31.529457],[-68.55559,-31.529522],[-68.555654,-31.529496],[-68.555936,-31.529441],[-68.555971,-31.529449],[-68.556003,-31.529477],[-68.556056,-31.529546],[-68.556075,-31.529577],[-68.556086,-31.529614],[-68.55609,-31.52966],[-68.556083,-31.529702],[-68.556067,-31.529786],[-68.556051,-31.529881],[-68.55605,-31.52993],[-68.556039,-31.529982],[-68.556024,-31.53],[-68.555985,-31.530018],[-68.555964,-31.530033],[-68.555953,-31.530053],[-68.555929,-31.530097],[-68.555931,-31.530101],[-68.555957,-31.530159],[-68.556807,-31.529883],[-68.556831,-31.529875],[-68.557281,-31.529729],[-68.557251,-31.529654],[-68.557157,-31.529406],[-68.557127,-31.529339],[-68.557092,-31.529256],[-68.557065,-31.529184],[-68.55704,-31.529099],[-68.557017,-31.528993],[-68.55698,-31.528838],[-68.556937,-31.528674],[-68.556873,-31.528446],[-68.556823,-31.528267],[-68.556773,-31.528123],[-68.556722,-31.527985],[-68.55668,-31.527881],[-68.556635,-31.527775],[-68.556592,-31.527681],[-68.556527,-31.527551],[-68.556465,-31.527428],[-68.556398,-31.527307],[-68.556336,-31.527197],[-68.556272,-31.527093],[-68.556212,-31.526998],[-68.556151,-31.52691],[-68.556096,-31.526829],[-68.555984,-31.526678],[-68.555882,-31.526546],[-68.555785,-31.526433],[-68.555694,-31.526329],[-68.555589,-31.526215],[-68.555492,-31.526108],[-68.555396,-31.525991],[-68.555352,-31.525959],[-68.555305,-31.525922],[-68.555296,-31.525913],[-68.555286,-31.525904],[-68.555187,-31.525811],[-68.555163,-31.525897],[-68.555133,-31.526014],[-68.554824,-31.527226],[-68.5548,-31.527313],[-68.554743,-31.527519],[-68.554538,-31.528255],[-68.554501,-31.52839]]]}},{"type":"Feature","properties":{"id":"m665","m2":15446},"geometry":{"type":"Polygon","coordinates":[[[-68.552988,-31.528121],[-68.55289,-31.528103],[-68.552771,-31.528082],[-68.552679,-31.528066],[-68.552573,-31.528047],[-68.552528,-31.528039],[-68.551384,-31.527835],[-68.551358,-31.528038],[-68.551237,-31.529025],[-68.55287,-31.528741],[-68.552957,-31.528285],[-68.552963,-31.528254],[-68.552978,-31.528174],[-68.552988,-31.528121]]]}},{"type":"Feature","properties":{"id":"m666","m2":64846},"geometry":{"type":"Polygon","coordinates":[[[-68.573169,-31.528212],[-68.573121,-31.528347],[-68.573105,-31.52839],[-68.572585,-31.529796],[-68.572266,-31.530654],[-68.572259,-31.53067],[-68.572255,-31.530773],[-68.572402,-31.530768],[-68.572469,-31.530766],[-68.573743,-31.530724],[-68.5746,-31.530795],[-68.574629,-31.530797],[-68.574764,-31.530808],[-68.574793,-31.53081],[-68.574874,-31.530256],[-68.574876,-31.530245],[-68.575145,-31.529408],[-68.575478,-31.528373],[-68.575492,-31.52833],[-68.575522,-31.528237],[-68.575411,-31.528236],[-68.573625,-31.528216],[-68.573451,-31.528214],[-68.573322,-31.528213],[-68.573258,-31.528213],[-68.573169,-31.528212]]]}},{"type":"Feature","properties":{"id":"m667","m2":24920},"geometry":{"type":"Polygon","coordinates":[[[-68.57275,-31.545123],[-68.572724,-31.544295],[-68.569874,-31.544368],[-68.569902,-31.5452],[-68.571911,-31.545145],[-68.57275,-31.545123]]]}},{"type":"Feature","properties":{"id":"m668","m2":23363},"geometry":{"type":"Polygon","coordinates":[[[-68.572724,-31.544295],[-68.5727,-31.543518],[-68.569848,-31.543591],[-68.569874,-31.544368],[-68.572724,-31.544295]]]}},{"type":"Feature","properties":{"id":"m669","m2":23404},"geometry":{"type":"Polygon","coordinates":[[[-68.5727,-31.543518],[-68.572676,-31.542735],[-68.57147,-31.54277],[-68.569822,-31.542819],[-68.569848,-31.543591],[-68.5727,-31.543518]]]}},{"type":"Feature","properties":{"id":"m670","m2":10065},"geometry":{"type":"Polygon","coordinates":[[[-68.572676,-31.542735],[-68.572652,-31.541948],[-68.571442,-31.541978],[-68.57147,-31.54277],[-68.572676,-31.542735]]]}},{"type":"Feature","properties":{"id":"m671","m2":9985},"geometry":{"type":"Polygon","coordinates":[[[-68.572652,-31.541948],[-68.572628,-31.541166],[-68.571414,-31.541198],[-68.571442,-31.541978],[-68.572652,-31.541948]]]}},{"type":"Feature","properties":{"id":"m672","m2":21166},"geometry":{"type":"Polygon","coordinates":[[[-68.572628,-31.541166],[-68.572504,-31.540384],[-68.569979,-31.54046],[-68.570001,-31.541069],[-68.570007,-31.541234],[-68.571414,-31.541198],[-68.572628,-31.541166]]]}},{"type":"Feature","properties":{"id":"m673","m2":20346},"geometry":{"type":"Polygon","coordinates":[[[-68.572504,-31.540384],[-68.572382,-31.539612],[-68.569951,-31.539678],[-68.569966,-31.540101],[-68.569979,-31.54046],[-68.572504,-31.540384]]]}},{"type":"Feature","properties":{"id":"m674","m2":17563},"geometry":{"type":"Polygon","coordinates":[[[-68.572382,-31.539612],[-68.572339,-31.539341],[-68.572275,-31.538936],[-68.569925,-31.538962],[-68.569934,-31.5392],[-68.569951,-31.539678],[-68.572382,-31.539612]]]}},{"type":"Feature","properties":{"id":"m675","m2":16091},"geometry":{"type":"Polygon","coordinates":[[[-68.572275,-31.538936],[-68.572234,-31.538916],[-68.572212,-31.538886],[-68.572211,-31.53885],[-68.572249,-31.538792],[-68.572148,-31.538794],[-68.571219,-31.538805],[-68.57114,-31.538806],[-68.571072,-31.538806],[-68.570146,-31.538818],[-68.570056,-31.538819],[-68.56998,-31.53882],[-68.569166,-31.538829],[-68.569103,-31.53883],[-68.568989,-31.538832],[-68.568994,-31.538995],[-68.56901,-31.539948],[-68.569013,-31.540097],[-68.569966,-31.540101],[-68.569951,-31.539678],[-68.569934,-31.5392],[-68.569925,-31.538962],[-68.572275,-31.538936]]]}},{"type":"Feature","properties":{"id":"m676","m2":1074},"geometry":{"type":"Polygon","coordinates":[[[-68.574958,-31.539105],[-68.574979,-31.539075],[-68.575003,-31.539044],[-68.575012,-31.539011],[-68.575002,-31.538745],[-68.574682,-31.53875],[-68.574714,-31.538932],[-68.574721,-31.538962],[-68.57474,-31.539016],[-68.574757,-31.539049],[-68.574785,-31.53908],[-68.574827,-31.539111],[-68.574858,-31.539124],[-68.574881,-31.539128],[-68.57491,-31.539124],[-68.574943,-31.539113],[-68.574958,-31.539105]]]}},{"type":"Feature","properties":{"id":"m677","m2":811},"geometry":{"type":"Polygon","coordinates":[[[-68.575662,-31.543934],[-68.575634,-31.54393],[-68.575606,-31.54393],[-68.575579,-31.543934],[-68.575552,-31.543941],[-68.575522,-31.543956],[-68.575496,-31.543975],[-68.575474,-31.543998],[-68.575459,-31.544025],[-68.575451,-31.544054],[-68.575449,-31.544083],[-68.575451,-31.544091],[-68.575455,-31.544112],[-68.575467,-31.54414],[-68.575486,-31.544165],[-68.57551,-31.544186],[-68.575539,-31.544202],[-68.575571,-31.544214],[-68.575605,-31.544219],[-68.57564,-31.544218],[-68.575674,-31.544212],[-68.575705,-31.5442],[-68.575733,-31.544182],[-68.575756,-31.54416],[-68.575774,-31.544135],[-68.575785,-31.544107],[-68.575789,-31.544077],[-68.575786,-31.544048],[-68.575775,-31.544017],[-68.575756,-31.543988],[-68.57573,-31.543964],[-68.575698,-31.543946],[-68.575662,-31.543934]]]}},{"type":"Feature","properties":{"id":"m678","m2":11816},"geometry":{"type":"Polygon","coordinates":[[[-68.574524,-31.53781],[-68.573446,-31.537837],[-68.573316,-31.537816],[-68.573303,-31.537911],[-68.573193,-31.538714],[-68.573592,-31.538705],[-68.573679,-31.538704],[-68.573806,-31.538702],[-68.574005,-31.538698],[-68.574379,-31.538691],[-68.574405,-31.53869],[-68.574545,-31.538687],[-68.574541,-31.53856],[-68.57454,-31.538486],[-68.574524,-31.53781]]]}},{"type":"Feature","properties":{"id":"m679","m2":6566},"geometry":{"type":"Polygon","coordinates":[[[-68.576445,-31.548422],[-68.576458,-31.548365],[-68.576459,-31.548319],[-68.57639,-31.547842],[-68.575324,-31.547958],[-68.575421,-31.54854],[-68.576445,-31.548422]]]}},{"type":"Feature","properties":{"id":"m680","m2":5883},"geometry":{"type":"Polygon","coordinates":[[[-68.576306,-31.547261],[-68.576222,-31.546675],[-68.575283,-31.546779],[-68.57537,-31.547365],[-68.576306,-31.547261]]]}},{"type":"Feature","properties":{"id":"m681","m2":11857},"geometry":{"type":"Polygon","coordinates":[[[-68.574786,-31.539583],[-68.574784,-31.539553],[-68.574793,-31.539516],[-68.574815,-31.539483],[-68.574846,-31.539457],[-68.574854,-31.539438],[-68.574861,-31.53942],[-68.574861,-31.539405],[-68.574835,-31.539161],[-68.574827,-31.539111],[-68.574785,-31.53908],[-68.574757,-31.539049],[-68.57474,-31.539016],[-68.574721,-31.538962],[-68.574657,-31.538987],[-68.574563,-31.539024],[-68.574443,-31.539035],[-68.57445,-31.539171],[-68.574431,-31.539209],[-68.5744,-31.539238],[-68.573952,-31.539289],[-68.573887,-31.539296],[-68.573981,-31.539946],[-68.574047,-31.540399],[-68.574893,-31.540311],[-68.575008,-31.540298],[-68.574922,-31.539742],[-68.574918,-31.539727],[-68.574911,-31.539713],[-68.5749,-31.539695],[-68.574862,-31.539682],[-68.574827,-31.539658],[-68.574801,-31.539627],[-68.574786,-31.53959],[-68.574786,-31.539583]]]}},{"type":"Feature","properties":{"id":"m682","m2":38771},"geometry":{"type":"Polygon","coordinates":[[[-68.579725,-31.544466],[-68.57981,-31.545023],[-68.579877,-31.545448],[-68.579893,-31.545552],[-68.57999,-31.545541],[-68.580029,-31.545536],[-68.580649,-31.545465],[-68.581963,-31.545314],[-68.581683,-31.54356],[-68.580391,-31.543715],[-68.580298,-31.543726],[-68.579768,-31.54379],[-68.579623,-31.543807],[-68.57964,-31.543918],[-68.579656,-31.544024],[-68.579725,-31.544466]]]}},{"type":"Feature","properties":{"id":"m683","m2":25850},"geometry":{"type":"Polygon","coordinates":[[[-68.569793,-31.541947],[-68.569822,-31.542819],[-68.57147,-31.54277],[-68.571442,-31.541978],[-68.571414,-31.541198],[-68.570007,-31.541234],[-68.570023,-31.541675],[-68.570025,-31.541725],[-68.569793,-31.541947]]]}},{"type":"Feature","properties":{"id":"m684","m2":16101},"geometry":{"type":"Polygon","coordinates":[[[-68.570023,-31.541675],[-68.570007,-31.541234],[-68.570001,-31.541069],[-68.569979,-31.54046],[-68.569966,-31.540101],[-68.569013,-31.540097],[-68.569015,-31.540215],[-68.56904,-31.541653],[-68.56932,-31.541687],[-68.569784,-31.541679],[-68.570023,-31.541675]]]}},{"type":"Feature","properties":{"id":"m685","m2":5732},"geometry":{"type":"Polygon","coordinates":[[[-68.577407,-31.547732],[-68.577317,-31.547149],[-68.576398,-31.547251],[-68.576486,-31.547832],[-68.577407,-31.547732]]]}},{"type":"Feature","properties":{"id":"m686","m2":1570},"geometry":{"type":"Polygon","coordinates":[[[-68.57968,-31.545708],[-68.579667,-31.545622],[-68.579568,-31.545633],[-68.577958,-31.545811],[-68.577971,-31.545897],[-68.578123,-31.54588],[-68.57968,-31.545708]]]}},{"type":"Feature","properties":{"id":"m687","m2":10711},"geometry":{"type":"Polygon","coordinates":[[[-68.577971,-31.545897],[-68.576402,-31.54607],[-68.576352,-31.546076],[-68.576337,-31.54608],[-68.576323,-31.546085],[-68.576311,-31.546092],[-68.576306,-31.546108],[-68.576284,-31.546137],[-68.576255,-31.54616],[-68.576246,-31.54617],[-68.576242,-31.54618],[-68.576238,-31.546195],[-68.576239,-31.546209],[-68.576308,-31.546666],[-68.578054,-31.546472],[-68.577971,-31.545897]]]}},{"type":"Feature","properties":{"id":"m688","m2":1530},"geometry":{"type":"Polygon","coordinates":[[[-68.577971,-31.545897],[-68.577958,-31.545811],[-68.577799,-31.545828],[-68.576337,-31.54599],[-68.576325,-31.54599],[-68.576306,-31.545985],[-68.576286,-31.545978],[-68.576307,-31.546008],[-68.576317,-31.546041],[-68.576317,-31.546075],[-68.576311,-31.546092],[-68.576323,-31.546085],[-68.576337,-31.54608],[-68.576352,-31.546076],[-68.576402,-31.54607],[-68.577971,-31.545897]]]}},{"type":"Feature","properties":{"id":"m689","m2":10685},"geometry":{"type":"Polygon","coordinates":[[[-68.570052,-31.53782],[-68.570055,-31.538653],[-68.570056,-31.538757],[-68.570145,-31.538756],[-68.571073,-31.538746],[-68.57114,-31.538745],[-68.57114,-31.538634],[-68.571135,-31.537811],[-68.570959,-31.537813],[-68.570052,-31.53782]]]}},{"type":"Feature","properties":{"id":"m690","m2":10727},"geometry":{"type":"Polygon","coordinates":[[[-68.570052,-31.53782],[-68.568955,-31.537828],[-68.568977,-31.538477],[-68.568983,-31.53866],[-68.568986,-31.53877],[-68.569102,-31.538768],[-68.569981,-31.538758],[-68.570056,-31.538757],[-68.570055,-31.538653],[-68.570052,-31.53782]]]}},{"type":"Feature","properties":{"id":"m691","m2":1109},"geometry":{"type":"Polygon","coordinates":[[[-68.555076,-31.539352],[-68.555575,-31.539459],[-68.555639,-31.539462],[-68.555684,-31.53946],[-68.555725,-31.539449],[-68.555751,-31.539436],[-68.555793,-31.539373],[-68.555837,-31.539301],[-68.555457,-31.539249],[-68.55537,-31.539234],[-68.555306,-31.539223],[-68.555265,-31.53924],[-68.555212,-31.539293],[-68.555181,-31.539323],[-68.555142,-31.539342],[-68.555076,-31.539352]]]}},{"type":"Feature","properties":{"id":"m692","m2":9482},"geometry":{"type":"Polygon","coordinates":[[[-68.548998,-31.528701],[-68.548902,-31.528717],[-68.547774,-31.528913],[-68.547694,-31.528927],[-68.547835,-31.529507],[-68.547856,-31.529593],[-68.547971,-31.529573],[-68.548494,-31.52948],[-68.549033,-31.529383],[-68.549153,-31.529362],[-68.548998,-31.528701]]]}},{"type":"Feature","properties":{"id":"m693","m2":14694},"geometry":{"type":"Polygon","coordinates":[[[-68.548102,-31.530609],[-68.548118,-31.530673],[-68.548353,-31.531626],[-68.549674,-31.531397],[-68.549423,-31.530459],[-68.549402,-31.530379],[-68.549268,-31.530402],[-68.54875,-31.530493],[-68.548227,-31.530586],[-68.548102,-31.530609]]]}},{"type":"Feature","properties":{"id":"m694","m2":7323},"geometry":{"type":"Polygon","coordinates":[[[-68.54875,-31.530493],[-68.549268,-31.530402],[-68.549402,-31.530379],[-68.549381,-31.530295],[-68.549153,-31.529362],[-68.549033,-31.529383],[-68.548494,-31.52948],[-68.548513,-31.529556],[-68.54875,-31.530493]]]}},{"type":"Feature","properties":{"id":"m695","m2":21151},"geometry":{"type":"Polygon","coordinates":[[[-68.549402,-31.530379],[-68.549502,-31.530362],[-68.550839,-31.530127],[-68.55101,-31.530143],[-68.551126,-31.530153],[-68.551154,-31.529869],[-68.551237,-31.529025],[-68.54926,-31.529345],[-68.549153,-31.529362],[-68.549381,-31.530295],[-68.549402,-31.530379]]]}},{"type":"Feature","properties":{"id":"m696","m2":26328},"geometry":{"type":"Polygon","coordinates":[[[-68.549402,-31.530379],[-68.549423,-31.530459],[-68.549674,-31.531397],[-68.549808,-31.532054],[-68.549837,-31.532161],[-68.550944,-31.531797],[-68.551126,-31.530153],[-68.55101,-31.530143],[-68.550839,-31.530127],[-68.549502,-31.530362],[-68.549402,-31.530379]]]}},{"type":"Feature","properties":{"id":"m697","m2":25014},"geometry":{"type":"Polygon","coordinates":[[[-68.551126,-31.530153],[-68.550944,-31.531797],[-68.552369,-31.53133],[-68.55239,-31.531218],[-68.552643,-31.529948],[-68.552662,-31.529844],[-68.552529,-31.529866],[-68.552131,-31.529932],[-68.551906,-31.529928],[-68.551265,-31.529878],[-68.551154,-31.529869],[-68.551126,-31.530153]]]}},{"type":"Feature","properties":{"id":"m698","m2":16558},"geometry":{"type":"Polygon","coordinates":[[[-68.551154,-31.529869],[-68.551265,-31.529878],[-68.551906,-31.529928],[-68.552131,-31.529932],[-68.552529,-31.529866],[-68.552662,-31.529844],[-68.552687,-31.529712],[-68.55287,-31.528741],[-68.551237,-31.529025],[-68.551154,-31.529869]]]}},{"type":"Feature","properties":{"id":"m699","m2":19987},"geometry":{"type":"Polygon","coordinates":[[[-68.552662,-31.529844],[-68.552643,-31.529948],[-68.55239,-31.531218],[-68.552369,-31.53133],[-68.55338,-31.530998],[-68.553642,-31.530912],[-68.553797,-31.530861],[-68.553815,-31.530767],[-68.554104,-31.529816],[-68.554166,-31.529593],[-68.554026,-31.529617],[-68.553981,-31.529624],[-68.552804,-31.52982],[-68.552662,-31.529844]]]}},{"type":"Feature","properties":{"id":"m700","m2":21151},"geometry":{"type":"Polygon","coordinates":[[[-68.554166,-31.529593],[-68.554104,-31.529816],[-68.553815,-31.530767],[-68.553797,-31.530861],[-68.554053,-31.530778],[-68.555957,-31.530159],[-68.555931,-31.530101],[-68.555929,-31.530097],[-68.555679,-31.529795],[-68.555599,-31.529737],[-68.555553,-31.529708],[-68.555531,-31.529686],[-68.555518,-31.529659],[-68.555521,-31.52963],[-68.555532,-31.529598],[-68.55556,-31.529553],[-68.55559,-31.529522],[-68.555575,-31.529457],[-68.555554,-31.529411],[-68.555535,-31.52938],[-68.555508,-31.52936],[-68.55546,-31.52935],[-68.555401,-31.529341],[-68.555349,-31.529332],[-68.555319,-31.529338],[-68.555287,-31.529346],[-68.555273,-31.529353],[-68.555264,-31.529367],[-68.555246,-31.529386],[-68.555218,-31.529401],[-68.555175,-31.529402],[-68.554897,-31.529347],[-68.554402,-31.529199],[-68.554397,-31.529198],[-68.554312,-31.529179],[-68.554283,-31.529171],[-68.554198,-31.529477],[-68.554166,-31.529593]]]}},{"type":"Feature","properties":{"id":"m701","m2":1638},"geometry":{"type":"Polygon","coordinates":[[[-68.550982,-31.531894],[-68.551297,-31.53179],[-68.551387,-31.531761],[-68.552408,-31.531426],[-68.552369,-31.53133],[-68.550944,-31.531797],[-68.550982,-31.531894]]]}},{"type":"Feature","properties":{"id":"m702","m2":1611},"geometry":{"type":"Polygon","coordinates":[[[-68.552369,-31.53133],[-68.552408,-31.531426],[-68.553641,-31.531022],[-68.553763,-31.530983],[-68.553797,-31.530861],[-68.553642,-31.530912],[-68.55338,-31.530998],[-68.552369,-31.53133]]]}},{"type":"Feature","properties":{"id":"m703","m2":7820},"geometry":{"type":"Polygon","coordinates":[[[-68.553294,-31.524842],[-68.553327,-31.524815],[-68.553353,-31.524785],[-68.553373,-31.524745],[-68.553386,-31.524701],[-68.553377,-31.524657],[-68.553264,-31.52461],[-68.553134,-31.524562],[-68.553009,-31.52452],[-68.552873,-31.524478],[-68.552702,-31.524424],[-68.552535,-31.524375],[-68.552331,-31.524315],[-68.552212,-31.52428],[-68.552064,-31.524237],[-68.551918,-31.524197],[-68.551765,-31.524162],[-68.551611,-31.524133],[-68.551562,-31.524125],[-68.551496,-31.524672],[-68.55163,-31.524684],[-68.551976,-31.524717],[-68.552462,-31.524763],[-68.553294,-31.524842]]]}},{"type":"Feature","properties":{"id":"m704","m2":15709},"geometry":{"type":"Polygon","coordinates":[[[-68.550334,-31.526824],[-68.550579,-31.526766],[-68.550693,-31.526732],[-68.55086,-31.52662],[-68.550971,-31.526518],[-68.550985,-31.524704],[-68.550986,-31.524623],[-68.550592,-31.524586],[-68.550283,-31.524557],[-68.550283,-31.52464],[-68.55028,-31.525108],[-68.550275,-31.526667],[-68.550274,-31.526703],[-68.55029,-31.526746],[-68.550334,-31.526824]]]}},{"type":"Feature","properties":{"id":"m705","m2":9475},"geometry":{"type":"Polygon","coordinates":[[[-68.550275,-31.526667],[-68.55028,-31.525108],[-68.549711,-31.525102],[-68.549692,-31.526664],[-68.550275,-31.526667]]]}},{"type":"Feature","properties":{"id":"m706","m2":1798},"geometry":{"type":"Polygon","coordinates":[[[-68.551799,-31.525348],[-68.551775,-31.525373],[-68.551736,-31.525403],[-68.551701,-31.525434],[-68.551679,-31.525458],[-68.551663,-31.525482],[-68.551394,-31.526024],[-68.551381,-31.526066],[-68.55138,-31.526091],[-68.551387,-31.526113],[-68.551411,-31.526135],[-68.551449,-31.526148],[-68.551479,-31.526142],[-68.551653,-31.526072],[-68.551676,-31.52606],[-68.551694,-31.526042],[-68.551708,-31.52602],[-68.551719,-31.525982],[-68.551829,-31.525504],[-68.551827,-31.525458],[-68.551813,-31.525406],[-68.551803,-31.525373],[-68.551799,-31.525348]]]}},{"type":"Feature","properties":{"id":"m707","m2":10471},"geometry":{"type":"Polygon","coordinates":[[[-68.547426,-31.526596],[-68.547402,-31.52666],[-68.547217,-31.527144],[-68.547285,-31.527164],[-68.548328,-31.527472],[-68.548459,-31.527517],[-68.548478,-31.527525],[-68.548505,-31.527535],[-68.548553,-31.527556],[-68.548571,-31.527555],[-68.548621,-31.527536],[-68.548903,-31.527424],[-68.548933,-31.527412],[-68.54896,-31.527399],[-68.548991,-31.527376],[-68.549006,-31.527367],[-68.549012,-31.527364],[-68.54903,-31.527341],[-68.549046,-31.527317],[-68.549061,-31.527294],[-68.549072,-31.527268],[-68.549072,-31.527251],[-68.549077,-31.527073],[-68.548979,-31.527044],[-68.547541,-31.526629],[-68.547426,-31.526596]]]}},{"type":"Feature","properties":{"id":"m708","m2":11915},"geometry":{"type":"Polygon","coordinates":[[[-68.566746,-31.541377],[-68.566905,-31.541398],[-68.567777,-31.541501],[-68.567743,-31.540112],[-68.567218,-31.540118],[-68.567081,-31.540118],[-68.566848,-31.540993],[-68.566799,-31.541176],[-68.566791,-31.541209],[-68.566785,-31.541231],[-68.566746,-31.541377]]]}},{"type":"Feature","properties":{"id":"m709","m2":19631},"geometry":{"type":"Polygon","coordinates":[[[-68.567777,-31.541501],[-68.56904,-31.541653],[-68.569015,-31.540215],[-68.569013,-31.540097],[-68.567743,-31.540112],[-68.567777,-31.541501]]]}},{"type":"Feature","properties":{"id":"m710","m2":13686},"geometry":{"type":"Polygon","coordinates":[[[-68.568312,-31.535841],[-68.568499,-31.535821],[-68.569615,-31.535701],[-68.571081,-31.535609],[-68.571123,-31.535537],[-68.571092,-31.535315],[-68.571984,-31.535219],[-68.572038,-31.535187],[-68.572283,-31.535159],[-68.572889,-31.53509],[-68.57289,-31.535075],[-68.572899,-31.535],[-68.572283,-31.535059],[-68.571019,-31.535182],[-68.57093,-31.535191],[-68.57085,-31.535199],[-68.568938,-31.535384],[-68.568646,-31.535411],[-68.568438,-31.535429],[-68.568407,-31.535529],[-68.568312,-31.535841]]]}},{"type":"Feature","properties":{"id":"m711","m2":27538},"geometry":{"type":"Polygon","coordinates":[[[-68.568312,-31.535841],[-68.568223,-31.536131],[-68.567763,-31.537638],[-68.567742,-31.537706],[-68.567687,-31.537886],[-68.567844,-31.537878],[-68.568604,-31.537844],[-68.568955,-31.537828],[-68.568955,-31.537814],[-68.569615,-31.535701],[-68.568499,-31.535821],[-68.568312,-31.535841]]]}},{"type":"Feature","properties":{"id":"m712","m2":8648},"geometry":{"type":"Polygon","coordinates":[[[-68.567816,-31.544051],[-68.568016,-31.543994],[-68.568485,-31.543833],[-68.56866,-31.543747],[-68.568923,-31.543605],[-68.569102,-31.543463],[-68.569226,-31.543353],[-68.569202,-31.543237],[-68.567873,-31.543116],[-68.567816,-31.544051]]]}},{"type":"Feature","properties":{"id":"m713","m2":23607},"geometry":{"type":"Polygon","coordinates":[[[-68.567081,-31.540118],[-68.567218,-31.540118],[-68.567743,-31.540112],[-68.569013,-31.540097],[-68.56901,-31.539948],[-68.568994,-31.538995],[-68.568989,-31.538832],[-68.568876,-31.538833],[-68.567771,-31.538846],[-68.56756,-31.538848],[-68.567552,-31.538849],[-68.567438,-31.53885],[-68.567391,-31.538852],[-68.567349,-31.53899],[-68.567313,-31.539109],[-68.567135,-31.539917],[-68.567081,-31.540118]]]}},{"type":"Feature","properties":{"id":"m714","m2":9491},"geometry":{"type":"Polygon","coordinates":[[[-68.554017,-31.522396],[-68.553854,-31.52238],[-68.55292,-31.522292],[-68.552816,-31.5231],[-68.553555,-31.523173],[-68.553914,-31.523209],[-68.554017,-31.522396]]]}},{"type":"Feature","properties":{"id":"m715","m2":9422},"geometry":{"type":"Polygon","coordinates":[[[-68.554017,-31.522396],[-68.554102,-31.52173],[-68.55412,-31.521591],[-68.553025,-31.521484],[-68.55292,-31.522292],[-68.553854,-31.52238],[-68.554017,-31.522396]]]}},{"type":"Feature","properties":{"id":"m716","m2":29572},"geometry":{"type":"Polygon","coordinates":[[[-68.554017,-31.522396],[-68.554179,-31.522411],[-68.554493,-31.522441],[-68.555297,-31.522519],[-68.555404,-31.522535],[-68.555825,-31.52262],[-68.555876,-31.522631],[-68.556047,-31.522665],[-68.556198,-31.522083],[-68.55621,-31.521974],[-68.55624,-31.521876],[-68.556305,-31.521637],[-68.556206,-31.521605],[-68.556186,-31.521598],[-68.55595,-31.521521],[-68.555659,-31.521413],[-68.555542,-31.52137],[-68.555173,-31.521204],[-68.555076,-31.521148],[-68.555024,-31.521117],[-68.554787,-31.52098],[-68.554706,-31.52093],[-68.554395,-31.520738],[-68.554334,-31.520695],[-68.554222,-31.520786],[-68.554215,-31.520847],[-68.55412,-31.521591],[-68.554102,-31.52173],[-68.554017,-31.522396]]]}},{"type":"Feature","properties":{"id":"m717","m2":9497},"geometry":{"type":"Polygon","coordinates":[[[-68.55292,-31.522292],[-68.551988,-31.522203],[-68.551817,-31.522187],[-68.55171,-31.52299],[-68.552011,-31.52302],[-68.552816,-31.5231],[-68.55292,-31.522292]]]}},{"type":"Feature","properties":{"id":"m718","m2":9507},"geometry":{"type":"Polygon","coordinates":[[[-68.55292,-31.522292],[-68.553025,-31.521484],[-68.551925,-31.521377],[-68.551817,-31.522187],[-68.551988,-31.522203],[-68.55292,-31.522292]]]}},{"type":"Feature","properties":{"id":"m719","m2":9311},"geometry":{"type":"Polygon","coordinates":[[[-68.551817,-31.522187],[-68.551681,-31.522174],[-68.550727,-31.522083],[-68.550623,-31.522882],[-68.55171,-31.52299],[-68.551817,-31.522187]]]}},{"type":"Feature","properties":{"id":"m720","m2":9447},"geometry":{"type":"Polygon","coordinates":[[[-68.551817,-31.522187],[-68.551925,-31.521377],[-68.550832,-31.52127],[-68.550727,-31.522083],[-68.551681,-31.522174],[-68.551817,-31.522187]]]}},{"type":"Feature","properties":{"id":"m721","m2":13706},"geometry":{"type":"Polygon","coordinates":[[[-68.550727,-31.522083],[-68.550832,-31.52127],[-68.549469,-31.521138],[-68.549296,-31.521359],[-68.549095,-31.521575],[-68.549069,-31.521624],[-68.549056,-31.521679],[-68.549056,-31.521729],[-68.549076,-31.52181],[-68.549094,-31.521842],[-68.549114,-31.521874],[-68.549141,-31.521906],[-68.549184,-31.521936],[-68.549296,-31.521946],[-68.550727,-31.522083]]]}},{"type":"Feature","properties":{"id":"m722","m2":19764},"geometry":{"type":"Polygon","coordinates":[[[-68.549808,-31.52036],[-68.549727,-31.520647],[-68.549693,-31.520729],[-68.549656,-31.520823],[-68.549579,-31.520963],[-68.549469,-31.521138],[-68.550832,-31.52127],[-68.551925,-31.521377],[-68.552022,-31.520641],[-68.552031,-31.520574],[-68.551955,-31.520567],[-68.551201,-31.520495],[-68.551105,-31.520485],[-68.549808,-31.52036]]]}},{"type":"Feature","properties":{"id":"m723","m2":18823},"geometry":{"type":"Polygon","coordinates":[[[-68.552031,-31.520574],[-68.552022,-31.520641],[-68.551925,-31.521377],[-68.553025,-31.521484],[-68.55412,-31.521591],[-68.554215,-31.520847],[-68.554222,-31.520786],[-68.552031,-31.520574]]]}},{"type":"Feature","properties":{"id":"m724","m2":38997},"geometry":{"type":"Polygon","coordinates":[[[-68.575145,-31.529408],[-68.574876,-31.530245],[-68.574874,-31.530256],[-68.574793,-31.53081],[-68.574875,-31.530817],[-68.575085,-31.530834],[-68.576123,-31.530919],[-68.576351,-31.530938],[-68.576373,-31.53094],[-68.576493,-31.530932],[-68.576516,-31.530816],[-68.576515,-31.530028],[-68.576514,-31.529601],[-68.576514,-31.529179],[-68.576513,-31.528402],[-68.576513,-31.528371],[-68.576513,-31.528257],[-68.576314,-31.528253],[-68.575645,-31.528239],[-68.575522,-31.528237],[-68.575492,-31.52833],[-68.575478,-31.528373],[-68.575145,-31.529408]]]}},{"type":"Feature","properties":{"id":"m725","m2":8267},"geometry":{"type":"Polygon","coordinates":[[[-68.60613,-31.535286],[-68.606123,-31.535364],[-68.606033,-31.536459],[-68.606028,-31.536512],[-68.60668,-31.536536],[-68.606684,-31.536487],[-68.606762,-31.535408],[-68.606767,-31.535339],[-68.60613,-31.535286]]]}},{"type":"Feature","properties":{"id":"m726","m2":33954},"geometry":{"type":"Polygon","coordinates":[[[-68.581128,-31.540077],[-68.581109,-31.539942],[-68.581032,-31.539417],[-68.580938,-31.538767],[-68.580938,-31.538766],[-68.580921,-31.538648],[-68.580815,-31.53865],[-68.579148,-31.538676],[-68.579133,-31.538676],[-68.578913,-31.53868],[-68.578819,-31.538681],[-68.578823,-31.538767],[-68.578828,-31.538796],[-68.578837,-31.53885],[-68.578844,-31.538887],[-68.578861,-31.538991],[-68.578994,-31.539775],[-68.579,-31.539805],[-68.579016,-31.5399],[-68.579037,-31.540026],[-68.579067,-31.5402],[-68.579073,-31.540239],[-68.579088,-31.540323],[-68.579221,-31.540307],[-68.581128,-31.540077]]]}},{"type":"Feature","properties":{"id":"m727","m2":38333},"geometry":{"type":"Polygon","coordinates":[[[-68.581128,-31.540077],[-68.579221,-31.540307],[-68.579088,-31.540323],[-68.579096,-31.540375],[-68.579253,-31.541403],[-68.579335,-31.541949],[-68.579353,-31.542067],[-68.57949,-31.54205],[-68.580107,-31.541977],[-68.581406,-31.541824],[-68.581383,-31.541675],[-68.581303,-31.541171],[-68.581233,-31.540733],[-68.581128,-31.540077]]]}},{"type":"Feature","properties":{"id":"m728","m2":38371},"geometry":{"type":"Polygon","coordinates":[[[-68.581683,-31.54356],[-68.581655,-31.543385],[-68.581406,-31.541824],[-68.580107,-31.541977],[-68.57949,-31.54205],[-68.579353,-31.542067],[-68.579372,-31.542186],[-68.579488,-31.542929],[-68.579608,-31.543708],[-68.579623,-31.543807],[-68.579768,-31.54379],[-68.580298,-31.543726],[-68.580391,-31.543715],[-68.581683,-31.54356]]]}},{"type":"Feature","properties":{"id":"m729","m2":44242},"geometry":{"type":"Polygon","coordinates":[[[-68.552362,-31.538115],[-68.55237,-31.538002],[-68.552371,-31.537971],[-68.552395,-31.537915],[-68.552077,-31.537899],[-68.551991,-31.537896],[-68.551819,-31.537885],[-68.551781,-31.53802],[-68.551602,-31.538663],[-68.551129,-31.54035],[-68.551001,-31.540807],[-68.550978,-31.54089],[-68.550953,-31.540979],[-68.55093,-31.541062],[-68.550657,-31.542036],[-68.550652,-31.542137],[-68.55064,-31.542212],[-68.550614,-31.542351],[-68.550603,-31.542402],[-68.550601,-31.542417],[-68.551915,-31.542058],[-68.551938,-31.542051],[-68.551966,-31.542041],[-68.551992,-31.542029],[-68.551997,-31.541985],[-68.552052,-31.541431],[-68.552055,-31.541406],[-68.552093,-31.541017],[-68.552124,-31.540697],[-68.552155,-31.540378],[-68.552178,-31.540144],[-68.552229,-31.539612],[-68.552251,-31.539385],[-68.552275,-31.539103],[-68.552287,-31.538853],[-68.552314,-31.538515],[-68.552334,-31.538315],[-68.552362,-31.538115]]]}},{"type":"Feature","properties":{"id":"m730","m2":6285},"geometry":{"type":"Polygon","coordinates":[[[-68.550458,-31.54855],[-68.550326,-31.54852],[-68.549685,-31.548384],[-68.54941,-31.549373],[-68.549409,-31.549389],[-68.54941,-31.549402],[-68.549414,-31.549414],[-68.549423,-31.549423],[-68.54944,-31.549435],[-68.549468,-31.549449],[-68.549538,-31.549473],[-68.549638,-31.549509],[-68.549723,-31.549421],[-68.549867,-31.549269],[-68.550022,-31.549096],[-68.550172,-31.54892],[-68.550266,-31.548804],[-68.550366,-31.548675],[-68.550458,-31.54855]]]}},{"type":"Feature","properties":{"id":"m731","m2":15194},"geometry":{"type":"Polygon","coordinates":[[[-68.549685,-31.548384],[-68.54913,-31.548267],[-68.54892,-31.548225],[-68.548874,-31.548392],[-68.548804,-31.548644],[-68.548786,-31.548794],[-68.54876,-31.548914],[-68.548729,-31.549027],[-68.548705,-31.549134],[-68.548686,-31.549203],[-68.548691,-31.549232],[-68.548684,-31.549261],[-68.548665,-31.549286],[-68.548606,-31.549468],[-68.548536,-31.549695],[-68.548503,-31.549794],[-68.54842,-31.550044],[-68.548514,-31.55007],[-68.548575,-31.550086],[-68.548642,-31.550097],[-68.548723,-31.550106],[-68.548784,-31.55011],[-68.54886,-31.550108],[-68.548905,-31.550105],[-68.548938,-31.5501],[-68.548979,-31.550088],[-68.549027,-31.550064],[-68.549072,-31.550034],[-68.549108,-31.550003],[-68.54916,-31.549957],[-68.549236,-31.54989],[-68.549367,-31.549768],[-68.549524,-31.549621],[-68.549638,-31.549509],[-68.549538,-31.549473],[-68.549468,-31.549449],[-68.54944,-31.549435],[-68.549423,-31.549423],[-68.549414,-31.549414],[-68.54941,-31.549402],[-68.549409,-31.549389],[-68.54941,-31.549373],[-68.549685,-31.548384]]]}},{"type":"Feature","properties":{"id":"m732","m2":10464},"geometry":{"type":"Polygon","coordinates":[[[-68.549685,-31.548384],[-68.549868,-31.547725],[-68.550027,-31.547153],[-68.549435,-31.547034],[-68.549261,-31.546997],[-68.549235,-31.54709],[-68.548968,-31.548054],[-68.54892,-31.548225],[-68.54913,-31.548267],[-68.549685,-31.548384]]]}},{"type":"Feature","properties":{"id":"m733","m2":13763},"geometry":{"type":"Polygon","coordinates":[[[-68.568955,-31.537828],[-68.568604,-31.537844],[-68.567844,-31.537878],[-68.567687,-31.537886],[-68.567451,-31.538656],[-68.567445,-31.538676],[-68.567413,-31.538783],[-68.567447,-31.538787],[-68.567564,-31.538786],[-68.567771,-31.538784],[-68.568756,-31.538772],[-68.568875,-31.538771],[-68.568986,-31.53877],[-68.568983,-31.53866],[-68.568977,-31.538477],[-68.568955,-31.537828]]]}},{"type":"Feature","properties":{"id":"m734","m2":1040},"geometry":{"type":"Polygon","coordinates":[[[-68.568986,-31.53877],[-68.568875,-31.538771],[-68.568756,-31.538772],[-68.567771,-31.538784],[-68.567564,-31.538786],[-68.567447,-31.538787],[-68.567413,-31.538783],[-68.567403,-31.538815],[-68.567391,-31.538852],[-68.567438,-31.53885],[-68.567552,-31.538849],[-68.56756,-31.538848],[-68.567771,-31.538846],[-68.568876,-31.538833],[-68.568989,-31.538832],[-68.568986,-31.53877]]]}},{"type":"Feature","properties":{"id":"m735","m2":1586},"geometry":{"type":"Polygon","coordinates":[[[-68.575522,-31.528237],[-68.575546,-31.528163],[-68.575413,-31.528161],[-68.57392,-31.528148],[-68.573794,-31.528147],[-68.573451,-31.528144],[-68.573451,-31.528214],[-68.573625,-31.528216],[-68.575411,-31.528236],[-68.575522,-31.528237]]]}},{"type":"Feature","properties":{"id":"m736","m2":3167},"geometry":{"type":"Polygon","coordinates":[[[-68.581233,-31.540733],[-68.581303,-31.541171],[-68.581974,-31.541096],[-68.581907,-31.540657],[-68.581233,-31.540733]]]}},{"type":"Feature","properties":{"id":"m737","m2":2432},"geometry":{"type":"Polygon","coordinates":[[[-68.580008,-31.541318],[-68.580534,-31.541258],[-68.580466,-31.540825],[-68.579941,-31.54089],[-68.580008,-31.541318]]]}},{"type":"Feature","properties":{"id":"m738","m2":1675},"geometry":{"type":"Polygon","coordinates":[[[-68.579764,-31.539573],[-68.580228,-31.539516],[-68.580176,-31.539182],[-68.579707,-31.53924],[-68.579764,-31.539573]]]}},{"type":"Feature","properties":{"id":"m739","m2":2438},"geometry":{"type":"Polygon","coordinates":[[[-68.580285,-31.543057],[-68.580811,-31.542998],[-68.580742,-31.542565],[-68.580215,-31.542627],[-68.580285,-31.543057]]]}},{"type":"Feature","properties":{"id":"m740","m2":2495},"geometry":{"type":"Polygon","coordinates":[[[-68.580553,-31.544809],[-68.581089,-31.544744],[-68.581021,-31.544312],[-68.580485,-31.544373],[-68.580553,-31.544809]]]}},{"type":"Feature","properties":{"id":"m741","m2":9822},"geometry":{"type":"Polygon","coordinates":[[[-68.549282,-31.555439],[-68.550051,-31.555305],[-68.549937,-31.554648],[-68.54986,-31.554139],[-68.549806,-31.55406],[-68.54974,-31.554073],[-68.549151,-31.554188],[-68.549163,-31.554288],[-68.549282,-31.555439]]]}},{"type":"Feature","properties":{"id":"m742","m2":11799},"geometry":{"type":"Polygon","coordinates":[[[-68.550051,-31.555305],[-68.550385,-31.55525],[-68.550804,-31.555242],[-68.550787,-31.553965],[-68.550788,-31.553868],[-68.550704,-31.553885],[-68.549806,-31.55406],[-68.54986,-31.554139],[-68.549937,-31.554648],[-68.550051,-31.555305]]]}},{"type":"Feature","properties":{"id":"m743","m2":12893},"geometry":{"type":"Polygon","coordinates":[[[-68.550804,-31.555242],[-68.551648,-31.555225],[-68.551639,-31.55448],[-68.551631,-31.553832],[-68.551636,-31.553702],[-68.551142,-31.553799],[-68.551074,-31.553812],[-68.550967,-31.553833],[-68.55084,-31.553858],[-68.550788,-31.553868],[-68.550787,-31.553965],[-68.550804,-31.555242]]]}},{"type":"Feature","properties":{"id":"m744","m2":20894},"geometry":{"type":"Polygon","coordinates":[[[-68.551648,-31.555225],[-68.55196,-31.555184],[-68.552526,-31.555069],[-68.553372,-31.554896],[-68.55417,-31.554733],[-68.554241,-31.554735],[-68.554269,-31.553962],[-68.551639,-31.55448],[-68.551648,-31.555225]]]}},{"type":"Feature","properties":{"id":"m745","m2":14754},"geometry":{"type":"Polygon","coordinates":[[[-68.554241,-31.554735],[-68.555096,-31.554758],[-68.555143,-31.553149],[-68.555147,-31.553016],[-68.554867,-31.553071],[-68.554297,-31.553182],[-68.554293,-31.55328],[-68.554269,-31.553962],[-68.554241,-31.554735]]]}},{"type":"Feature","properties":{"id":"m746","m2":59717},"geometry":{"type":"Polygon","coordinates":[[[-68.561022,-31.551871],[-68.56099,-31.551751],[-68.560939,-31.551556],[-68.560899,-31.551408],[-68.560863,-31.551273],[-68.560788,-31.550991],[-68.560738,-31.550802],[-68.560729,-31.550748],[-68.560732,-31.550704],[-68.56077,-31.550529],[-68.560799,-31.550396],[-68.560842,-31.550191],[-68.560849,-31.550151],[-68.560844,-31.550098],[-68.560774,-31.549809],[-68.560741,-31.549671],[-68.560735,-31.549645],[-68.560718,-31.549616],[-68.560711,-31.549607],[-68.560699,-31.549594],[-68.560676,-31.549573],[-68.560654,-31.549558],[-68.560631,-31.549548],[-68.560596,-31.549536],[-68.560572,-31.549533],[-68.56055,-31.549531],[-68.560506,-31.549529],[-68.560108,-31.549605],[-68.560068,-31.549611],[-68.560022,-31.54961],[-68.559991,-31.549602],[-68.55996,-31.549587],[-68.559702,-31.549465],[-68.559657,-31.549448],[-68.559609,-31.549438],[-68.55955,-31.549437],[-68.5595,-31.549442],[-68.558373,-31.549663],[-68.558365,-31.54982],[-68.558363,-31.549872],[-68.558364,-31.549925],[-68.558371,-31.549978],[-68.558375,-31.549992],[-68.55841,-31.55013],[-68.558508,-31.55051],[-68.558519,-31.550555],[-68.558671,-31.551107],[-68.558672,-31.551113],[-68.558793,-31.551566],[-68.558823,-31.551679],[-68.558858,-31.551812],[-68.558946,-31.552142],[-68.558956,-31.552182],[-68.55898,-31.552269],[-68.559358,-31.552195],[-68.559869,-31.552096],[-68.560249,-31.552021],[-68.560584,-31.551956],[-68.560717,-31.55193],[-68.560895,-31.551896],[-68.561022,-31.551871]]]}},{"type":"Feature","properties":{"id":"m747","m2":40442},"geometry":{"type":"Polygon","coordinates":[[[-68.561022,-31.551871],[-68.561131,-31.551849],[-68.561262,-31.551824],[-68.561283,-31.55182],[-68.562108,-31.551659],[-68.562263,-31.551628],[-68.562295,-31.551479],[-68.562336,-31.551287],[-68.562467,-31.550684],[-68.56247,-31.550671],[-68.56259,-31.550123],[-68.562602,-31.550076],[-68.562677,-31.549787],[-68.562754,-31.549424],[-68.562115,-31.549542],[-68.562037,-31.549557],[-68.561973,-31.549561],[-68.561907,-31.549545],[-68.561857,-31.549522],[-68.561618,-31.549398],[-68.56155,-31.549367],[-68.561492,-31.549351],[-68.561434,-31.549352],[-68.561388,-31.54936],[-68.560903,-31.549451],[-68.560855,-31.549467],[-68.560814,-31.549486],[-68.560795,-31.549496],[-68.560785,-31.549501],[-68.560756,-31.54952],[-68.560749,-31.549531],[-68.560741,-31.549573],[-68.560739,-31.549602],[-68.560738,-31.549608],[-68.560735,-31.549645],[-68.560741,-31.549671],[-68.560774,-31.549809],[-68.560844,-31.550098],[-68.560849,-31.550151],[-68.560842,-31.550191],[-68.560799,-31.550396],[-68.56077,-31.550529],[-68.560732,-31.550704],[-68.560729,-31.550748],[-68.560738,-31.550802],[-68.560788,-31.550991],[-68.560863,-31.551273],[-68.560899,-31.551408],[-68.560939,-31.551556],[-68.56099,-31.551751],[-68.561022,-31.551871]]]}},{"type":"Feature","properties":{"id":"m748","m2":8064},"geometry":{"type":"Polygon","coordinates":[[[-68.561022,-31.551871],[-68.560895,-31.551896],[-68.560717,-31.55193],[-68.560584,-31.551956],[-68.560643,-31.552174],[-68.560642,-31.552195],[-68.560625,-31.552225],[-68.560584,-31.55226],[-68.560474,-31.552312],[-68.5603,-31.552377],[-68.560452,-31.552974],[-68.561379,-31.552708],[-68.561323,-31.552513],[-68.561172,-31.551988],[-68.561167,-31.551972],[-68.561131,-31.551849],[-68.561022,-31.551871]]]}},{"type":"Feature","properties":{"id":"m749","m2":10428},"geometry":{"type":"Polygon","coordinates":[[[-68.548126,-31.554389],[-68.548203,-31.554374],[-68.548426,-31.55433],[-68.549077,-31.554203],[-68.549151,-31.554188],[-68.54974,-31.554073],[-68.549806,-31.55406],[-68.549786,-31.553973],[-68.549663,-31.553497],[-68.548177,-31.553769],[-68.54804,-31.554264],[-68.548023,-31.554326],[-68.547999,-31.554413],[-68.548126,-31.554389]]]}},{"type":"Feature","properties":{"id":"m750","m2":8389},"geometry":{"type":"Polygon","coordinates":[[[-68.556644,-31.547373],[-68.555191,-31.547349],[-68.555186,-31.547644],[-68.55518,-31.5479],[-68.555934,-31.547911],[-68.556621,-31.547922],[-68.556633,-31.547644],[-68.556644,-31.547373]]]}},{"type":"Feature","properties":{"id":"m751","m2":8668},"geometry":{"type":"Polygon","coordinates":[[[-68.556644,-31.547373],[-68.556661,-31.547042],[-68.556671,-31.546801],[-68.555382,-31.546789],[-68.55534,-31.546779],[-68.55531,-31.546771],[-68.555272,-31.546756],[-68.555282,-31.546773],[-68.555286,-31.546792],[-68.555284,-31.546811],[-68.555276,-31.546829],[-68.555274,-31.546833],[-68.555255,-31.546851],[-68.555234,-31.546876],[-68.5552,-31.546938],[-68.555191,-31.547349],[-68.556644,-31.547373]]]}},{"type":"Feature","properties":{"id":"m752","m2":11542},"geometry":{"type":"Polygon","coordinates":[[[-68.556644,-31.547373],[-68.556633,-31.547644],[-68.557348,-31.547666],[-68.558055,-31.547687],[-68.558465,-31.547699],[-68.558478,-31.547423],[-68.558486,-31.547269],[-68.558487,-31.547227],[-68.558485,-31.547105],[-68.557538,-31.547075],[-68.556661,-31.547042],[-68.556644,-31.547373]]]}},{"type":"Feature","properties":{"id":"m753","m2":25068},"geometry":{"type":"Polygon","coordinates":[[[-68.555191,-31.547349],[-68.5552,-31.546938],[-68.555192,-31.546913],[-68.555177,-31.546884],[-68.555151,-31.546855],[-68.555131,-31.546838],[-68.555125,-31.54683],[-68.555117,-31.546812],[-68.555115,-31.546793],[-68.555118,-31.546774],[-68.555128,-31.546756],[-68.555105,-31.546768],[-68.55508,-31.546777],[-68.55505,-31.546786],[-68.55404,-31.546777],[-68.554043,-31.547251],[-68.554033,-31.547283],[-68.554011,-31.547309],[-68.553984,-31.54733],[-68.553954,-31.547338],[-68.553921,-31.547339],[-68.553325,-31.547332],[-68.553326,-31.547901],[-68.554022,-31.547909],[-68.554617,-31.547916],[-68.55464,-31.547919],[-68.554656,-31.547924],[-68.554672,-31.547935],[-68.554687,-31.547952],[-68.554693,-31.547976],[-68.554694,-31.548005],[-68.554671,-31.54873],[-68.554646,-31.549308],[-68.555126,-31.549325],[-68.555143,-31.548873],[-68.555149,-31.548725],[-68.555172,-31.548125],[-68.55518,-31.5479],[-68.555186,-31.547644],[-68.555191,-31.547349]]]}},{"type":"Feature","properties":{"id":"m754","m2":10314},"geometry":{"type":"Polygon","coordinates":[[[-68.556943,-31.55083],[-68.557105,-31.551419],[-68.557476,-31.551345],[-68.558671,-31.551107],[-68.558519,-31.550555],[-68.558508,-31.55051],[-68.557586,-31.550699],[-68.556943,-31.55083]]]}},{"type":"Feature","properties":{"id":"m755","m2":11183},"geometry":{"type":"Polygon","coordinates":[[[-68.556943,-31.55083],[-68.557586,-31.550699],[-68.557425,-31.550114],[-68.555718,-31.550459],[-68.555866,-31.551051],[-68.556943,-31.55083]]]}},{"type":"Feature","properties":{"id":"m756","m2":7057},"geometry":{"type":"Polygon","coordinates":[[[-68.556943,-31.55083],[-68.555866,-31.551051],[-68.556016,-31.551636],[-68.556795,-31.551481],[-68.557105,-31.551419],[-68.556943,-31.55083]]]}},{"type":"Feature","properties":{"id":"m757","m2":8739},"geometry":{"type":"Polygon","coordinates":[[[-68.557105,-31.551419],[-68.556795,-31.551481],[-68.556936,-31.552038],[-68.557058,-31.552519],[-68.557089,-31.552639],[-68.55777,-31.552505],[-68.557738,-31.552381],[-68.55762,-31.551913],[-68.557476,-31.551345],[-68.557105,-31.551419]]]}},{"type":"Feature","properties":{"id":"m758","m2":7565},"geometry":{"type":"Polygon","coordinates":[[[-68.55762,-31.551913],[-68.558823,-31.551679],[-68.558793,-31.551566],[-68.558672,-31.551113],[-68.558671,-31.551107],[-68.557476,-31.551345],[-68.55762,-31.551913]]]}},{"type":"Feature","properties":{"id":"m759","m2":7904},"geometry":{"type":"Polygon","coordinates":[[[-68.55762,-31.551913],[-68.557738,-31.552381],[-68.55777,-31.552505],[-68.558102,-31.552441],[-68.558529,-31.552357],[-68.558693,-31.552325],[-68.55898,-31.552269],[-68.558956,-31.552182],[-68.558946,-31.552142],[-68.558858,-31.551812],[-68.558823,-31.551679],[-68.55762,-31.551913]]]}},{"type":"Feature","properties":{"id":"m760","m2":19403},"geometry":{"type":"Polygon","coordinates":[[[-68.569398,-31.551396],[-68.570123,-31.551268],[-68.569901,-31.550359],[-68.569863,-31.550204],[-68.568419,-31.550465],[-68.568221,-31.550501],[-68.568235,-31.550653],[-68.568456,-31.551562],[-68.56929,-31.551415],[-68.569398,-31.551396]]]}},{"type":"Feature","properties":{"id":"m761","m2":5754},"geometry":{"type":"Polygon","coordinates":[[[-68.554022,-31.547909],[-68.553988,-31.548707],[-68.554671,-31.54873],[-68.554694,-31.548005],[-68.554693,-31.547976],[-68.554687,-31.547952],[-68.554672,-31.547935],[-68.554656,-31.547924],[-68.55464,-31.547919],[-68.554617,-31.547916],[-68.554022,-31.547909]]]}},{"type":"Feature","properties":{"id":"m762","m2":5783},"geometry":{"type":"Polygon","coordinates":[[[-68.554022,-31.547909],[-68.553326,-31.547901],[-68.553295,-31.548683],[-68.553988,-31.548707],[-68.554022,-31.547909]]]}},{"type":"Feature","properties":{"id":"m763","m2":8399},"geometry":{"type":"Polygon","coordinates":[[[-68.553988,-31.548707],[-68.553295,-31.548683],[-68.553272,-31.549262],[-68.553899,-31.549283],[-68.554646,-31.549308],[-68.554671,-31.54873],[-68.553988,-31.548707]]]}},{"type":"Feature","properties":{"id":"m764","m2":21652},"geometry":{"type":"Polygon","coordinates":[[[-68.554269,-31.553962],[-68.554293,-31.55328],[-68.554297,-31.553182],[-68.554206,-31.5532],[-68.553766,-31.553286],[-68.553682,-31.553303],[-68.5536,-31.553319],[-68.553375,-31.553363],[-68.552445,-31.553543],[-68.552339,-31.553565],[-68.551705,-31.553689],[-68.551636,-31.553702],[-68.551631,-31.553832],[-68.551639,-31.55448],[-68.554269,-31.553962]]]}},{"type":"Feature","properties":{"id":"m765","m2":7978},"geometry":{"type":"Polygon","coordinates":[[[-68.556936,-31.552038],[-68.555727,-31.552282],[-68.555835,-31.5527],[-68.555858,-31.552794],[-68.55588,-31.552874],[-68.555983,-31.552854],[-68.556281,-31.552796],[-68.556309,-31.552791],[-68.556455,-31.552762],[-68.556933,-31.552669],[-68.557089,-31.552639],[-68.557058,-31.552519],[-68.556936,-31.552038]]]}},{"type":"Feature","properties":{"id":"m766","m2":7493},"geometry":{"type":"Polygon","coordinates":[[[-68.556936,-31.552038],[-68.556795,-31.551481],[-68.556016,-31.551636],[-68.555583,-31.551722],[-68.555609,-31.551825],[-68.555727,-31.552282],[-68.556936,-31.552038]]]}},{"type":"Feature","properties":{"id":"m767","m2":73484},"geometry":{"type":"Polygon","coordinates":[[[-68.555727,-31.552282],[-68.555609,-31.551825],[-68.555583,-31.551722],[-68.555546,-31.551579],[-68.555335,-31.550763],[-68.555279,-31.550547],[-68.555232,-31.550366],[-68.555123,-31.549944],[-68.555119,-31.549921],[-68.555114,-31.549888],[-68.55511,-31.549792],[-68.555114,-31.549641],[-68.555121,-31.549462],[-68.555126,-31.549325],[-68.554646,-31.549308],[-68.553899,-31.549283],[-68.553272,-31.549262],[-68.552634,-31.549246],[-68.551243,-31.549225],[-68.551042,-31.549218],[-68.550859,-31.549442],[-68.550637,-31.549698],[-68.550464,-31.549888],[-68.550234,-31.550117],[-68.550499,-31.550121],[-68.551422,-31.550129],[-68.553276,-31.550145],[-68.554087,-31.550151],[-68.554429,-31.551429],[-68.554846,-31.552991],[-68.554867,-31.553071],[-68.555147,-31.553016],[-68.555169,-31.553012],[-68.555677,-31.552914],[-68.555774,-31.552895],[-68.55588,-31.552874],[-68.555858,-31.552794],[-68.555835,-31.5527],[-68.555727,-31.552282]]]}},{"type":"Feature","properties":{"id":"m768","m2":19562},"geometry":{"type":"Polygon","coordinates":[[[-68.570123,-31.551268],[-68.571789,-31.550973],[-68.57156,-31.550021],[-68.571532,-31.549903],[-68.569863,-31.550204],[-68.569901,-31.550359],[-68.570123,-31.551268]]]}},{"type":"Feature","properties":{"id":"m769","m2":7100},"geometry":{"type":"Polygon","coordinates":[[[-68.561379,-31.552708],[-68.560452,-31.552974],[-68.560617,-31.55364],[-68.561571,-31.553373],[-68.561503,-31.553137],[-68.561379,-31.552708]]]}},{"type":"Feature","properties":{"id":"m770","m2":6822},"geometry":{"type":"Polygon","coordinates":[[[-68.560452,-31.552974],[-68.559514,-31.553048],[-68.559607,-31.553557],[-68.559638,-31.553709],[-68.560617,-31.55364],[-68.560452,-31.552974]]]}},{"type":"Feature","properties":{"id":"m771","m2":7562},"geometry":{"type":"Polygon","coordinates":[[[-68.560452,-31.552974],[-68.5603,-31.552377],[-68.560249,-31.55238],[-68.560169,-31.552378],[-68.560076,-31.55237],[-68.56,-31.552363],[-68.559967,-31.552354],[-68.559939,-31.552335],[-68.559921,-31.55231],[-68.559903,-31.552235],[-68.559869,-31.552096],[-68.559358,-31.552195],[-68.559388,-31.552358],[-68.559514,-31.553048],[-68.560452,-31.552974]]]}},{"type":"Feature","properties":{"id":"m772","m2":11517},"geometry":{"type":"Polygon","coordinates":[[[-68.559514,-31.553048],[-68.559388,-31.552358],[-68.559358,-31.552195],[-68.55898,-31.552269],[-68.558693,-31.552325],[-68.558529,-31.552357],[-68.558566,-31.552498],[-68.558889,-31.553701],[-68.559002,-31.553678],[-68.559607,-31.553557],[-68.559514,-31.553048]]]}},{"type":"Feature","properties":{"id":"m773","m2":27308},"geometry":{"type":"Polygon","coordinates":[[[-68.567625,-31.551709],[-68.568456,-31.551562],[-68.568235,-31.550653],[-68.568221,-31.550501],[-68.567997,-31.550542],[-68.566977,-31.550726],[-68.566048,-31.550891],[-68.565954,-31.550908],[-68.565785,-31.550941],[-68.565831,-31.551074],[-68.565902,-31.55127],[-68.565953,-31.551408],[-68.566017,-31.551583],[-68.566158,-31.551967],[-68.566352,-31.551932],[-68.567625,-31.551709]]]}},{"type":"Feature","properties":{"id":"m774","m2":7205},"geometry":{"type":"Polygon","coordinates":[[[-68.561571,-31.553373],[-68.560617,-31.55364],[-68.560787,-31.554306],[-68.561759,-31.554026],[-68.561571,-31.553373]]]}},{"type":"Feature","properties":{"id":"m775","m2":7235},"geometry":{"type":"Polygon","coordinates":[[[-68.560617,-31.55364],[-68.559638,-31.553709],[-68.559773,-31.554396],[-68.560787,-31.554306],[-68.560617,-31.55364]]]}},{"type":"Feature","properties":{"id":"m776","m2":7679},"geometry":{"type":"Polygon","coordinates":[[[-68.559773,-31.554396],[-68.559922,-31.555103],[-68.560961,-31.554989],[-68.560787,-31.554306],[-68.559773,-31.554396]]]}},{"type":"Feature","properties":{"id":"m777","m2":7566},"geometry":{"type":"Polygon","coordinates":[[[-68.560787,-31.554306],[-68.560961,-31.554989],[-68.561958,-31.554696],[-68.561905,-31.554533],[-68.561759,-31.554026],[-68.560787,-31.554306]]]}},{"type":"Feature","properties":{"id":"m778","m2":9386},"geometry":{"type":"Polygon","coordinates":[[[-68.553295,-31.548683],[-68.553326,-31.547901],[-68.552651,-31.547893],[-68.552643,-31.548565],[-68.552634,-31.549246],[-68.553272,-31.549262],[-68.553295,-31.548683]]]}},{"type":"Feature","properties":{"id":"m779","m2":7637},"geometry":{"type":"Polygon","coordinates":[[[-68.555841,-31.549803],[-68.555879,-31.5489],[-68.555143,-31.548873],[-68.555126,-31.549325],[-68.555121,-31.549462],[-68.555114,-31.549641],[-68.55511,-31.549792],[-68.555114,-31.549888],[-68.555119,-31.549921],[-68.555123,-31.549944],[-68.555841,-31.549803]]]}},{"type":"Feature","properties":{"id":"m780","m2":14201},"geometry":{"type":"Polygon","coordinates":[[[-68.555841,-31.549803],[-68.555123,-31.549944],[-68.555232,-31.550366],[-68.555279,-31.550547],[-68.555718,-31.550459],[-68.557425,-31.550114],[-68.557278,-31.54958],[-68.557267,-31.549523],[-68.556549,-31.549664],[-68.555841,-31.549803]]]}},{"type":"Feature","properties":{"id":"m781","m2":6058},"geometry":{"type":"Polygon","coordinates":[[[-68.555841,-31.549803],[-68.556549,-31.549664],[-68.556575,-31.548925],[-68.555879,-31.5489],[-68.555841,-31.549803]]]}},{"type":"Feature","properties":{"id":"m782","m2":7697},"geometry":{"type":"Polygon","coordinates":[[[-68.555879,-31.5489],[-68.555934,-31.547911],[-68.55518,-31.5479],[-68.555172,-31.548125],[-68.555149,-31.548725],[-68.555143,-31.548873],[-68.555879,-31.5489]]]}},{"type":"Feature","properties":{"id":"m783","m2":7269},"geometry":{"type":"Polygon","coordinates":[[[-68.555879,-31.5489],[-68.556575,-31.548925],[-68.556621,-31.547922],[-68.555934,-31.547911],[-68.555879,-31.5489]]]}},{"type":"Feature","properties":{"id":"m784","m2":23009},"geometry":{"type":"Polygon","coordinates":[[[-68.550788,-31.553868],[-68.55084,-31.553858],[-68.550967,-31.553833],[-68.551074,-31.553812],[-68.55105,-31.553727],[-68.550648,-31.552166],[-68.549388,-31.552412],[-68.549663,-31.553497],[-68.549786,-31.553973],[-68.549806,-31.55406],[-68.550704,-31.553885],[-68.550788,-31.553868]]]}},{"type":"Feature","properties":{"id":"m785","m2":5595},"geometry":{"type":"Polygon","coordinates":[[[-68.558465,-31.547699],[-68.558055,-31.547687],[-68.557993,-31.548976],[-68.558404,-31.548991],[-68.558426,-31.548526],[-68.55844,-31.548234],[-68.558452,-31.547979],[-68.558465,-31.547699]]]}},{"type":"Feature","properties":{"id":"m786","m2":9610},"geometry":{"type":"Polygon","coordinates":[[[-68.558055,-31.547687],[-68.557348,-31.547666],[-68.557285,-31.548951],[-68.557993,-31.548976],[-68.558055,-31.547687]]]}},{"type":"Feature","properties":{"id":"m787","m2":9640},"geometry":{"type":"Polygon","coordinates":[[[-68.557348,-31.547666],[-68.556633,-31.547644],[-68.556621,-31.547922],[-68.556575,-31.548925],[-68.557285,-31.548951],[-68.557348,-31.547666]]]}},{"type":"Feature","properties":{"id":"m788","m2":5674},"geometry":{"type":"Polygon","coordinates":[[[-68.555718,-31.550459],[-68.555279,-31.550547],[-68.555335,-31.550763],[-68.555546,-31.551579],[-68.555583,-31.551722],[-68.556016,-31.551636],[-68.555866,-31.551051],[-68.555718,-31.550459]]]}},{"type":"Feature","properties":{"id":"m789","m2":7766},"geometry":{"type":"Polygon","coordinates":[[[-68.552651,-31.547893],[-68.553326,-31.547901],[-68.553325,-31.547332],[-68.552358,-31.54732],[-68.552161,-31.547316],[-68.55203,-31.54761],[-68.551898,-31.547884],[-68.552083,-31.547886],[-68.552651,-31.547893]]]}},{"type":"Feature","properties":{"id":"m790","m2":6636},"geometry":{"type":"Polygon","coordinates":[[[-68.552651,-31.547893],[-68.552083,-31.547886],[-68.551898,-31.547884],[-68.551754,-31.548153],[-68.551649,-31.548337],[-68.551513,-31.548554],[-68.551719,-31.548558],[-68.552643,-31.548565],[-68.552651,-31.547893]]]}},{"type":"Feature","properties":{"id":"m791","m2":9668},"geometry":{"type":"Polygon","coordinates":[[[-68.552643,-31.548565],[-68.551719,-31.548558],[-68.551513,-31.548554],[-68.551382,-31.548748],[-68.551209,-31.548997],[-68.551042,-31.549218],[-68.551243,-31.549225],[-68.552634,-31.549246],[-68.552643,-31.548565]]]}},{"type":"Feature","properties":{"id":"m792","m2":38793},"geometry":{"type":"Polygon","coordinates":[[[-68.557089,-31.552639],[-68.556933,-31.552669],[-68.556455,-31.552762],[-68.556484,-31.552875],[-68.556486,-31.552883],[-68.556562,-31.55318],[-68.556388,-31.553213],[-68.556312,-31.552918],[-68.55631,-31.55291],[-68.556281,-31.552796],[-68.555983,-31.552854],[-68.55588,-31.552874],[-68.555916,-31.553006],[-68.55593,-31.55306],[-68.556213,-31.55411],[-68.556246,-31.554229],[-68.556422,-31.554194],[-68.556615,-31.554155],[-68.557667,-31.553945],[-68.558773,-31.553724],[-68.558889,-31.553701],[-68.558566,-31.552498],[-68.558529,-31.552357],[-68.558102,-31.552441],[-68.55777,-31.552505],[-68.557089,-31.552639]]]}},{"type":"Feature","properties":{"id":"m793","m2":13024},"geometry":{"type":"Polygon","coordinates":[[[-68.568123,-31.549589],[-68.566868,-31.549686],[-68.566964,-31.550597],[-68.566977,-31.550726],[-68.567997,-31.550542],[-68.568221,-31.550501],[-68.568208,-31.550383],[-68.568123,-31.549589]]]}},{"type":"Feature","properties":{"id":"m794","m2":14476},"geometry":{"type":"Polygon","coordinates":[[[-68.568123,-31.549589],[-68.568008,-31.548508],[-68.566752,-31.548597],[-68.566868,-31.549686],[-68.568123,-31.549589]]]}},{"type":"Feature","properties":{"id":"m795","m2":12823},"geometry":{"type":"Polygon","coordinates":[[[-68.566868,-31.549686],[-68.566035,-31.54975],[-68.565866,-31.549761],[-68.565859,-31.549874],[-68.565844,-31.550096],[-68.565792,-31.550805],[-68.565785,-31.550941],[-68.565954,-31.550908],[-68.566048,-31.550891],[-68.566977,-31.550726],[-68.566964,-31.550597],[-68.566868,-31.549686]]]}},{"type":"Feature","properties":{"id":"m796","m2":10493},"geometry":{"type":"Polygon","coordinates":[[[-68.566868,-31.549686],[-68.566752,-31.548597],[-68.566083,-31.548645],[-68.565944,-31.548651],[-68.565877,-31.549609],[-68.565875,-31.549636],[-68.565868,-31.549737],[-68.565866,-31.549761],[-68.566035,-31.54975],[-68.566868,-31.549686]]]}},{"type":"Feature","properties":{"id":"m797","m2":6016},"geometry":{"type":"Polygon","coordinates":[[[-68.558364,-31.549925],[-68.557425,-31.550114],[-68.557586,-31.550699],[-68.558508,-31.55051],[-68.55841,-31.55013],[-68.558375,-31.549992],[-68.558371,-31.549978],[-68.558364,-31.549925]]]}},{"type":"Feature","properties":{"id":"m798","m2":11965},"geometry":{"type":"Polygon","coordinates":[[[-68.558364,-31.549925],[-68.558363,-31.549872],[-68.558365,-31.54982],[-68.558373,-31.549663],[-68.5584,-31.549086],[-68.558404,-31.548991],[-68.557993,-31.548976],[-68.557285,-31.548951],[-68.55726,-31.549463],[-68.557267,-31.549523],[-68.557278,-31.54958],[-68.557425,-31.550114],[-68.558364,-31.549925]]]}},{"type":"Feature","properties":{"id":"m799","m2":10468},"geometry":{"type":"Polygon","coordinates":[[[-68.553325,-31.547332],[-68.553921,-31.547339],[-68.553954,-31.547338],[-68.553984,-31.54733],[-68.554011,-31.547309],[-68.554033,-31.547283],[-68.554043,-31.547251],[-68.55404,-31.546777],[-68.552361,-31.546765],[-68.552261,-31.547037],[-68.552161,-31.547316],[-68.552358,-31.54732],[-68.553325,-31.547332]]]}},{"type":"Feature","properties":{"id":"m800","m2":4889},"geometry":{"type":"Polygon","coordinates":[[[-68.556549,-31.549664],[-68.557267,-31.549523],[-68.55726,-31.549463],[-68.557285,-31.548951],[-68.556575,-31.548925],[-68.556549,-31.549664]]]}},{"type":"Feature","properties":{"id":"m801","m2":14317},"geometry":{"type":"Polygon","coordinates":[[[-68.567892,-31.547431],[-68.566639,-31.547524],[-68.566752,-31.548597],[-68.568008,-31.548508],[-68.567892,-31.547431]]]}},{"type":"Feature","properties":{"id":"m802","m2":15272},"geometry":{"type":"Polygon","coordinates":[[[-68.567892,-31.547431],[-68.56782,-31.546784],[-68.56781,-31.546749],[-68.567802,-31.546739],[-68.56779,-31.546727],[-68.56777,-31.546715],[-68.567736,-31.546705],[-68.567697,-31.546693],[-68.567664,-31.546671],[-68.567641,-31.546641],[-68.567631,-31.546606],[-68.567619,-31.546585],[-68.567605,-31.546574],[-68.567588,-31.546567],[-68.56756,-31.546563],[-68.56716,-31.546659],[-68.566811,-31.546756],[-68.566781,-31.546761],[-68.566742,-31.546761],[-68.566181,-31.546735],[-68.56608,-31.54673],[-68.566046,-31.547213],[-68.566036,-31.547356],[-68.566031,-31.547429],[-68.566021,-31.547564],[-68.566166,-31.547559],[-68.566639,-31.547524],[-68.567892,-31.547431]]]}},{"type":"Feature","properties":{"id":"m803","m2":8120},"geometry":{"type":"Polygon","coordinates":[[[-68.566639,-31.547524],[-68.566166,-31.547559],[-68.566021,-31.547564],[-68.565996,-31.547914],[-68.565951,-31.54856],[-68.565944,-31.548651],[-68.566083,-31.548645],[-68.566752,-31.548597],[-68.566639,-31.547524]]]}},{"type":"Feature","properties":{"id":"m804","m2":13298},"geometry":{"type":"Polygon","coordinates":[[[-68.566021,-31.547564],[-68.566031,-31.547429],[-68.566036,-31.547356],[-68.566046,-31.547213],[-68.565894,-31.547209],[-68.564225,-31.547168],[-68.564213,-31.547867],[-68.56586,-31.54791],[-68.565996,-31.547914],[-68.566021,-31.547564]]]}},{"type":"Feature","properties":{"id":"m805","m2":22985},"geometry":{"type":"Polygon","coordinates":[[[-68.554297,-31.553182],[-68.554867,-31.553071],[-68.554846,-31.552991],[-68.554429,-31.551429],[-68.553171,-31.551675],[-68.55358,-31.55324],[-68.5536,-31.553319],[-68.553682,-31.553303],[-68.553766,-31.553286],[-68.554206,-31.5532],[-68.554297,-31.553182]]]}},{"type":"Feature","properties":{"id":"m806","m2":17005},"geometry":{"type":"Polygon","coordinates":[[[-68.554429,-31.551429],[-68.554087,-31.550151],[-68.553276,-31.550145],[-68.553191,-31.550456],[-68.553018,-31.551091],[-68.553058,-31.551242],[-68.553171,-31.551675],[-68.554429,-31.551429]]]}},{"type":"Feature","properties":{"id":"m807","m2":23064},"geometry":{"type":"Polygon","coordinates":[[[-68.551636,-31.553702],[-68.551705,-31.553689],[-68.552339,-31.553565],[-68.552317,-31.55348],[-68.551913,-31.55192],[-68.550648,-31.552166],[-68.55105,-31.553727],[-68.551074,-31.553812],[-68.551142,-31.553799],[-68.551636,-31.553702]]]}},{"type":"Feature","properties":{"id":"m808","m2":8449},"geometry":{"type":"Polygon","coordinates":[[[-68.555272,-31.546756],[-68.55531,-31.546771],[-68.55534,-31.546779],[-68.555382,-31.546789],[-68.556671,-31.546801],[-68.556693,-31.546254],[-68.555211,-31.546236],[-68.555211,-31.546367],[-68.555211,-31.546637],[-68.555217,-31.546658],[-68.555226,-31.546684],[-68.555258,-31.546741],[-68.555272,-31.546756]]]}},{"type":"Feature","properties":{"id":"m809","m2":2452},"geometry":{"type":"Polygon","coordinates":[[[-68.5603,-31.552377],[-68.560474,-31.552312],[-68.560584,-31.55226],[-68.560625,-31.552225],[-68.560642,-31.552195],[-68.560643,-31.552174],[-68.560584,-31.551956],[-68.560249,-31.552021],[-68.559869,-31.552096],[-68.559903,-31.552235],[-68.559921,-31.55231],[-68.559939,-31.552335],[-68.559967,-31.552354],[-68.56,-31.552363],[-68.560076,-31.55237],[-68.560169,-31.552378],[-68.560249,-31.55238],[-68.5603,-31.552377]]]}},{"type":"Feature","properties":{"id":"m810","m2":6761},"geometry":{"type":"Polygon","coordinates":[[[-68.554037,-31.546221],[-68.55404,-31.546777],[-68.55505,-31.546786],[-68.55508,-31.546777],[-68.555105,-31.546768],[-68.555128,-31.546756],[-68.555139,-31.546744],[-68.555152,-31.546735],[-68.555172,-31.546713],[-68.555191,-31.546684],[-68.555196,-31.546676],[-68.555211,-31.546637],[-68.555211,-31.546367],[-68.555211,-31.546236],[-68.554037,-31.546221]]]}},{"type":"Feature","properties":{"id":"m811","m2":9312},"geometry":{"type":"Polygon","coordinates":[[[-68.554037,-31.546221],[-68.552723,-31.546205],[-68.552561,-31.5462],[-68.552478,-31.546429],[-68.552421,-31.546602],[-68.552361,-31.546765],[-68.55404,-31.546777],[-68.554037,-31.546221]]]}},{"type":"Feature","properties":{"id":"m812","m2":102464},"geometry":{"type":"Polygon","coordinates":[[[-68.59216,-31.538763],[-68.592104,-31.538785],[-68.592035,-31.538803],[-68.59201,-31.538806],[-68.591943,-31.538808],[-68.591528,-31.538801],[-68.590812,-31.53879],[-68.590027,-31.538778],[-68.589898,-31.538777],[-68.58989,-31.538856],[-68.589889,-31.538874],[-68.589881,-31.538957],[-68.589963,-31.538958],[-68.590349,-31.538961],[-68.59037,-31.538971],[-68.590386,-31.538986],[-68.590396,-31.539005],[-68.590398,-31.539025],[-68.590393,-31.539045],[-68.59038,-31.539063],[-68.590362,-31.539076],[-68.589952,-31.539071],[-68.58987,-31.539071],[-68.589845,-31.539322],[-68.589791,-31.539874],[-68.589724,-31.540557],[-68.589657,-31.541233],[-68.589591,-31.541903],[-68.590611,-31.541913],[-68.590751,-31.542044],[-68.590849,-31.542135],[-68.590979,-31.542255],[-68.591132,-31.542592],[-68.592091,-31.54227],[-68.592216,-31.542866],[-68.592792,-31.54267],[-68.592951,-31.542615],[-68.592926,-31.542498],[-68.592177,-31.538971],[-68.592166,-31.538919],[-68.592153,-31.538858],[-68.592152,-31.538833],[-68.59216,-31.538763]]]}},{"type":"Feature","properties":{"id":"m813","m2":1378},"geometry":{"type":"Polygon","coordinates":[[[-68.59216,-31.538763],[-68.592101,-31.538758],[-68.592034,-31.53875],[-68.592012,-31.53875],[-68.591961,-31.538748],[-68.591634,-31.538742],[-68.589904,-31.538718],[-68.589898,-31.538777],[-68.590027,-31.538778],[-68.590812,-31.53879],[-68.591528,-31.538801],[-68.591943,-31.538808],[-68.59201,-31.538806],[-68.592035,-31.538803],[-68.592104,-31.538785],[-68.59216,-31.538763]]]}},{"type":"Feature","properties":{"id":"m814","m2":74679},"geometry":{"type":"Polygon","coordinates":[[[-68.560849,-31.547254],[-68.560801,-31.547511],[-68.560743,-31.547817],[-68.56072,-31.547939],[-68.560693,-31.548082],[-68.560636,-31.54838],[-68.56061,-31.548518],[-68.560587,-31.548643],[-68.560542,-31.548882],[-68.560539,-31.548939],[-68.56055,-31.548998],[-68.560603,-31.549198],[-68.560633,-31.549319],[-68.560637,-31.549334],[-68.560669,-31.549382],[-68.560671,-31.549384],[-68.56069,-31.549405],[-68.560713,-31.549429],[-68.560727,-31.549435],[-68.560778,-31.549446],[-68.560783,-31.549447],[-68.560812,-31.549449],[-68.560851,-31.549451],[-68.560903,-31.549451],[-68.561388,-31.54936],[-68.561434,-31.549352],[-68.561492,-31.549351],[-68.56155,-31.549367],[-68.561618,-31.549398],[-68.561857,-31.549522],[-68.561907,-31.549545],[-68.561973,-31.549561],[-68.562037,-31.549557],[-68.562115,-31.549542],[-68.562754,-31.549424],[-68.562774,-31.549328],[-68.562829,-31.549072],[-68.562837,-31.549036],[-68.562955,-31.548503],[-68.56308,-31.547941],[-68.563087,-31.547908],[-68.56321,-31.547379],[-68.563342,-31.546814],[-68.563364,-31.546718],[-68.563446,-31.546369],[-68.563444,-31.546331],[-68.56343,-31.546276],[-68.56342,-31.546271],[-68.563411,-31.546264],[-68.563367,-31.546266],[-68.563189,-31.546274],[-68.560967,-31.54667],[-68.5609,-31.546682],[-68.560859,-31.546701],[-68.560832,-31.546716],[-68.560794,-31.546744],[-68.56078,-31.546759],[-68.560772,-31.546784],[-68.560768,-31.546813],[-68.560767,-31.546853],[-68.560773,-31.546874],[-68.560799,-31.546974],[-68.56085,-31.547172],[-68.560852,-31.547218],[-68.560849,-31.547254]]]}},{"type":"Feature","properties":{"id":"m815","m2":3231},"geometry":{"type":"Polygon","coordinates":[[[-68.571055,-31.530859],[-68.570969,-31.531432],[-68.571457,-31.531479],[-68.571561,-31.530821],[-68.571251,-31.530844],[-68.571055,-31.530859]]]}},{"type":"Feature","properties":{"id":"m816","m2":3019},"geometry":{"type":"Polygon","coordinates":[[[-68.570969,-31.531432],[-68.570873,-31.532063],[-68.571374,-31.532008],[-68.571457,-31.531479],[-68.570969,-31.531432]]]}},{"type":"Feature","properties":{"id":"m817","m2":5604},"geometry":{"type":"Polygon","coordinates":[[[-68.593935,-31.532516],[-68.592788,-31.532718],[-68.592703,-31.533002],[-68.593595,-31.53318],[-68.593735,-31.533208],[-68.593803,-31.532975],[-68.59386,-31.532777],[-68.593889,-31.532676],[-68.593909,-31.532607],[-68.593935,-31.532516]]]}},{"type":"Feature","properties":{"id":"m818","m2":1647},"geometry":{"type":"Polygon","coordinates":[[[-68.593935,-31.532516],[-68.593909,-31.532607],[-68.593889,-31.532676],[-68.59386,-31.532777],[-68.593803,-31.532975],[-68.593915,-31.532992],[-68.594045,-31.53301],[-68.594078,-31.532888],[-68.594218,-31.532375],[-68.594092,-31.532359],[-68.593983,-31.532348],[-68.593935,-31.532516]]]}},{"type":"Feature","properties":{"id":"m819","m2":5375},"geometry":{"type":"Polygon","coordinates":[[[-68.590086,-31.533189],[-68.590329,-31.533148],[-68.590494,-31.53312],[-68.590422,-31.532819],[-68.590303,-31.532838],[-68.590154,-31.532862],[-68.589086,-31.533033],[-68.589013,-31.533044],[-68.588872,-31.533066],[-68.588877,-31.533141],[-68.588895,-31.5334],[-68.590086,-31.533189]]]}},{"type":"Feature","properties":{"id":"m820","m2":11234},"geometry":{"type":"Polygon","coordinates":[[[-68.559074,-31.519918],[-68.559104,-31.519606],[-68.559004,-31.519659],[-68.558894,-31.519711],[-68.558713,-31.519792],[-68.558665,-31.519813],[-68.558579,-31.519851],[-68.55839,-31.519935],[-68.558095,-31.520056],[-68.558101,-31.520895],[-68.558102,-31.520991],[-68.558502,-31.52099],[-68.558718,-31.520988],[-68.558812,-31.520987],[-68.558973,-31.520986],[-68.558986,-31.520845],[-68.559065,-31.520015],[-68.559074,-31.519918]]]}},{"type":"Feature","properties":{"id":"m821","m2":2628},"geometry":{"type":"Polygon","coordinates":[[[-68.55488,-31.524336],[-68.555022,-31.524423],[-68.555113,-31.524483],[-68.555226,-31.52456],[-68.555275,-31.524494],[-68.55528,-31.524493],[-68.555303,-31.524488],[-68.555385,-31.524435],[-68.555432,-31.524254],[-68.55544,-31.524225],[-68.555485,-31.524058],[-68.554986,-31.523963],[-68.554962,-31.524064],[-68.554843,-31.524203],[-68.554839,-31.524206],[-68.554786,-31.524263],[-68.55488,-31.524336]]]}},{"type":"Feature","properties":{"id":"m822","m2":15127},"geometry":{"type":"Polygon","coordinates":[[[-68.549663,-31.553497],[-68.549388,-31.552412],[-68.548567,-31.552354],[-68.548177,-31.553769],[-68.549663,-31.553497]]]}},{"type":"Feature","properties":{"id":"m823","m2":7749},"geometry":{"type":"Polygon","coordinates":[[[-68.553058,-31.551242],[-68.551968,-31.551239],[-68.551736,-31.551239],[-68.551913,-31.55192],[-68.553171,-31.551675],[-68.553058,-31.551242]]]}},{"type":"Feature","properties":{"id":"m824","m2":21726},"geometry":{"type":"Polygon","coordinates":[[[-68.553058,-31.551242],[-68.553018,-31.551091],[-68.553191,-31.550456],[-68.553276,-31.550145],[-68.551422,-31.550129],[-68.551109,-31.551237],[-68.551736,-31.551239],[-68.551968,-31.551239],[-68.553058,-31.551242]]]}},{"type":"Feature","properties":{"id":"m825","m2":11303},"geometry":{"type":"Polygon","coordinates":[[[-68.551736,-31.551239],[-68.551109,-31.551237],[-68.550404,-31.551235],[-68.550648,-31.552166],[-68.551913,-31.55192],[-68.551736,-31.551239]]]}},{"type":"Feature","properties":{"id":"m826","m2":18909},"geometry":{"type":"Polygon","coordinates":[[[-68.551109,-31.551237],[-68.551422,-31.550129],[-68.550499,-31.550121],[-68.550234,-31.550117],[-68.550005,-31.55033],[-68.549649,-31.550648],[-68.549324,-31.550931],[-68.549279,-31.551232],[-68.550404,-31.551235],[-68.551109,-31.551237]]]}},{"type":"Feature","properties":{"id":"m827","m2":14002},"geometry":{"type":"Polygon","coordinates":[[[-68.550404,-31.551235],[-68.549279,-31.551232],[-68.549258,-31.551359],[-68.549265,-31.551857],[-68.549388,-31.552412],[-68.550648,-31.552166],[-68.550404,-31.551235]]]}},{"type":"Feature","properties":{"id":"m828","m2":10653},"geometry":{"type":"Polygon","coordinates":[[[-68.549279,-31.551232],[-68.549108,-31.551231],[-68.548975,-31.551228],[-68.548879,-31.551297],[-68.548791,-31.551355],[-68.548715,-31.551406],[-68.548615,-31.551469],[-68.548539,-31.551516],[-68.548481,-31.551558],[-68.548449,-31.551582],[-68.54842,-31.551608],[-68.548391,-31.551646],[-68.548371,-31.551676],[-68.548349,-31.551718],[-68.548334,-31.551754],[-68.548299,-31.551851],[-68.54822,-31.552083],[-68.548138,-31.552325],[-68.548335,-31.552338],[-68.548567,-31.552354],[-68.549388,-31.552412],[-68.549265,-31.551857],[-68.549258,-31.551359],[-68.549279,-31.551232]]]}},{"type":"Feature","properties":{"id":"m829","m2":22925},"geometry":{"type":"Polygon","coordinates":[[[-68.551913,-31.55192],[-68.552317,-31.55348],[-68.552339,-31.553565],[-68.552445,-31.553543],[-68.553375,-31.553363],[-68.5536,-31.553319],[-68.55358,-31.55324],[-68.553171,-31.551675],[-68.551913,-31.55192]]]}},{"type":"Feature","properties":{"id":"m830","m2":13766},"geometry":{"type":"Polygon","coordinates":[[[-68.561409,-31.534729],[-68.562315,-31.534623],[-68.562423,-31.534611],[-68.562657,-31.533376],[-68.562673,-31.533291],[-68.561656,-31.533416],[-68.561409,-31.534729]]]}},{"type":"Feature","properties":{"id":"m831","m2":17014},"geometry":{"type":"Polygon","coordinates":[[[-68.562423,-31.534611],[-68.563706,-31.53446],[-68.563781,-31.534451],[-68.563838,-31.533199],[-68.563239,-31.533228],[-68.562873,-31.533266],[-68.56281,-31.533274],[-68.562801,-31.533275],[-68.562673,-31.533291],[-68.562657,-31.533376],[-68.562423,-31.534611]]]}},{"type":"Feature","properties":{"id":"m832","m2":4021},"geometry":{"type":"Polygon","coordinates":[[[-68.562423,-31.534611],[-68.562245,-31.535546],[-68.562336,-31.535556],[-68.562339,-31.535557],[-68.562502,-31.535575],[-68.562492,-31.535559],[-68.562476,-31.535535],[-68.562458,-31.535498],[-68.562444,-31.535463],[-68.562438,-31.535429],[-68.562435,-31.535381],[-68.562438,-31.535337],[-68.562448,-31.535286],[-68.562522,-31.534928],[-68.562535,-31.534884],[-68.562556,-31.534836],[-68.56258,-31.534799],[-68.562611,-31.534765],[-68.562647,-31.534736],[-68.56268,-31.534717],[-68.56273,-31.534703],[-68.562796,-31.534689],[-68.562919,-31.534671],[-68.563091,-31.534654],[-68.563133,-31.534654],[-68.563177,-31.53466],[-68.563218,-31.53467],[-68.563275,-31.534689],[-68.56333,-31.534709],[-68.563368,-31.534727],[-68.563409,-31.534751],[-68.563471,-31.534788],[-68.563516,-31.534808],[-68.563556,-31.534818],[-68.563596,-31.534825],[-68.563634,-31.53483],[-68.563676,-31.534831],[-68.563671,-31.534821],[-68.563666,-31.534778],[-68.563678,-31.534735],[-68.563706,-31.534698],[-68.563735,-31.534679],[-68.563725,-31.534606],[-68.563715,-31.534526],[-68.563706,-31.53446],[-68.562423,-31.534611]]]}},{"type":"Feature","properties":{"id":"m833","m2":35000},"geometry":{"type":"Polygon","coordinates":[[[-68.563781,-31.534451],[-68.563845,-31.534451],[-68.564703,-31.534449],[-68.564918,-31.534448],[-68.564917,-31.534376],[-68.564914,-31.534182],[-68.564976,-31.534182],[-68.564981,-31.534375],[-68.564983,-31.534448],[-68.565847,-31.534445],[-68.566404,-31.534352],[-68.566415,-31.53429],[-68.566342,-31.533889],[-68.56643,-31.533107],[-68.566282,-31.533088],[-68.565356,-31.53313],[-68.564621,-31.533163],[-68.563838,-31.533199],[-68.563781,-31.534451]]]}},{"type":"Feature","properties":{"id":"m834","m2":1778},"geometry":{"type":"Polygon","coordinates":[[[-68.563845,-31.534451],[-68.563853,-31.534514],[-68.563863,-31.534591],[-68.563873,-31.534664],[-68.563895,-31.53467],[-68.563936,-31.534697],[-68.563965,-31.534734],[-68.563969,-31.534746],[-68.563978,-31.534776],[-68.564012,-31.534773],[-68.564049,-31.534769],[-68.564101,-31.53476],[-68.564136,-31.53475],[-68.564172,-31.534728],[-68.564214,-31.5347],[-68.564263,-31.534662],[-68.564302,-31.534634],[-68.564338,-31.534611],[-68.564376,-31.534592],[-68.564413,-31.534577],[-68.564456,-31.534565],[-68.564504,-31.53456],[-68.564701,-31.534559],[-68.564702,-31.534508],[-68.564702,-31.534505],[-68.564703,-31.534449],[-68.563845,-31.534451]]]}},{"type":"Feature","properties":{"id":"m835","m2":14532},"geometry":{"type":"Polygon","coordinates":[[[-68.566404,-31.534352],[-68.56636,-31.534614],[-68.567241,-31.534494],[-68.567338,-31.53452],[-68.567402,-31.534161],[-68.567333,-31.533847],[-68.567395,-31.533179],[-68.566554,-31.533123],[-68.56643,-31.533107],[-68.566342,-31.533889],[-68.566415,-31.53429],[-68.566404,-31.534352]]]}},{"type":"Feature","properties":{"id":"m836","m2":19023},"geometry":{"type":"Polygon","coordinates":[[[-68.562026,-31.536705],[-68.560251,-31.536919],[-68.560138,-31.536909],[-68.559915,-31.538041],[-68.559889,-31.538177],[-68.559874,-31.538221],[-68.559864,-31.538246],[-68.559839,-31.538282],[-68.560084,-31.538156],[-68.560524,-31.537949],[-68.561013,-31.537789],[-68.561028,-31.537782],[-68.561042,-31.537776],[-68.561054,-31.53777],[-68.561078,-31.537756],[-68.561097,-31.537745],[-68.561112,-31.537734],[-68.561146,-31.53771],[-68.561206,-31.537668],[-68.561206,-31.537665],[-68.561214,-31.537634],[-68.561234,-31.537608],[-68.561264,-31.53759],[-68.5613,-31.537582],[-68.561337,-31.537586],[-68.561341,-31.537588],[-68.56168,-31.537429],[-68.561714,-31.537405],[-68.561757,-31.537377],[-68.561823,-31.537329],[-68.561854,-31.537296],[-68.561878,-31.537262],[-68.561894,-31.537232],[-68.561903,-31.537215],[-68.561915,-31.537183],[-68.56192,-31.537167],[-68.561961,-31.537096],[-68.561975,-31.536971],[-68.562026,-31.536705]]]}},{"type":"Feature","properties":{"id":"m837","m2":22403},"geometry":{"type":"Polygon","coordinates":[[[-68.560138,-31.536909],[-68.558618,-31.536773],[-68.558378,-31.538013],[-68.558373,-31.538034],[-68.558352,-31.538147],[-68.558554,-31.538166],[-68.55918,-31.538225],[-68.559619,-31.538267],[-68.559839,-31.538282],[-68.559864,-31.538246],[-68.559874,-31.538221],[-68.559889,-31.538177],[-68.559915,-31.538041],[-68.560138,-31.536909]]]}},{"type":"Feature","properties":{"id":"m838","m2":21924},"geometry":{"type":"Polygon","coordinates":[[[-68.550375,-31.542487],[-68.55041,-31.542467],[-68.550428,-31.542453],[-68.550443,-31.542443],[-68.550461,-31.542427],[-68.550478,-31.542405],[-68.550482,-31.542395],[-68.550487,-31.542385],[-68.550515,-31.542315],[-68.55054,-31.542254],[-68.550593,-31.542124],[-68.550657,-31.542036],[-68.55093,-31.541062],[-68.550953,-31.540979],[-68.550978,-31.54089],[-68.550832,-31.540886],[-68.550742,-31.540884],[-68.549974,-31.540862],[-68.549933,-31.540972],[-68.549099,-31.542675],[-68.549091,-31.542701],[-68.549081,-31.54274],[-68.549074,-31.542779],[-68.549072,-31.542797],[-68.549069,-31.542818],[-68.549068,-31.542849],[-68.54907,-31.542851],[-68.550375,-31.542487]]]}},{"type":"Feature","properties":{"id":"m839","m2":12492},"geometry":{"type":"Polygon","coordinates":[[[-68.578448,-31.540103],[-68.578227,-31.54012],[-68.578108,-31.54013],[-68.578003,-31.540146],[-68.577949,-31.540158],[-68.577907,-31.540188],[-68.577873,-31.54023],[-68.577488,-31.540893],[-68.577457,-31.540946],[-68.577446,-31.540977],[-68.577442,-31.541],[-68.577443,-31.541082],[-68.577451,-31.541117],[-68.577464,-31.54115],[-68.577502,-31.541188],[-68.57787,-31.541469],[-68.578,-31.541465],[-68.578623,-31.541451],[-68.578448,-31.540103]]]}},{"type":"Feature","properties":{"id":"m840","m2":8642},"geometry":{"type":"Polygon","coordinates":[[[-68.578448,-31.540103],[-68.578623,-31.541451],[-68.578797,-31.541441],[-68.579149,-31.541414],[-68.579168,-31.541412],[-68.579253,-31.541403],[-68.579096,-31.540375],[-68.579088,-31.540323],[-68.579073,-31.540239],[-68.578993,-31.540164],[-68.578925,-31.540123],[-68.578862,-31.5401],[-68.578851,-31.540097],[-68.578789,-31.540083],[-68.578683,-31.540078],[-68.578448,-31.540103]]]}},{"type":"Feature","properties":{"id":"m841","m2":25521},"geometry":{"type":"Polygon","coordinates":[[[-68.57787,-31.541469],[-68.577869,-31.54153],[-68.577872,-31.541612],[-68.577848,-31.541675],[-68.577752,-31.541767],[-68.577664,-31.541817],[-68.577573,-31.541851],[-68.577365,-31.541894],[-68.577192,-31.541914],[-68.577048,-31.541924],[-68.576912,-31.541926],[-68.576734,-31.541907],[-68.576528,-31.541867],[-68.576321,-31.541823],[-68.576397,-31.542478],[-68.576431,-31.542642],[-68.576472,-31.542721],[-68.576523,-31.542784],[-68.576639,-31.542889],[-68.576741,-31.542958],[-68.576853,-31.542993],[-68.576975,-31.543011],[-68.57714,-31.543],[-68.577893,-31.542909],[-68.578017,-31.542886],[-68.578151,-31.542837],[-68.578249,-31.542769],[-68.578303,-31.542707],[-68.578362,-31.542579],[-68.578454,-31.542259],[-68.578531,-31.541978],[-68.578544,-31.541928],[-68.578581,-31.541735],[-68.578606,-31.541606],[-68.578623,-31.541451],[-68.578,-31.541465],[-68.57787,-31.541469]]]}},{"type":"Feature","properties":{"id":"m842","m2":3572},"geometry":{"type":"Polygon","coordinates":[[[-68.576321,-31.541823],[-68.576528,-31.541867],[-68.576734,-31.541907],[-68.576912,-31.541926],[-68.577048,-31.541924],[-68.577146,-31.541652],[-68.57623,-31.5413],[-68.576321,-31.541823]]]}},{"type":"Feature","properties":{"id":"m843","m2":3899},"geometry":{"type":"Polygon","coordinates":[[[-68.558668,-31.511921],[-68.558658,-31.511964],[-68.558806,-31.511966],[-68.559487,-31.511977],[-68.560393,-31.511994],[-68.560722,-31.511994],[-68.560932,-31.51199],[-68.56119,-31.511983],[-68.561734,-31.511965],[-68.561732,-31.511928],[-68.561731,-31.51188],[-68.56173,-31.511841],[-68.560457,-31.51188],[-68.558827,-31.511844],[-68.558688,-31.511839],[-68.558683,-31.511867],[-68.558668,-31.511921]]]}},{"type":"Feature","properties":{"id":"m844","m2":174682},"geometry":{"type":"Polygon","coordinates":[[[-68.602317,-31.511522],[-68.599474,-31.511315],[-68.599458,-31.511314],[-68.599365,-31.511307],[-68.599357,-31.511326],[-68.59831,-31.513811],[-68.598266,-31.513915],[-68.59822,-31.514028],[-68.598191,-31.514097],[-68.597471,-31.515807],[-68.597459,-31.515836],[-68.597292,-31.516234],[-68.597258,-31.516314],[-68.597429,-31.516336],[-68.597943,-31.516403],[-68.599108,-31.516556],[-68.599213,-31.51657],[-68.599365,-31.516589],[-68.599476,-31.516604],[-68.599601,-31.516622],[-68.599706,-31.516644],[-68.599816,-31.516673],[-68.599973,-31.516724],[-68.600131,-31.516784],[-68.60046,-31.516905],[-68.601044,-31.515212],[-68.601134,-31.514951],[-68.602317,-31.511522]]]}},{"type":"Feature","properties":{"id":"m845","m2":315676},"geometry":{"type":"Polygon","coordinates":[[[-68.60046,-31.516905],[-68.600131,-31.516784],[-68.599973,-31.516724],[-68.599816,-31.516673],[-68.599706,-31.516644],[-68.599601,-31.516622],[-68.599476,-31.516604],[-68.599365,-31.516589],[-68.599213,-31.51657],[-68.599108,-31.516556],[-68.597943,-31.516403],[-68.597429,-31.516336],[-68.597258,-31.516314],[-68.597222,-31.516397],[-68.596575,-31.517933],[-68.596437,-31.518249],[-68.596394,-31.518351],[-68.59636,-31.51843],[-68.596347,-31.518461],[-68.596328,-31.518509],[-68.596297,-31.518587],[-68.596283,-31.518633],[-68.596268,-31.518684],[-68.596258,-31.518738],[-68.596248,-31.5188],[-68.596235,-31.518923],[-68.596231,-31.518953],[-68.596215,-31.51908],[-68.596196,-31.519219],[-68.596151,-31.519696],[-68.596146,-31.51975],[-68.595973,-31.521593],[-68.595871,-31.522793],[-68.59584,-31.52311],[-68.595838,-31.523134],[-68.595818,-31.523341],[-68.595898,-31.523303],[-68.596363,-31.523084],[-68.59785,-31.522392],[-68.597935,-31.522363],[-68.598487,-31.522188],[-68.598575,-31.522154],[-68.598823,-31.522035],[-68.599496,-31.521704],[-68.600375,-31.521265],[-68.600597,-31.521162],[-68.600787,-31.521081],[-68.600895,-31.521028],[-68.600945,-31.520966],[-68.600988,-31.520866],[-68.601054,-31.520696],[-68.601125,-31.520487],[-68.601222,-31.520335],[-68.601648,-31.519859],[-68.603174,-31.518155],[-68.603252,-31.518068],[-68.60316,-31.518028],[-68.603133,-31.518016],[-68.603115,-31.518007],[-68.602373,-31.517689],[-68.602029,-31.517543],[-68.601686,-31.517404],[-68.601588,-31.517363],[-68.60046,-31.516905]]]}},{"type":"Feature","properties":{"id":"m846","m2":882},"geometry":{"type":"Polygon","coordinates":[[[-68.566945,-31.528054],[-68.566943,-31.528099],[-68.566941,-31.528145],[-68.56707,-31.528147],[-68.567104,-31.528148],[-68.56728,-31.528151],[-68.567727,-31.528158],[-68.567853,-31.52816],[-68.567861,-31.528069],[-68.567727,-31.528067],[-68.567064,-31.528056],[-68.566945,-31.528054]]]}},{"type":"Feature","properties":{"id":"m847","m2":4692},"geometry":{"type":"Polygon","coordinates":[[[-68.586443,-31.538668],[-68.586354,-31.538666],[-68.5859,-31.538653],[-68.585556,-31.538643],[-68.584744,-31.538621],[-68.584435,-31.538615],[-68.584356,-31.538613],[-68.584281,-31.538611],[-68.583026,-31.538586],[-68.582702,-31.538579],[-68.582611,-31.53858],[-68.58186,-31.538584],[-68.581723,-31.538584],[-68.580908,-31.538588],[-68.579164,-31.538616],[-68.578963,-31.538619],[-68.578912,-31.53862],[-68.578817,-31.538622],[-68.578818,-31.538652],[-68.578819,-31.538681],[-68.578913,-31.53868],[-68.579133,-31.538676],[-68.579148,-31.538676],[-68.580815,-31.53865],[-68.580921,-31.538648],[-68.581061,-31.538648],[-68.582707,-31.538639],[-68.583138,-31.538647],[-68.584325,-31.538669],[-68.584503,-31.538673],[-68.584783,-31.538678],[-68.585892,-31.538708],[-68.586439,-31.538723],[-68.586443,-31.538668]]]}},{"type":"Feature","properties":{"id":"m848","m2":15717},"geometry":{"type":"Polygon","coordinates":[[[-68.586439,-31.538723],[-68.585892,-31.538708],[-68.584783,-31.538678],[-68.584503,-31.538673],[-68.584505,-31.538783],[-68.584505,-31.538795],[-68.584519,-31.539287],[-68.584543,-31.539335],[-68.584575,-31.53936],[-68.584628,-31.539373],[-68.584789,-31.539376],[-68.584879,-31.539382],[-68.584954,-31.539423],[-68.584994,-31.539461],[-68.585028,-31.539475],[-68.585071,-31.539475],[-68.586334,-31.539551],[-68.586387,-31.539533],[-68.586398,-31.539473],[-68.586399,-31.539465],[-68.586423,-31.539084],[-68.586431,-31.538917],[-68.586435,-31.538844],[-68.586436,-31.538834],[-68.586437,-31.538826],[-68.586438,-31.538801],[-68.586438,-31.538784],[-68.586439,-31.538723]]]}},{"type":"Feature","properties":{"id":"m849","m2":7214},"geometry":{"type":"Polygon","coordinates":[[[-68.582656,-31.541443],[-68.583034,-31.541447],[-68.583088,-31.541355],[-68.583175,-31.541262],[-68.583159,-31.541229],[-68.583173,-31.541087],[-68.583151,-31.54089],[-68.583149,-31.540559],[-68.583128,-31.540518],[-68.583074,-31.540481],[-68.583002,-31.540446],[-68.582943,-31.540403],[-68.582914,-31.54035],[-68.582893,-31.540294],[-68.582881,-31.54018],[-68.582826,-31.540116],[-68.582644,-31.54003],[-68.582619,-31.540014],[-68.582607,-31.540117],[-68.58254,-31.541349],[-68.58255,-31.541389],[-68.582579,-31.541421],[-68.582656,-31.541443]]]}},{"type":"Feature","properties":{"id":"m850","m2":79443},"geometry":{"type":"Polygon","coordinates":[[[-68.582619,-31.540014],[-68.582644,-31.54003],[-68.582826,-31.540116],[-68.582881,-31.54018],[-68.582893,-31.540294],[-68.582914,-31.54035],[-68.582943,-31.540403],[-68.583002,-31.540446],[-68.583074,-31.540481],[-68.583128,-31.540518],[-68.583149,-31.540559],[-68.583151,-31.54089],[-68.583173,-31.541087],[-68.583823,-31.5411],[-68.583854,-31.541113],[-68.583863,-31.541141],[-68.583854,-31.541293],[-68.583889,-31.541375],[-68.583891,-31.541456],[-68.584283,-31.541464],[-68.585131,-31.54148],[-68.585425,-31.541483],[-68.585434,-31.541394],[-68.585528,-31.541345],[-68.585704,-31.541345],[-68.586346,-31.541345],[-68.587057,-31.541188],[-68.587184,-31.541186],[-68.587746,-31.54119],[-68.587766,-31.540983],[-68.587811,-31.540522],[-68.587709,-31.540516],[-68.587613,-31.54051],[-68.587529,-31.540511],[-68.587428,-31.540532],[-68.587365,-31.540559],[-68.587279,-31.540558],[-68.587203,-31.540552],[-68.587255,-31.539967],[-68.58724,-31.539933],[-68.587197,-31.539894],[-68.58717,-31.539862],[-68.587156,-31.539831],[-68.587154,-31.539785],[-68.587205,-31.538995],[-68.587001,-31.538996],[-68.586754,-31.538989],[-68.586683,-31.538998],[-68.586544,-31.538997],[-68.586506,-31.53899],[-68.586477,-31.538976],[-68.586462,-31.538959],[-68.586431,-31.538917],[-68.586423,-31.539084],[-68.586399,-31.539465],[-68.586398,-31.539473],[-68.586387,-31.539533],[-68.586334,-31.539551],[-68.585071,-31.539475],[-68.585028,-31.539475],[-68.585001,-31.539481],[-68.584982,-31.539494],[-68.584968,-31.53952],[-68.584953,-31.539567],[-68.584937,-31.539602],[-68.584909,-31.539655],[-68.584867,-31.539716],[-68.58481,-31.539779],[-68.58477,-31.539829],[-68.584753,-31.53987],[-68.584738,-31.539915],[-68.58473,-31.539948],[-68.584722,-31.539971],[-68.584711,-31.539995],[-68.584689,-31.540012],[-68.584648,-31.540014],[-68.583561,-31.539966],[-68.583522,-31.539961],[-68.582788,-31.539918],[-68.582626,-31.539905],[-68.582619,-31.540014]]]}},{"type":"Feature","properties":{"id":"m851","m2":1454},"geometry":{"type":"Polygon","coordinates":[[[-68.582626,-31.539905],[-68.582788,-31.539918],[-68.5828,-31.539719],[-68.5828,-31.539575],[-68.583522,-31.539591],[-68.583538,-31.5395],[-68.583496,-31.53949],[-68.582807,-31.539478],[-68.582664,-31.539479],[-68.582626,-31.539905]]]}},{"type":"Feature","properties":{"id":"m852","m2":23527},"geometry":{"type":"Polygon","coordinates":[[[-68.582664,-31.539479],[-68.582807,-31.539478],[-68.583496,-31.53949],[-68.583538,-31.5395],[-68.583522,-31.539591],[-68.583518,-31.539738],[-68.583522,-31.539961],[-68.583561,-31.539966],[-68.584648,-31.540014],[-68.584689,-31.540012],[-68.584711,-31.539995],[-68.584722,-31.539971],[-68.58473,-31.539948],[-68.584738,-31.539915],[-68.584753,-31.53987],[-68.58477,-31.539829],[-68.58481,-31.539779],[-68.584867,-31.539716],[-68.584909,-31.539655],[-68.584937,-31.539602],[-68.584953,-31.539567],[-68.584968,-31.53952],[-68.584982,-31.539494],[-68.585001,-31.539481],[-68.585028,-31.539475],[-68.584994,-31.539461],[-68.584954,-31.539423],[-68.584879,-31.539382],[-68.584789,-31.539376],[-68.584628,-31.539373],[-68.584575,-31.53936],[-68.584543,-31.539335],[-68.584519,-31.539287],[-68.584505,-31.538795],[-68.584505,-31.538783],[-68.584503,-31.538673],[-68.584325,-31.538669],[-68.583138,-31.538647],[-68.582707,-31.538639],[-68.582705,-31.538706],[-68.582704,-31.538726],[-68.582703,-31.538735],[-68.582703,-31.538739],[-68.582703,-31.538748],[-68.582664,-31.539479]]]}},{"type":"Feature","properties":{"id":"m853","m2":7416},"geometry":{"type":"Polygon","coordinates":[[[-68.587205,-31.538995],[-68.587154,-31.539785],[-68.587156,-31.539831],[-68.58717,-31.539862],[-68.587197,-31.539894],[-68.58724,-31.539933],[-68.587255,-31.539967],[-68.587862,-31.539999],[-68.587901,-31.539552],[-68.58794,-31.5391],[-68.587914,-31.539049],[-68.587859,-31.539014],[-68.587205,-31.538995]]]}},{"type":"Feature","properties":{"id":"m854","m2":3504},"geometry":{"type":"Polygon","coordinates":[[[-68.587255,-31.539967],[-68.587203,-31.540552],[-68.587279,-31.540558],[-68.587365,-31.540559],[-68.587428,-31.540532],[-68.587529,-31.540511],[-68.587613,-31.54051],[-68.587709,-31.540516],[-68.587811,-31.540522],[-68.587862,-31.539999],[-68.587255,-31.539967]]]}},{"type":"Feature","properties":{"id":"m855","m2":1401},"geometry":{"type":"Polygon","coordinates":[[[-68.583891,-31.541456],[-68.583889,-31.541375],[-68.583854,-31.541293],[-68.583219,-31.541279],[-68.583175,-31.541262],[-68.583088,-31.541355],[-68.583034,-31.541447],[-68.583821,-31.541456],[-68.583891,-31.541456]]]}},{"type":"Feature","properties":{"id":"m856","m2":1389},"geometry":{"type":"Polygon","coordinates":[[[-68.583854,-31.541293],[-68.583863,-31.541141],[-68.583854,-31.541113],[-68.583823,-31.5411],[-68.583173,-31.541087],[-68.583159,-31.541229],[-68.583175,-31.541262],[-68.583219,-31.541279],[-68.583854,-31.541293]]]}},{"type":"Feature","properties":{"id":"m857","m2":1612},"geometry":{"type":"Polygon","coordinates":[[[-68.583522,-31.539961],[-68.583518,-31.539738],[-68.5828,-31.539719],[-68.582788,-31.539918],[-68.583522,-31.539961]]]}},{"type":"Feature","properties":{"id":"m858","m2":1105},"geometry":{"type":"Polygon","coordinates":[[[-68.583518,-31.539738],[-68.583522,-31.539591],[-68.5828,-31.539575],[-68.5828,-31.539719],[-68.583518,-31.539738]]]}},{"type":"Feature","properties":{"id":"m859","m2":2240},"geometry":{"type":"Polygon","coordinates":[[[-68.569531,-31.522265],[-68.569546,-31.52223],[-68.569553,-31.522192],[-68.569554,-31.522154],[-68.569547,-31.522116],[-68.569538,-31.522089],[-68.569525,-31.522062],[-68.569489,-31.522016],[-68.569442,-31.521978],[-68.569386,-31.52195],[-68.569324,-31.521933],[-68.56926,-31.521929],[-68.569195,-31.521938],[-68.569135,-31.521959],[-68.569082,-31.521991],[-68.569039,-31.522032],[-68.569009,-31.522081],[-68.568992,-31.522134],[-68.56899,-31.522192],[-68.569004,-31.522248],[-68.569034,-31.522301],[-68.569077,-31.522345],[-68.569131,-31.522379],[-68.569194,-31.522402],[-68.569261,-31.522411],[-68.569328,-31.522406],[-68.569393,-31.522388],[-68.56945,-31.522357],[-68.569497,-31.522315],[-68.569531,-31.522265]]]}},{"type":"Feature","properties":{"id":"m860","m2":12035},"geometry":{"type":"Polygon","coordinates":[[[-68.563087,-31.547908],[-68.563716,-31.547856],[-68.564213,-31.547867],[-68.564225,-31.547168],[-68.564236,-31.54673],[-68.563364,-31.546718],[-68.563342,-31.546814],[-68.56321,-31.547379],[-68.563087,-31.547908]]]}},{"type":"Feature","properties":{"id":"m861","m2":23944},"geometry":{"type":"Polygon","coordinates":[[[-68.564225,-31.547168],[-68.565894,-31.547209],[-68.566046,-31.547213],[-68.56608,-31.54673],[-68.566129,-31.54604],[-68.566134,-31.545963],[-68.566139,-31.545891],[-68.56602,-31.5459],[-68.565984,-31.545903],[-68.565942,-31.545907],[-68.564526,-31.546018],[-68.564216,-31.546082],[-68.56424,-31.546613],[-68.564236,-31.54673],[-68.564225,-31.547168]]]}},{"type":"Feature","properties":{"id":"m862","m2":4779},"geometry":{"type":"Polygon","coordinates":[[[-68.564236,-31.54673],[-68.56424,-31.546613],[-68.564216,-31.546082],[-68.56372,-31.546172],[-68.563712,-31.546173],[-68.563641,-31.5462],[-68.563584,-31.546226],[-68.563516,-31.546265],[-68.563506,-31.546272],[-68.563494,-31.546278],[-68.563479,-31.5463],[-68.563446,-31.546369],[-68.563364,-31.546718],[-68.564236,-31.54673]]]}},{"type":"Feature","properties":{"id":"m863","m2":16460},"geometry":{"type":"Polygon","coordinates":[[[-68.60786,-31.547418],[-68.607716,-31.547441],[-68.6073,-31.547509],[-68.607169,-31.547534],[-68.607115,-31.547557],[-68.60707,-31.547594],[-68.607024,-31.547646],[-68.60696,-31.547811],[-68.606692,-31.548563],[-68.606635,-31.548766],[-68.60663,-31.548833],[-68.606689,-31.548938],[-68.606799,-31.54913],[-68.60685,-31.549139],[-68.607472,-31.549027],[-68.607563,-31.548995],[-68.607601,-31.548949],[-68.607636,-31.548878],[-68.60785,-31.548204],[-68.607925,-31.547955],[-68.607955,-31.547854],[-68.607963,-31.547795],[-68.607955,-31.547731],[-68.607923,-31.547646],[-68.607869,-31.547569],[-68.60785,-31.547518],[-68.60785,-31.547479],[-68.60786,-31.547418]]]}},{"type":"Feature","properties":{"id":"m864","m2":4828},"geometry":{"type":"Polygon","coordinates":[[[-68.608006,-31.52705],[-68.607964,-31.526968],[-68.606683,-31.52746],[-68.605414,-31.527944],[-68.605405,-31.527947],[-68.603752,-31.52858],[-68.603722,-31.528592],[-68.603313,-31.528748],[-68.603352,-31.528833],[-68.603794,-31.528663],[-68.603801,-31.52866],[-68.605448,-31.528029],[-68.605461,-31.528024],[-68.606726,-31.527541],[-68.608006,-31.52705]]]}},{"type":"Feature","properties":{"id":"m865","m2":805},"geometry":{"type":"Polygon","coordinates":[[[-68.556455,-31.552762],[-68.556309,-31.552791],[-68.556281,-31.552796],[-68.55631,-31.55291],[-68.556312,-31.552918],[-68.556388,-31.553213],[-68.556562,-31.55318],[-68.556486,-31.552883],[-68.556484,-31.552875],[-68.556455,-31.552762]]]}},{"type":"Feature","properties":{"id":"m866","m2":8205},"geometry":{"type":"Polygon","coordinates":[[[-68.612853,-31.548062],[-68.611686,-31.548189],[-68.611572,-31.548201],[-68.611448,-31.548779],[-68.611571,-31.548765],[-68.612934,-31.548616],[-68.612853,-31.548062]]]}},{"type":"Feature","properties":{"id":"m867","m2":8091},"geometry":{"type":"Polygon","coordinates":[[[-68.612853,-31.548062],[-68.612854,-31.547956],[-68.613074,-31.547509],[-68.612089,-31.547467],[-68.612028,-31.547465],[-68.611916,-31.54746],[-68.611884,-31.547528],[-68.611786,-31.547732],[-68.61173,-31.547848],[-68.611691,-31.54793],[-68.611608,-31.54811],[-68.611592,-31.548146],[-68.611572,-31.548201],[-68.611686,-31.548189],[-68.612853,-31.548062]]]}},{"type":"Feature","properties":{"id":"m868","m2":9966},"geometry":{"type":"Polygon","coordinates":[[[-68.612934,-31.548616],[-68.611571,-31.548765],[-68.611448,-31.548779],[-68.61135,-31.549232],[-68.611316,-31.54939],[-68.611457,-31.549374],[-68.611504,-31.549368],[-68.612291,-31.549279],[-68.612832,-31.549218],[-68.613005,-31.549198],[-68.613004,-31.549092],[-68.612934,-31.548616]]]}},{"type":"Feature","properties":{"id":"m869","m2":7278},"geometry":{"type":"Polygon","coordinates":[[[-68.613005,-31.549198],[-68.612832,-31.549218],[-68.612291,-31.549279],[-68.612426,-31.550245],[-68.61313,-31.550171],[-68.613006,-31.549318],[-68.613005,-31.549198]]]}},{"type":"Feature","properties":{"id":"m870","m2":213185},"geometry":{"type":"Polygon","coordinates":[[[-68.614337,-31.549047],[-68.613673,-31.549122],[-68.613809,-31.550101],[-68.61313,-31.550171],[-68.612426,-31.550245],[-68.612291,-31.549279],[-68.611504,-31.549368],[-68.611457,-31.549374],[-68.611316,-31.54939],[-68.611292,-31.549517],[-68.611003,-31.551021],[-68.61073,-31.552439],[-68.610377,-31.554277],[-68.61035,-31.554415],[-68.610501,-31.554429],[-68.611925,-31.554558],[-68.612882,-31.554648],[-68.613664,-31.554716],[-68.613715,-31.554716],[-68.613763,-31.554713],[-68.613834,-31.554714],[-68.613853,-31.554679],[-68.613884,-31.554608],[-68.613927,-31.554496],[-68.615813,-31.54888],[-68.615184,-31.548951],[-68.615018,-31.54897],[-68.61485,-31.548989],[-68.614337,-31.549047]]]}},{"type":"Feature","properties":{"id":"m871","m2":5829},"geometry":{"type":"Polygon","coordinates":[[[-68.613675,-31.546294],[-68.612812,-31.545993],[-68.612543,-31.546542],[-68.613405,-31.546841],[-68.613675,-31.546294]]]}},{"type":"Feature","properties":{"id":"m872","m2":7272},"geometry":{"type":"Polygon","coordinates":[[[-68.613405,-31.546841],[-68.612543,-31.546542],[-68.612145,-31.547353],[-68.613129,-31.547398],[-68.613405,-31.546841]]]}},{"type":"Feature","properties":{"id":"m873","m2":1193},"geometry":{"type":"Polygon","coordinates":[[[-68.613129,-31.547398],[-68.612145,-31.547353],[-68.612089,-31.547467],[-68.613074,-31.547509],[-68.613129,-31.547398]]]}},{"type":"Feature","properties":{"id":"m874","m2":4130},"geometry":{"type":"Polygon","coordinates":[[[-68.566791,-31.541209],[-68.566799,-31.541176],[-68.566848,-31.540993],[-68.56679,-31.540987],[-68.56662,-31.54097],[-68.565199,-31.540829],[-68.565187,-31.540893],[-68.565185,-31.540901],[-68.56515,-31.541081],[-68.566659,-31.541198],[-68.566671,-31.541199],[-68.566791,-31.541209]]]}},{"type":"Feature","properties":{"id":"m875","m2":14155},"geometry":{"type":"Polygon","coordinates":[[[-68.563772,-31.534914],[-68.563727,-31.534894],[-68.563692,-31.534862],[-68.563676,-31.534831],[-68.563634,-31.53483],[-68.563596,-31.534825],[-68.563556,-31.534818],[-68.563516,-31.534808],[-68.563471,-31.534788],[-68.563409,-31.534751],[-68.563368,-31.534727],[-68.56333,-31.534709],[-68.563275,-31.534689],[-68.563218,-31.53467],[-68.563177,-31.53466],[-68.563133,-31.534654],[-68.563091,-31.534654],[-68.562919,-31.534671],[-68.562796,-31.534689],[-68.56273,-31.534703],[-68.56268,-31.534717],[-68.562647,-31.534736],[-68.562611,-31.534765],[-68.56258,-31.534799],[-68.562556,-31.534836],[-68.562535,-31.534884],[-68.562522,-31.534928],[-68.562448,-31.535286],[-68.562438,-31.535337],[-68.562435,-31.535381],[-68.562438,-31.535429],[-68.562444,-31.535463],[-68.562458,-31.535498],[-68.562476,-31.535535],[-68.562492,-31.535559],[-68.562502,-31.535575],[-68.562535,-31.535607],[-68.56256,-31.535631],[-68.562591,-31.535655],[-68.562632,-31.535674],[-68.562674,-31.535683],[-68.562715,-31.53569],[-68.562763,-31.535691],[-68.562809,-31.535684],[-68.562958,-31.535658],[-68.563008,-31.535653],[-68.563051,-31.535652],[-68.563087,-31.535656],[-68.563134,-31.535668],[-68.563244,-31.535716],[-68.563357,-31.535764],[-68.56342,-31.535785],[-68.563513,-31.535812],[-68.563627,-31.535835],[-68.563694,-31.535844],[-68.563761,-31.535852],[-68.563795,-31.535853],[-68.56385,-31.535855],[-68.563849,-31.535847],[-68.563856,-31.53582],[-68.563871,-31.535796],[-68.563895,-31.535777],[-68.563903,-31.535754],[-68.563903,-31.535738],[-68.563874,-31.535518],[-68.563807,-31.535009],[-68.563802,-31.534959],[-68.563793,-31.534941],[-68.563782,-31.534924],[-68.563772,-31.534914]]]}},{"type":"Feature","properties":{"id":"m876","m2":801},"geometry":{"type":"Polygon","coordinates":[[[-68.563772,-31.534914],[-68.563782,-31.534924],[-68.563793,-31.534941],[-68.563802,-31.534959],[-68.563807,-31.535009],[-68.563874,-31.535518],[-68.563903,-31.535738],[-68.563903,-31.535754],[-68.563895,-31.535777],[-68.563924,-31.535764],[-68.563956,-31.535759],[-68.563988,-31.535763],[-68.564003,-31.535768],[-68.563997,-31.535758],[-68.563993,-31.535749],[-68.563986,-31.535726],[-68.56396,-31.535507],[-68.563898,-31.535],[-68.563892,-31.534956],[-68.563892,-31.534937],[-68.563897,-31.53492],[-68.563906,-31.534899],[-68.563874,-31.534914],[-68.563823,-31.534921],[-68.563772,-31.534914]]]}},{"type":"Feature","properties":{"id":"m877","m2":13584},"geometry":{"type":"Polygon","coordinates":[[[-68.563978,-31.534776],[-68.563974,-31.53482],[-68.563953,-31.53486],[-68.563947,-31.534866],[-68.563919,-31.534893],[-68.563906,-31.534899],[-68.563897,-31.53492],[-68.563892,-31.534937],[-68.563892,-31.534956],[-68.563898,-31.535],[-68.56396,-31.535507],[-68.563986,-31.535726],[-68.563993,-31.535749],[-68.563997,-31.535758],[-68.564003,-31.535768],[-68.564018,-31.535774],[-68.564351,-31.535761],[-68.564437,-31.535752],[-68.564476,-31.535746],[-68.564518,-31.535733],[-68.56456,-31.535715],[-68.564602,-31.535694],[-68.564689,-31.535653],[-68.564793,-31.535599],[-68.564845,-31.535569],[-68.564903,-31.535529],[-68.564947,-31.535488],[-68.564957,-31.535477],[-68.564987,-31.535446],[-68.565005,-31.535427],[-68.565011,-31.53542],[-68.565029,-31.535403],[-68.565056,-31.535374],[-68.565084,-31.535336],[-68.565115,-31.535284],[-68.565149,-31.53522],[-68.565181,-31.535157],[-68.565196,-31.535119],[-68.565199,-31.535111],[-68.565204,-31.535096],[-68.565214,-31.535047],[-68.565223,-31.535002],[-68.565227,-31.534963],[-68.56523,-31.534926],[-68.56523,-31.534878],[-68.565235,-31.534704],[-68.565235,-31.534675],[-68.565233,-31.534646],[-68.565223,-31.534609],[-68.565174,-31.534588],[-68.565129,-31.534575],[-68.565083,-31.534566],[-68.565036,-31.53456],[-68.565005,-31.534558],[-68.564975,-31.534558],[-68.564701,-31.534559],[-68.564504,-31.53456],[-68.564456,-31.534565],[-68.564413,-31.534577],[-68.564376,-31.534592],[-68.564338,-31.534611],[-68.564302,-31.534634],[-68.564263,-31.534662],[-68.564214,-31.5347],[-68.564172,-31.534728],[-68.564136,-31.53475],[-68.564101,-31.53476],[-68.564049,-31.534769],[-68.564012,-31.534773],[-68.563978,-31.534776]]]}},{"type":"Feature","properties":{"id":"m878","m2":2960},"geometry":{"type":"Polygon","coordinates":[[[-68.565223,-31.534609],[-68.565233,-31.534646],[-68.565235,-31.534675],[-68.565235,-31.534704],[-68.56523,-31.534878],[-68.56523,-31.534926],[-68.565227,-31.534963],[-68.565223,-31.535002],[-68.565214,-31.535047],[-68.565204,-31.535096],[-68.565199,-31.535111],[-68.565196,-31.535119],[-68.565181,-31.535157],[-68.565149,-31.53522],[-68.565115,-31.535284],[-68.565084,-31.535336],[-68.565056,-31.535374],[-68.565029,-31.535403],[-68.565011,-31.53542],[-68.565005,-31.535427],[-68.564987,-31.535446],[-68.564957,-31.535477],[-68.564947,-31.535488],[-68.564903,-31.535529],[-68.564845,-31.535569],[-68.564793,-31.535599],[-68.564689,-31.535653],[-68.564602,-31.535694],[-68.56456,-31.535715],[-68.564518,-31.535733],[-68.564476,-31.535746],[-68.564437,-31.535752],[-68.564351,-31.535761],[-68.564018,-31.535774],[-68.564042,-31.535792],[-68.564059,-31.535815],[-68.564068,-31.535842],[-68.564067,-31.53587],[-68.564064,-31.53588],[-68.564153,-31.535883],[-68.564195,-31.535884],[-68.564368,-31.535887],[-68.564406,-31.535886],[-68.564455,-31.535876],[-68.564495,-31.535864],[-68.564528,-31.535848],[-68.564559,-31.535827],[-68.564604,-31.535793],[-68.564644,-31.535765],[-68.564815,-31.53567],[-68.564852,-31.535648],[-68.564897,-31.535628],[-68.564946,-31.535612],[-68.565005,-31.535597],[-68.565061,-31.535582],[-68.565124,-31.535566],[-68.565187,-31.535551],[-68.56523,-31.535537],[-68.565271,-31.535517],[-68.565299,-31.5355],[-68.565327,-31.535475],[-68.565348,-31.535448],[-68.565353,-31.535436],[-68.565359,-31.535422],[-68.565361,-31.535409],[-68.565363,-31.535392],[-68.565363,-31.535364],[-68.565361,-31.535338],[-68.565355,-31.535302],[-68.565344,-31.53526],[-68.565326,-31.535201],[-68.565316,-31.53516],[-68.56531,-31.535124],[-68.565311,-31.535088],[-68.56532,-31.534989],[-68.565327,-31.534951],[-68.565336,-31.534917],[-68.56535,-31.534884],[-68.565363,-31.534858],[-68.565385,-31.53482],[-68.56541,-31.534781],[-68.565425,-31.534744],[-68.565428,-31.534718],[-68.565426,-31.534701],[-68.565414,-31.534682],[-68.565395,-31.534667],[-68.565355,-31.534647],[-68.565327,-31.53464],[-68.565286,-31.534629],[-68.565223,-31.534609]]]}},{"type":"Feature","properties":{"id":"m879","m2":818},"geometry":{"type":"Polygon","coordinates":[[[-68.593336,-31.530262],[-68.59332,-31.53033],[-68.59422,-31.530469],[-68.594304,-31.530482],[-68.594329,-31.530488],[-68.594352,-31.530498],[-68.594384,-31.530518],[-68.594409,-31.530536],[-68.594396,-31.530509],[-68.594389,-31.530482],[-68.594391,-31.530445],[-68.594408,-31.53041],[-68.594437,-31.530382],[-68.594387,-31.530398],[-68.594341,-31.530403],[-68.594296,-31.530405],[-68.594245,-31.530402],[-68.594226,-31.5304],[-68.594202,-31.530397],[-68.593794,-31.530334],[-68.593336,-31.530262]]]}},{"type":"Feature","properties":{"id":"m880","m2":27585},"geometry":{"type":"Polygon","coordinates":[[[-68.595909,-31.516148],[-68.595934,-31.516012],[-68.596063,-31.515244],[-68.596103,-31.515081],[-68.596235,-31.514296],[-68.595592,-31.51429],[-68.595256,-31.514286],[-68.595212,-31.514434],[-68.595196,-31.514456],[-68.595167,-31.514479],[-68.595131,-31.514495],[-68.595103,-31.514501],[-68.594607,-31.514489],[-68.594606,-31.51477],[-68.594537,-31.515172],[-68.59453,-31.51521],[-68.594423,-31.515838],[-68.594402,-31.515961],[-68.594517,-31.515975],[-68.595153,-31.516054],[-68.595768,-31.51613],[-68.595909,-31.516148]]]}},{"type":"Feature","properties":{"id":"m881","m2":12008},"geometry":{"type":"Polygon","coordinates":[[[-68.594402,-31.515961],[-68.594423,-31.515838],[-68.59453,-31.51521],[-68.594537,-31.515172],[-68.594606,-31.51477],[-68.594607,-31.514489],[-68.593819,-31.514469],[-68.59381,-31.514469],[-68.593781,-31.514468],[-68.59376,-31.51518],[-68.593759,-31.5152],[-68.593671,-31.515726],[-68.593647,-31.515868],[-68.594281,-31.515946],[-68.594402,-31.515961]]]}},{"type":"Feature","properties":{"id":"m882","m2":11855},"geometry":{"type":"Polygon","coordinates":[[[-68.593647,-31.515868],[-68.593671,-31.515726],[-68.593759,-31.5152],[-68.59376,-31.51518],[-68.591829,-31.515145],[-68.59182,-31.515544],[-68.591818,-31.515649],[-68.591856,-31.51565],[-68.592135,-31.515684],[-68.592694,-31.515751],[-68.593002,-31.515788],[-68.593647,-31.515868]]]}},{"type":"Feature","properties":{"id":"m883","m2":9102},"geometry":{"type":"Polygon","coordinates":[[[-68.58789,-31.516045],[-68.588876,-31.515944],[-68.589152,-31.515915],[-68.589147,-31.515807],[-68.589146,-31.51577],[-68.589135,-31.515537],[-68.58909,-31.515234],[-68.588319,-31.51531],[-68.587867,-31.515355],[-68.587884,-31.515891],[-68.587886,-31.515929],[-68.58789,-31.516045]]]}},{"type":"Feature","properties":{"id":"m884","m2":12467},"geometry":{"type":"Polygon","coordinates":[[[-68.587867,-31.515355],[-68.588319,-31.51531],[-68.588315,-31.515059],[-68.588576,-31.514279],[-68.588782,-31.513664],[-68.588071,-31.513491],[-68.587849,-31.514168],[-68.587737,-31.514509],[-68.587789,-31.514813],[-68.587857,-31.51521],[-68.587867,-31.515355]]]}},{"type":"Feature","properties":{"id":"m885","m2":20452},"geometry":{"type":"Polygon","coordinates":[[[-68.587789,-31.514813],[-68.587737,-31.514509],[-68.587849,-31.514168],[-68.588071,-31.513491],[-68.587445,-31.513338],[-68.587588,-31.512381],[-68.587537,-31.512369],[-68.587124,-31.512365],[-68.586835,-31.514304],[-68.586734,-31.514587],[-68.586716,-31.514788],[-68.587119,-31.514835],[-68.587789,-31.514813]]]}},{"type":"Feature","properties":{"id":"m886","m2":7410},"geometry":{"type":"Polygon","coordinates":[[[-68.588071,-31.513491],[-68.588229,-31.513024],[-68.588381,-31.512577],[-68.587588,-31.512381],[-68.587445,-31.513338],[-68.588071,-31.513491]]]}},{"type":"Feature","properties":{"id":"m887","m2":7618},"geometry":{"type":"Polygon","coordinates":[[[-68.588319,-31.51531],[-68.58909,-31.515234],[-68.589083,-31.515192],[-68.589168,-31.514931],[-68.589321,-31.514464],[-68.588576,-31.514279],[-68.588315,-31.515059],[-68.588319,-31.51531]]]}},{"type":"Feature","properties":{"id":"m888","m2":3321},"geometry":{"type":"Polygon","coordinates":[[[-68.590391,-31.514731],[-68.589321,-31.514464],[-68.589168,-31.514931],[-68.59036,-31.514809],[-68.590391,-31.514731]]]}},{"type":"Feature","properties":{"id":"m889","m2":5228},"geometry":{"type":"Polygon","coordinates":[[[-68.589321,-31.514464],[-68.589523,-31.513844],[-68.588782,-31.513664],[-68.588576,-31.514279],[-68.589321,-31.514464]]]}},{"type":"Feature","properties":{"id":"m890","m2":9643},"geometry":{"type":"Polygon","coordinates":[[[-68.590511,-31.51376],[-68.59054,-31.513728],[-68.590735,-31.513162],[-68.589465,-31.512848],[-68.589408,-31.512849],[-68.589376,-31.512886],[-68.589183,-31.513415],[-68.589196,-31.513459],[-68.589248,-31.513481],[-68.589569,-31.513559],[-68.589671,-31.513583],[-68.590442,-31.513769],[-68.590511,-31.51376]]]}},{"type":"Feature","properties":{"id":"m891","m2":3645},"geometry":{"type":"Polygon","coordinates":[[[-68.610111,-31.520177],[-68.610178,-31.519621],[-68.609337,-31.519553],[-68.609379,-31.519838],[-68.609444,-31.519904],[-68.610111,-31.520177]]]}},{"type":"Feature","properties":{"id":"m892","m2":5592},"geometry":{"type":"Polygon","coordinates":[[[-68.610178,-31.519621],[-68.610245,-31.519048],[-68.609349,-31.518974],[-68.609254,-31.518985],[-68.609337,-31.519553],[-68.610178,-31.519621]]]}},{"type":"Feature","properties":{"id":"m893","m2":6773},"geometry":{"type":"Polygon","coordinates":[[[-68.610245,-31.519048],[-68.610277,-31.518788],[-68.610317,-31.518457],[-68.609163,-31.518361],[-68.609196,-31.518588],[-68.609254,-31.518985],[-68.609349,-31.518974],[-68.610245,-31.519048]]]}},{"type":"Feature","properties":{"id":"m894","m2":2706},"geometry":{"type":"Polygon","coordinates":[[[-68.564668,-31.524452],[-68.564743,-31.524468],[-68.565164,-31.524559],[-68.565422,-31.524608],[-68.565597,-31.524636],[-68.565916,-31.524671],[-68.566106,-31.524685],[-68.56631,-31.524695],[-68.566559,-31.524703],[-68.567167,-31.524719],[-68.567316,-31.524723],[-68.567324,-31.524631],[-68.567175,-31.524627],[-68.566676,-31.524613],[-68.566459,-31.524607],[-68.566258,-31.524595],[-68.566044,-31.524584],[-68.565914,-31.524573],[-68.565673,-31.524544],[-68.56539,-31.524498],[-68.565114,-31.524447],[-68.56494,-31.524412],[-68.564686,-31.524358],[-68.564668,-31.524452]]]}},{"type":"Feature","properties":{"id":"m895","m2":17791},"geometry":{"type":"Polygon","coordinates":[[[-68.593074,-31.543196],[-68.592961,-31.543235],[-68.592907,-31.543253],[-68.591631,-31.543686],[-68.591891,-31.544257],[-68.592148,-31.544794],[-68.59317,-31.544449],[-68.593218,-31.544432],[-68.593329,-31.544393],[-68.593315,-31.544329],[-68.593109,-31.543361],[-68.593074,-31.543196]]]}},{"type":"Feature","properties":{"id":"m896","m2":9861},"geometry":{"type":"Polygon","coordinates":[[[-68.593074,-31.543196],[-68.592951,-31.542615],[-68.592792,-31.54267],[-68.592216,-31.542866],[-68.591386,-31.543147],[-68.591631,-31.543686],[-68.592907,-31.543253],[-68.592961,-31.543235],[-68.593074,-31.543196]]]}},{"type":"Feature","properties":{"id":"m897","m2":10377},"geometry":{"type":"Polygon","coordinates":[[[-68.591631,-31.543686],[-68.590199,-31.544171],[-68.590329,-31.544784],[-68.591891,-31.544257],[-68.591631,-31.543686]]]}},{"type":"Feature","properties":{"id":"m898","m2":9365},"geometry":{"type":"Polygon","coordinates":[[[-68.591631,-31.543686],[-68.591386,-31.543147],[-68.589956,-31.543632],[-68.590199,-31.544171],[-68.591631,-31.543686]]]}},{"type":"Feature","properties":{"id":"m899","m2":9349},"geometry":{"type":"Polygon","coordinates":[[[-68.590199,-31.544171],[-68.590007,-31.544236],[-68.589859,-31.544286],[-68.588785,-31.54465],[-68.589045,-31.545221],[-68.590121,-31.544854],[-68.590329,-31.544784],[-68.590199,-31.544171]]]}},{"type":"Feature","properties":{"id":"m900","m2":9253},"geometry":{"type":"Polygon","coordinates":[[[-68.590199,-31.544171],[-68.589956,-31.543632],[-68.58854,-31.544113],[-68.588785,-31.54465],[-68.589859,-31.544286],[-68.590007,-31.544236],[-68.590199,-31.544171]]]}},{"type":"Feature","properties":{"id":"m901","m2":8032},"geometry":{"type":"Polygon","coordinates":[[[-68.590121,-31.544854],[-68.589045,-31.545221],[-68.589291,-31.545759],[-68.590452,-31.545367],[-68.590329,-31.544784],[-68.590121,-31.544854]]]}},{"type":"Feature","properties":{"id":"m902","m2":14705},"geometry":{"type":"Polygon","coordinates":[[[-68.589045,-31.545221],[-68.587447,-31.545762],[-68.587202,-31.545837],[-68.586838,-31.545943],[-68.58702,-31.546529],[-68.587373,-31.546408],[-68.587661,-31.54631],[-68.588324,-31.546086],[-68.589076,-31.545832],[-68.589291,-31.545759],[-68.589045,-31.545221]]]}},{"type":"Feature","properties":{"id":"m903","m2":11122},"geometry":{"type":"Polygon","coordinates":[[[-68.589045,-31.545221],[-68.588785,-31.54465],[-68.587176,-31.545196],[-68.587447,-31.545762],[-68.589045,-31.545221]]]}},{"type":"Feature","properties":{"id":"m904","m2":3802},"geometry":{"type":"Polygon","coordinates":[[[-68.587447,-31.545762],[-68.587176,-31.545196],[-68.587025,-31.545247],[-68.58666,-31.545369],[-68.586838,-31.545943],[-68.587202,-31.545837],[-68.587447,-31.545762]]]}},{"type":"Feature","properties":{"id":"m905","m2":6029},"geometry":{"type":"Polygon","coordinates":[[[-68.591132,-31.542592],[-68.591386,-31.543147],[-68.592216,-31.542866],[-68.592091,-31.54227],[-68.591132,-31.542592]]]}},{"type":"Feature","properties":{"id":"m906","m2":9635},"geometry":{"type":"Polygon","coordinates":[[[-68.591132,-31.542592],[-68.589707,-31.543078],[-68.589956,-31.543632],[-68.591386,-31.543147],[-68.591132,-31.542592]]]}},{"type":"Feature","properties":{"id":"m907","m2":14013},"geometry":{"type":"Polygon","coordinates":[[[-68.591132,-31.542592],[-68.590979,-31.542255],[-68.590849,-31.542135],[-68.590751,-31.542044],[-68.590611,-31.541913],[-68.589591,-31.541903],[-68.589538,-31.542446],[-68.58953,-31.542686],[-68.589669,-31.542994],[-68.589707,-31.543078],[-68.591132,-31.542592]]]}},{"type":"Feature","properties":{"id":"m908","m2":10715},"geometry":{"type":"Polygon","coordinates":[[[-68.591891,-31.544257],[-68.590329,-31.544784],[-68.590452,-31.545367],[-68.592148,-31.544794],[-68.591891,-31.544257]]]}},{"type":"Feature","properties":{"id":"m909","m2":9875},"geometry":{"type":"Polygon","coordinates":[[[-68.592148,-31.544794],[-68.592515,-31.545429],[-68.592583,-31.545517],[-68.593341,-31.545293],[-68.593509,-31.545244],[-68.593355,-31.544519],[-68.593329,-31.544393],[-68.593218,-31.544432],[-68.59317,-31.544449],[-68.592148,-31.544794]]]}},{"type":"Feature","properties":{"id":"m910","m2":16475},"geometry":{"type":"Polygon","coordinates":[[[-68.592148,-31.544794],[-68.590452,-31.545367],[-68.590451,-31.546147],[-68.592361,-31.545583],[-68.592583,-31.545517],[-68.592515,-31.545429],[-68.592148,-31.544794]]]}},{"type":"Feature","properties":{"id":"m911","m2":1515},"geometry":{"type":"Polygon","coordinates":[[[-68.592583,-31.545517],[-68.592686,-31.545648],[-68.59288,-31.545591],[-68.593542,-31.545396],[-68.593509,-31.545244],[-68.593341,-31.545293],[-68.592583,-31.545517]]]}},{"type":"Feature","properties":{"id":"m912","m2":3664},"geometry":{"type":"Polygon","coordinates":[[[-68.592583,-31.545517],[-68.592361,-31.545583],[-68.590451,-31.546147],[-68.590443,-31.546307],[-68.590588,-31.546264],[-68.591183,-31.546089],[-68.59196,-31.545861],[-68.592686,-31.545648],[-68.592583,-31.545517]]]}},{"type":"Feature","properties":{"id":"m913","m2":7769},"geometry":{"type":"Polygon","coordinates":[[[-68.592686,-31.545648],[-68.592754,-31.545735],[-68.59301,-31.546492],[-68.593595,-31.546347],[-68.593628,-31.546339],[-68.593736,-31.546312],[-68.593725,-31.546258],[-68.593542,-31.545396],[-68.59288,-31.545591],[-68.592686,-31.545648]]]}},{"type":"Feature","properties":{"id":"m914","m2":7394},"geometry":{"type":"Polygon","coordinates":[[[-68.592686,-31.545648],[-68.59196,-31.545861],[-68.592237,-31.546687],[-68.592837,-31.546536],[-68.59301,-31.546492],[-68.592754,-31.545735],[-68.592686,-31.545648]]]}},{"type":"Feature","properties":{"id":"m915","m2":5827},"geometry":{"type":"Polygon","coordinates":[[[-68.59301,-31.546492],[-68.592837,-31.546536],[-68.592237,-31.546687],[-68.59146,-31.546875],[-68.590574,-31.547097],[-68.590646,-31.547309],[-68.59084,-31.54726],[-68.591368,-31.547129],[-68.593058,-31.546707],[-68.59301,-31.546492]]]}},{"type":"Feature","properties":{"id":"m916","m2":1732},"geometry":{"type":"Polygon","coordinates":[[[-68.59301,-31.546492],[-68.593058,-31.546707],[-68.593186,-31.546676],[-68.593675,-31.546553],[-68.593782,-31.546527],[-68.593736,-31.546312],[-68.593628,-31.546339],[-68.593595,-31.546347],[-68.59301,-31.546492]]]}},{"type":"Feature","properties":{"id":"m917","m2":9767},"geometry":{"type":"Polygon","coordinates":[[[-68.590452,-31.545367],[-68.589291,-31.545759],[-68.589076,-31.545832],[-68.589327,-31.546457],[-68.590451,-31.546147],[-68.590452,-31.545367]]]}},{"type":"Feature","properties":{"id":"m918","m2":5511},"geometry":{"type":"Polygon","coordinates":[[[-68.589076,-31.545832],[-68.588324,-31.546086],[-68.588562,-31.546685],[-68.589327,-31.546457],[-68.589076,-31.545832]]]}},{"type":"Feature","properties":{"id":"m919","m2":4638},"geometry":{"type":"Polygon","coordinates":[[[-68.588324,-31.546086],[-68.587661,-31.54631],[-68.587895,-31.546883],[-68.588562,-31.546685],[-68.588324,-31.546086]]]}},{"type":"Feature","properties":{"id":"m920","m2":4538},"geometry":{"type":"Polygon","coordinates":[[[-68.587661,-31.54631],[-68.587373,-31.546408],[-68.58702,-31.546529],[-68.587204,-31.54712],[-68.587552,-31.546986],[-68.587895,-31.546883],[-68.587661,-31.54631]]]}},{"type":"Feature","properties":{"id":"m921","m2":12026},"geometry":{"type":"Polygon","coordinates":[[[-68.593058,-31.546707],[-68.591368,-31.547129],[-68.591589,-31.547767],[-68.592381,-31.54757],[-68.59319,-31.547368],[-68.593058,-31.546707]]]}},{"type":"Feature","properties":{"id":"m922","m2":25724},"geometry":{"type":"Polygon","coordinates":[[[-68.59319,-31.547368],[-68.592381,-31.54757],[-68.591589,-31.547767],[-68.591368,-31.547129],[-68.59084,-31.54726],[-68.590646,-31.547309],[-68.590692,-31.547442],[-68.590896,-31.548028],[-68.591099,-31.54861],[-68.591107,-31.548634],[-68.591121,-31.548675],[-68.591161,-31.548786],[-68.593356,-31.548121],[-68.593332,-31.548014],[-68.593322,-31.547968],[-68.59319,-31.547368]]]}},{"type":"Feature","properties":{"id":"m923","m2":5942},"geometry":{"type":"Polygon","coordinates":[[[-68.590646,-31.547309],[-68.589925,-31.547488],[-68.590175,-31.548208],[-68.590896,-31.548028],[-68.590692,-31.547442],[-68.590646,-31.547309]]]}},{"type":"Feature","properties":{"id":"m924","m2":4268},"geometry":{"type":"Polygon","coordinates":[[[-68.590646,-31.547309],[-68.590574,-31.547097],[-68.588826,-31.547527],[-68.588895,-31.547745],[-68.58904,-31.547708],[-68.589925,-31.547488],[-68.590646,-31.547309]]]}},{"type":"Feature","properties":{"id":"m925","m2":15626},"geometry":{"type":"Polygon","coordinates":[[[-68.590896,-31.548028],[-68.590175,-31.548208],[-68.589142,-31.548467],[-68.589344,-31.549056],[-68.589392,-31.549069],[-68.589586,-31.549123],[-68.589591,-31.549132],[-68.589652,-31.549242],[-68.589791,-31.5492],[-68.590675,-31.548933],[-68.59101,-31.548831],[-68.591161,-31.548786],[-68.591121,-31.548675],[-68.591107,-31.548634],[-68.591099,-31.54861],[-68.590896,-31.548028]]]}},{"type":"Feature","properties":{"id":"m926","m2":10877},"geometry":{"type":"Polygon","coordinates":[[[-68.589392,-31.549069],[-68.589344,-31.549056],[-68.589207,-31.549074],[-68.588579,-31.549158],[-68.588228,-31.549204],[-68.587885,-31.549325],[-68.587035,-31.549434],[-68.587059,-31.549521],[-68.587183,-31.549989],[-68.589652,-31.549242],[-68.589591,-31.549132],[-68.589586,-31.549123],[-68.589392,-31.549069]]]}},{"type":"Feature","properties":{"id":"m927","m2":8515},"geometry":{"type":"Polygon","coordinates":[[[-68.590175,-31.548208],[-68.589925,-31.547488],[-68.58904,-31.547708],[-68.588895,-31.547745],[-68.588942,-31.547881],[-68.589142,-31.548467],[-68.590175,-31.548208]]]}},{"type":"Feature","properties":{"id":"m928","m2":10374},"geometry":{"type":"Polygon","coordinates":[[[-68.589142,-31.548467],[-68.588942,-31.547881],[-68.588895,-31.547745],[-68.588206,-31.547916],[-68.588579,-31.549158],[-68.589207,-31.549074],[-68.589344,-31.549056],[-68.589142,-31.548467]]]}},{"type":"Feature","properties":{"id":"m929","m2":3156},"geometry":{"type":"Polygon","coordinates":[[[-68.588206,-31.547916],[-68.588895,-31.547745],[-68.588826,-31.547527],[-68.588699,-31.547559],[-68.587797,-31.547787],[-68.587476,-31.547989],[-68.587507,-31.548087],[-68.587862,-31.548002],[-68.588206,-31.547916]]]}},{"type":"Feature","properties":{"id":"m930","m2":9620},"geometry":{"type":"Polygon","coordinates":[[[-68.588206,-31.547916],[-68.587862,-31.548002],[-68.587507,-31.548087],[-68.587885,-31.549325],[-68.588228,-31.549204],[-68.588579,-31.549158],[-68.588206,-31.547916]]]}},{"type":"Feature","properties":{"id":"m931","m2":2101},"geometry":{"type":"Polygon","coordinates":[[[-68.586941,-31.525028],[-68.587574,-31.52508],[-68.587621,-31.525081],[-68.587639,-31.525072],[-68.587646,-31.525042],[-68.587646,-31.524999],[-68.587643,-31.524933],[-68.587643,-31.524888],[-68.587656,-31.524861],[-68.587672,-31.524842],[-68.587711,-31.524818],[-68.587651,-31.5248],[-68.58759,-31.524773],[-68.587544,-31.524753],[-68.587499,-31.524751],[-68.587008,-31.524773],[-68.586941,-31.525028]]]}},{"type":"Feature","properties":{"id":"m932","m2":14083},"geometry":{"type":"Polygon","coordinates":[[[-68.587008,-31.524773],[-68.587499,-31.524751],[-68.587544,-31.524753],[-68.58759,-31.524773],[-68.587651,-31.5248],[-68.587711,-31.524818],[-68.589034,-31.524776],[-68.589001,-31.524039],[-68.587154,-31.524153],[-68.587008,-31.524773]]]}},{"type":"Feature","properties":{"id":"m933","m2":10987},"geometry":{"type":"Polygon","coordinates":[[[-68.587154,-31.524153],[-68.589001,-31.524039],[-68.588972,-31.523532],[-68.588968,-31.523511],[-68.588955,-31.523488],[-68.58893,-31.52347],[-68.588905,-31.523457],[-68.588875,-31.523451],[-68.587329,-31.523553],[-68.587302,-31.523565],[-68.587279,-31.523588],[-68.58727,-31.523619],[-68.587154,-31.524153]]]}},{"type":"Feature","properties":{"id":"m934","m2":9743},"geometry":{"type":"Polygon","coordinates":[[[-68.589034,-31.524776],[-68.590158,-31.524765],[-68.590176,-31.524756],[-68.590191,-31.524743],[-68.590203,-31.524724],[-68.590237,-31.524045],[-68.590231,-31.524016],[-68.590216,-31.52399],[-68.590187,-31.523974],[-68.590153,-31.523969],[-68.590119,-31.523969],[-68.589444,-31.524011],[-68.589001,-31.524039],[-68.589034,-31.524776]]]}},{"type":"Feature","properties":{"id":"m935","m2":3045},"geometry":{"type":"Polygon","coordinates":[[[-68.600449,-31.529947],[-68.600404,-31.529865],[-68.600152,-31.529961],[-68.599662,-31.53015],[-68.599102,-31.530363],[-68.598876,-31.530451],[-68.598773,-31.530489],[-68.598693,-31.530517],[-68.598619,-31.530542],[-68.598532,-31.530569],[-68.598446,-31.530595],[-68.598366,-31.530619],[-68.598256,-31.530653],[-68.598184,-31.530674],[-68.598087,-31.530702],[-68.597996,-31.53073],[-68.597922,-31.530752],[-68.597832,-31.53078],[-68.597773,-31.5308],[-68.597739,-31.530812],[-68.597686,-31.53083],[-68.597643,-31.530843],[-68.597617,-31.53085],[-68.597587,-31.530854],[-68.597554,-31.530855],[-68.597519,-31.530854],[-68.59742,-31.530842],[-68.59747,-31.530876],[-68.597501,-31.530916],[-68.597514,-31.530963],[-68.597509,-31.53101],[-68.597486,-31.531054],[-68.597547,-31.530995],[-68.59758,-31.530967],[-68.597598,-31.530957],[-68.597625,-31.530942],[-68.597709,-31.530904],[-68.597761,-31.53089],[-68.5979,-31.530854],[-68.598011,-31.530822],[-68.598181,-31.530769],[-68.598355,-31.530716],[-68.598514,-31.530671],[-68.598727,-31.530605],[-68.598875,-31.530551],[-68.599027,-31.530493],[-68.599239,-31.530411],[-68.599525,-31.530299],[-68.599976,-31.530127],[-68.600194,-31.530045],[-68.600449,-31.529947]]]}},{"type":"Feature","properties":{"id":"m936","m2":3042},"geometry":{"type":"Polygon","coordinates":[[[-68.600449,-31.529947],[-68.600709,-31.529846],[-68.600758,-31.529827],[-68.603014,-31.528964],[-68.603352,-31.528833],[-68.603313,-31.528748],[-68.602974,-31.528879],[-68.600668,-31.529764],[-68.600611,-31.529786],[-68.600404,-31.529865],[-68.600449,-31.529947]]]}},{"type":"Feature","properties":{"id":"m937","m2":1317},"geometry":{"type":"Polygon","coordinates":[[[-68.603322,-31.529069],[-68.603276,-31.529132],[-68.603217,-31.529223],[-68.603049,-31.529925],[-68.603207,-31.529946],[-68.603274,-31.529652],[-68.603372,-31.529184],[-68.603373,-31.529161],[-68.603322,-31.529069]]]}},{"type":"Feature","properties":{"id":"m938","m2":2257},"geometry":{"type":"Polygon","coordinates":[[[-68.576463,-31.531871],[-68.57646,-31.531902],[-68.576464,-31.531925],[-68.576478,-31.531955],[-68.5765,-31.531978],[-68.576531,-31.531995],[-68.576568,-31.532009],[-68.576623,-31.532017],[-68.57719,-31.532063],[-68.577177,-31.531673],[-68.576599,-31.531764],[-68.576551,-31.531775],[-68.576516,-31.531789],[-68.576488,-31.531812],[-68.576471,-31.531841],[-68.576463,-31.531871]]]}},{"type":"Feature","properties":{"id":"m939","m2":9904},"geometry":{"type":"Polygon","coordinates":[[[-68.577177,-31.531673],[-68.57719,-31.532063],[-68.577807,-31.532113],[-68.577875,-31.532117],[-68.577963,-31.532121],[-68.578035,-31.532119],[-68.578122,-31.53211],[-68.578253,-31.532091],[-68.57884,-31.532008],[-68.578907,-31.532003],[-68.57896,-31.531998],[-68.579001,-31.532001],[-68.578964,-31.531965],[-68.578944,-31.531922],[-68.578931,-31.531841],[-68.578926,-31.531756],[-68.578923,-31.531693],[-68.578928,-31.531661],[-68.578938,-31.531633],[-68.578947,-31.531612],[-68.578951,-31.531576],[-68.578947,-31.531559],[-68.578937,-31.531533],[-68.578918,-31.531507],[-68.578893,-31.531481],[-68.578863,-31.531458],[-68.578835,-31.53144],[-68.578786,-31.531426],[-68.577177,-31.531673]]]}},{"type":"Feature","properties":{"id":"m940","m2":1393},"geometry":{"type":"Polygon","coordinates":[[[-68.552395,-31.537915],[-68.552573,-31.537924],[-68.553479,-31.53797],[-68.553486,-31.537851],[-68.552668,-31.537801],[-68.552447,-31.53779],[-68.552395,-31.537915]]]}},{"type":"Feature","properties":{"id":"m941","m2":6936},"geometry":{"type":"Polygon","coordinates":[[[-68.589182,-31.512489],[-68.589849,-31.512653],[-68.590151,-31.511746],[-68.589477,-31.511579],[-68.589306,-31.512107],[-68.589182,-31.512489]]]}},{"type":"Feature","properties":{"id":"m942","m2":5214},"geometry":{"type":"Polygon","coordinates":[[[-68.589306,-31.512107],[-68.589477,-31.511579],[-68.589547,-31.511365],[-68.588799,-31.511364],[-68.5886,-31.51193],[-68.589306,-31.512107]]]}},{"type":"Feature","properties":{"id":"m943","m2":5917},"geometry":{"type":"Polygon","coordinates":[[[-68.587124,-31.512365],[-68.58672,-31.512361],[-68.586683,-31.514308],[-68.586734,-31.514587],[-68.586835,-31.514304],[-68.587124,-31.512365]]]}},{"type":"Feature","properties":{"id":"m944","m2":9059},"geometry":{"type":"Polygon","coordinates":[[[-68.58246,-31.512774],[-68.582463,-31.513358],[-68.58262,-31.513356],[-68.583727,-31.513342],[-68.583835,-31.513341],[-68.58389,-31.513326],[-68.583954,-31.513304],[-68.583936,-31.513291],[-68.583925,-31.513261],[-68.583919,-31.513228],[-68.583918,-31.513164],[-68.583923,-31.513035],[-68.583944,-31.512937],[-68.583976,-31.512873],[-68.584009,-31.512838],[-68.584055,-31.512816],[-68.584,-31.512789],[-68.583969,-31.512776],[-68.583932,-31.512766],[-68.583847,-31.512763],[-68.58246,-31.512774]]]}},{"type":"Feature","properties":{"id":"m945","m2":1259},"geometry":{"type":"Polygon","coordinates":[[[-68.584055,-31.512816],[-68.584009,-31.512838],[-68.583976,-31.512873],[-68.583944,-31.512937],[-68.583923,-31.513035],[-68.583918,-31.513164],[-68.583919,-31.513228],[-68.583925,-31.513261],[-68.583936,-31.513291],[-68.583954,-31.513304],[-68.583977,-31.513295],[-68.583988,-31.51329],[-68.584005,-31.513283],[-68.584047,-31.513263],[-68.584124,-31.513218],[-68.584207,-31.513158],[-68.584281,-31.513091],[-68.584296,-31.513058],[-68.584288,-31.513016],[-68.584213,-31.512926],[-68.584159,-31.512881],[-68.584126,-31.512854],[-68.584093,-31.512835],[-68.584084,-31.51283],[-68.584055,-31.512816]]]}},{"type":"Feature","properties":{"id":"m946","m2":10440},"geometry":{"type":"Polygon","coordinates":[[[-68.59568,-31.532571],[-68.595098,-31.532491],[-68.594375,-31.532396],[-68.594315,-31.532388],[-68.594266,-31.532381],[-68.594218,-31.532375],[-68.594078,-31.532888],[-68.594045,-31.53301],[-68.594129,-31.533022],[-68.594144,-31.533024],[-68.594204,-31.533033],[-68.595557,-31.533225],[-68.595572,-31.533149],[-68.595662,-31.532669],[-68.59568,-31.532571]]]}},{"type":"Feature","properties":{"id":"m947","m2":3070},"geometry":{"type":"Polygon","coordinates":[[[-68.551325,-31.537853],[-68.551609,-31.537875],[-68.551639,-31.537876],[-68.551819,-31.537885],[-68.551854,-31.53776],[-68.551659,-31.537752],[-68.551563,-31.537746],[-68.551169,-31.537726],[-68.549327,-31.537588],[-68.549296,-31.537696],[-68.549551,-31.537716],[-68.551325,-31.537853]]]}},{"type":"Feature","properties":{"id":"m948","m2":1433},"geometry":{"type":"Polygon","coordinates":[[[-68.549837,-31.532161],[-68.549714,-31.532201],[-68.549682,-31.532212],[-68.549121,-31.532396],[-68.548988,-31.53244],[-68.548574,-31.532575],[-68.5486,-31.532674],[-68.549487,-31.532383],[-68.54984,-31.532268],[-68.549864,-31.53226],[-68.549837,-31.532161]]]}},{"type":"Feature","properties":{"id":"m949","m2":12035},"geometry":{"type":"Polygon","coordinates":[[[-68.549837,-31.532161],[-68.549808,-31.532054],[-68.549674,-31.531397],[-68.548353,-31.531626],[-68.548574,-31.532575],[-68.548988,-31.53244],[-68.548972,-31.532364],[-68.548971,-31.532359],[-68.54895,-31.532252],[-68.54897,-31.532236],[-68.549003,-31.532226],[-68.549028,-31.532226],[-68.549053,-31.532232],[-68.549067,-31.532239],[-68.549094,-31.532318],[-68.549096,-31.532323],[-68.549121,-31.532396],[-68.549682,-31.532212],[-68.549714,-31.532201],[-68.549837,-31.532161]]]}},{"type":"Feature","properties":{"id":"m950","m2":16705},"geometry":{"type":"Polygon","coordinates":[[[-68.556515,-31.536583],[-68.555917,-31.537873],[-68.55591,-31.537889],[-68.55586,-31.537996],[-68.556059,-31.538008],[-68.557156,-31.538064],[-68.557175,-31.537968],[-68.557425,-31.536667],[-68.556654,-31.536598],[-68.556522,-31.536586],[-68.556515,-31.536583]]]}},{"type":"Feature","properties":{"id":"m951","m2":2200},"geometry":{"type":"Polygon","coordinates":[[[-68.55586,-31.537996],[-68.555817,-31.538089],[-68.556055,-31.538101],[-68.556079,-31.538103],[-68.556779,-31.538139],[-68.557527,-31.538177],[-68.557898,-31.538199],[-68.558048,-31.53822],[-68.558065,-31.538121],[-68.557959,-31.538111],[-68.557867,-31.538105],[-68.557532,-31.538083],[-68.557156,-31.538064],[-68.556059,-31.538008],[-68.55586,-31.537996]]]}},{"type":"Feature","properties":{"id":"m952","m2":11173},"geometry":{"type":"Polygon","coordinates":[[[-68.56636,-31.534614],[-68.566241,-31.535311],[-68.566194,-31.535629],[-68.56618,-31.535722],[-68.567133,-31.535595],[-68.567161,-31.535517],[-68.567338,-31.53452],[-68.567241,-31.534494],[-68.56636,-31.534614]]]}},{"type":"Feature","properties":{"id":"m953","m2":15970},"geometry":{"type":"Polygon","coordinates":[[[-68.567338,-31.53452],[-68.567433,-31.534546],[-68.568534,-31.53434],[-68.568675,-31.534314],[-68.568674,-31.534295],[-68.56867,-31.534254],[-68.56857,-31.533543],[-68.56853,-31.533255],[-68.567395,-31.533179],[-68.567333,-31.533847],[-68.567402,-31.534161],[-68.567338,-31.53452]]]}},{"type":"Feature","properties":{"id":"m954","m2":9273},"geometry":{"type":"Polygon","coordinates":[[[-68.586367,-31.541875],[-68.586612,-31.542703],[-68.587832,-31.542417],[-68.587649,-31.541886],[-68.586367,-31.541875]]]}},{"type":"Feature","properties":{"id":"m955","m2":7794},"geometry":{"type":"Polygon","coordinates":[[[-68.587649,-31.541886],[-68.587832,-31.542417],[-68.588013,-31.542957],[-68.588712,-31.542723],[-68.588433,-31.541893],[-68.587649,-31.541886]]]}},{"type":"Feature","properties":{"id":"m956","m2":6956},"geometry":{"type":"Polygon","coordinates":[[[-68.588433,-31.541893],[-68.588712,-31.542723],[-68.589474,-31.542467],[-68.589525,-31.541903],[-68.588433,-31.541893]]]}},{"type":"Feature","properties":{"id":"m957","m2":8324},"geometry":{"type":"Polygon","coordinates":[[[-68.587078,-31.54327],[-68.588013,-31.542957],[-68.587832,-31.542417],[-68.586612,-31.542703],[-68.586808,-31.54336],[-68.587078,-31.54327]]]}},{"type":"Feature","properties":{"id":"m958","m2":9047},"geometry":{"type":"Polygon","coordinates":[[[-68.587078,-31.54327],[-68.586808,-31.54336],[-68.586999,-31.543995],[-68.587103,-31.543959],[-68.587345,-31.543874],[-68.588281,-31.543545],[-68.588013,-31.542957],[-68.587078,-31.54327]]]}},{"type":"Feature","properties":{"id":"m959","m2":10273},"geometry":{"type":"Polygon","coordinates":[[[-68.588013,-31.542957],[-68.588281,-31.543545],[-68.589707,-31.543078],[-68.589669,-31.542994],[-68.58953,-31.542686],[-68.589499,-31.542611],[-68.589481,-31.542542],[-68.589474,-31.542467],[-68.588712,-31.542723],[-68.588013,-31.542957]]]}},{"type":"Feature","properties":{"id":"m960","m2":9071},"geometry":{"type":"Polygon","coordinates":[[[-68.587345,-31.543874],[-68.587103,-31.543959],[-68.586999,-31.543995],[-68.587173,-31.544577],[-68.58854,-31.544113],[-68.588281,-31.543545],[-68.587345,-31.543874]]]}},{"type":"Feature","properties":{"id":"m961","m2":9672},"geometry":{"type":"Polygon","coordinates":[[[-68.588281,-31.543545],[-68.58854,-31.544113],[-68.589956,-31.543632],[-68.589707,-31.543078],[-68.588281,-31.543545]]]}},{"type":"Feature","properties":{"id":"m962","m2":13842},"geometry":{"type":"Polygon","coordinates":[[[-68.586856,-31.544687],[-68.586794,-31.544704],[-68.586717,-31.544711],[-68.586614,-31.544704],[-68.586475,-31.544687],[-68.586446,-31.544679],[-68.58666,-31.545369],[-68.587025,-31.545247],[-68.587176,-31.545196],[-68.588785,-31.54465],[-68.58854,-31.544113],[-68.587173,-31.544577],[-68.586856,-31.544687]]]}},{"type":"Feature","properties":{"id":"m963","m2":14477},"geometry":{"type":"Polygon","coordinates":[[[-68.590574,-31.547097],[-68.590533,-31.546976],[-68.590432,-31.546646],[-68.590434,-31.546571],[-68.590437,-31.546445],[-68.590443,-31.546307],[-68.588615,-31.546843],[-68.588826,-31.547527],[-68.590574,-31.547097]]]}},{"type":"Feature","properties":{"id":"m964","m2":7513},"geometry":{"type":"Polygon","coordinates":[[[-68.590574,-31.547097],[-68.59146,-31.546875],[-68.591183,-31.546089],[-68.590588,-31.546264],[-68.590443,-31.546307],[-68.590437,-31.546445],[-68.590434,-31.546571],[-68.590432,-31.546646],[-68.590533,-31.546976],[-68.590574,-31.547097]]]}},{"type":"Feature","properties":{"id":"m965","m2":3333},"geometry":{"type":"Polygon","coordinates":[[[-68.590443,-31.546307],[-68.590451,-31.546147],[-68.589327,-31.546457],[-68.588562,-31.546685],[-68.588615,-31.546843],[-68.590443,-31.546307]]]}},{"type":"Feature","properties":{"id":"m966","m2":900},"geometry":{"type":"Polygon","coordinates":[[[-68.576513,-31.528257],[-68.576635,-31.52826],[-68.576727,-31.528261],[-68.576893,-31.528265],[-68.577537,-31.528278],[-68.577642,-31.52828],[-68.577655,-31.528205],[-68.577539,-31.528203],[-68.577506,-31.528202],[-68.576635,-31.528185],[-68.576513,-31.528182],[-68.576513,-31.528257]]]}},{"type":"Feature","properties":{"id":"m967","m2":6870},"geometry":{"type":"Polygon","coordinates":[[[-68.55151,-31.513073],[-68.550557,-31.51304],[-68.550547,-31.513114],[-68.550524,-31.513205],[-68.550491,-31.513272],[-68.550436,-31.513333],[-68.550387,-31.513379],[-68.55084,-31.514019],[-68.550896,-31.513976],[-68.550968,-31.513925],[-68.551072,-31.513834],[-68.551153,-31.513748],[-68.551215,-31.51366],[-68.551262,-31.513583],[-68.551321,-31.513476],[-68.55151,-31.513073]]]}},{"type":"Feature","properties":{"id":"m968","m2":6798},"geometry":{"type":"Polygon","coordinates":[[[-68.550758,-31.514064],[-68.550317,-31.513414],[-68.550234,-31.513436],[-68.550171,-31.513444],[-68.550096,-31.513447],[-68.550017,-31.513436],[-68.549879,-31.513401],[-68.549668,-31.51376],[-68.549601,-31.513901],[-68.549567,-31.51398],[-68.549536,-31.514075],[-68.549625,-31.514104],[-68.54976,-31.514139],[-68.549907,-31.514174],[-68.550037,-31.514185],[-68.550151,-31.514187],[-68.550286,-31.51418],[-68.550396,-31.514168],[-68.550519,-31.514141],[-68.550633,-31.514109],[-68.550758,-31.514064]]]}},{"type":"Feature","properties":{"id":"m969","m2":2393},"geometry":{"type":"Polygon","coordinates":[[[-68.550557,-31.51304],[-68.55005,-31.513023],[-68.549998,-31.51303],[-68.549962,-31.513052],[-68.549939,-31.51309],[-68.549896,-31.513342],[-68.549879,-31.513401],[-68.550017,-31.513436],[-68.550096,-31.513447],[-68.550171,-31.513444],[-68.550234,-31.513436],[-68.550317,-31.513414],[-68.550387,-31.513379],[-68.550436,-31.513333],[-68.550491,-31.513272],[-68.550524,-31.513205],[-68.550547,-31.513114],[-68.550557,-31.51304]]]}},{"type":"Feature","properties":{"id":"m970","m2":13626},"geometry":{"type":"Polygon","coordinates":[[[-68.561656,-31.533416],[-68.562673,-31.533291],[-68.56292,-31.53199],[-68.562803,-31.532004],[-68.562713,-31.532015],[-68.561902,-31.532114],[-68.561656,-31.533416]]]}},{"type":"Feature","properties":{"id":"m971","m2":16256},"geometry":{"type":"Polygon","coordinates":[[[-68.561902,-31.532114],[-68.562142,-31.530843],[-68.562134,-31.530797],[-68.560885,-31.530949],[-68.56071,-31.530971],[-68.560924,-31.532108],[-68.560947,-31.532229],[-68.561902,-31.532114]]]}},{"type":"Feature","properties":{"id":"m972","m2":13836},"geometry":{"type":"Polygon","coordinates":[[[-68.561902,-31.532114],[-68.562713,-31.532015],[-68.562803,-31.532004],[-68.56292,-31.53199],[-68.56317,-31.53067],[-68.562134,-31.530797],[-68.562142,-31.530843],[-68.561902,-31.532114]]]}},{"type":"Feature","properties":{"id":"m973","m2":30309},"geometry":{"type":"Polygon","coordinates":[[[-68.562134,-31.530797],[-68.561873,-31.529297],[-68.561771,-31.528902],[-68.561746,-31.528807],[-68.56138,-31.528867],[-68.560347,-31.529038],[-68.560688,-31.530853],[-68.56071,-31.530971],[-68.560885,-31.530949],[-68.562134,-31.530797]]]}},{"type":"Feature","properties":{"id":"m974","m2":26533},"geometry":{"type":"Polygon","coordinates":[[[-68.562134,-31.530797],[-68.56317,-31.53067],[-68.563238,-31.530312],[-68.563094,-31.528665],[-68.563086,-31.528585],[-68.561938,-31.528775],[-68.561875,-31.528785],[-68.561746,-31.528807],[-68.561771,-31.528902],[-68.561873,-31.529297],[-68.562134,-31.530797]]]}},{"type":"Feature","properties":{"id":"m975","m2":1394},"geometry":{"type":"Polygon","coordinates":[[[-68.561746,-31.528807],[-68.561875,-31.528785],[-68.561938,-31.528775],[-68.563086,-31.528585],[-68.563078,-31.528486],[-68.561722,-31.528714],[-68.561746,-31.528807]]]}},{"type":"Feature","properties":{"id":"m976","m2":2390},"geometry":{"type":"Polygon","coordinates":[[[-68.55559,-31.529522],[-68.55556,-31.529553],[-68.555532,-31.529598],[-68.555521,-31.52963],[-68.555518,-31.529659],[-68.555531,-31.529686],[-68.555553,-31.529708],[-68.555599,-31.529737],[-68.555679,-31.529795],[-68.555929,-31.530097],[-68.555953,-31.530053],[-68.555964,-31.530033],[-68.555985,-31.530018],[-68.556024,-31.53],[-68.556039,-31.529982],[-68.55605,-31.52993],[-68.556051,-31.529881],[-68.556067,-31.529786],[-68.556083,-31.529702],[-68.55609,-31.52966],[-68.556086,-31.529614],[-68.556075,-31.529577],[-68.556056,-31.529546],[-68.556003,-31.529477],[-68.555971,-31.529449],[-68.555936,-31.529441],[-68.555654,-31.529496],[-68.55559,-31.529522]]]}},{"type":"Feature","properties":{"id":"m977","m2":10997},"geometry":{"type":"Polygon","coordinates":[[[-68.561403,-31.528141],[-68.561443,-31.528057],[-68.561467,-31.527577],[-68.561462,-31.527146],[-68.561379,-31.527148],[-68.561323,-31.527146],[-68.560718,-31.527132],[-68.560544,-31.527168],[-68.560134,-31.527335],[-68.56056,-31.528046],[-68.561176,-31.528114],[-68.561314,-31.52813],[-68.561403,-31.528141]]]}},{"type":"Feature","properties":{"id":"m978","m2":10954},"geometry":{"type":"Polygon","coordinates":[[[-68.577637,-31.535503],[-68.578356,-31.535761],[-68.578479,-31.535805],[-68.578599,-31.535848],[-68.578602,-31.535831],[-68.578671,-31.535597],[-68.578705,-31.535481],[-68.578866,-31.534933],[-68.578872,-31.534913],[-68.578896,-31.534827],[-68.57879,-31.534842],[-68.578745,-31.53485],[-68.577092,-31.535131],[-68.577015,-31.535144],[-68.576953,-31.535155],[-68.576756,-31.535187],[-68.576921,-31.535245],[-68.577637,-31.535503]]]}},{"type":"Feature","properties":{"id":"m979","m2":948},"geometry":{"type":"Polygon","coordinates":[[[-68.609069,-31.520433],[-68.609028,-31.520507],[-68.609015,-31.520533],[-68.60885,-31.520838],[-68.608704,-31.521193],[-68.608808,-31.521224],[-68.608951,-31.520878],[-68.609127,-31.520547],[-68.609167,-31.520473],[-68.609069,-31.520433]]]}},{"type":"Feature","properties":{"id":"m980","m2":4097},"geometry":{"type":"Polygon","coordinates":[[[-68.597227,-31.530074],[-68.597502,-31.530118],[-68.597538,-31.530121],[-68.597576,-31.530118],[-68.597607,-31.530107],[-68.597635,-31.530089],[-68.597656,-31.530052],[-68.597675,-31.530003],[-68.597709,-31.529797],[-68.597724,-31.529708],[-68.597735,-31.529643],[-68.596983,-31.529553],[-68.596954,-31.529568],[-68.596928,-31.529593],[-68.596771,-31.529808],[-68.596892,-31.529899],[-68.596963,-31.529954],[-68.597042,-31.530002],[-68.59714,-31.530045],[-68.597227,-31.530074]]]}},{"type":"Feature","properties":{"id":"m981","m2":1443},"geometry":{"type":"Polygon","coordinates":[[[-68.603766,-31.538789],[-68.603826,-31.538791],[-68.603852,-31.538726],[-68.604196,-31.538031],[-68.604008,-31.53802],[-68.603694,-31.538678],[-68.603702,-31.538714],[-68.603766,-31.538789]]]}},{"type":"Feature","properties":{"id":"m982","m2":15553},"geometry":{"type":"Polygon","coordinates":[[[-68.603766,-31.538789],[-68.603702,-31.538714],[-68.603694,-31.538678],[-68.604008,-31.53802],[-68.6025,-31.538],[-68.602424,-31.537995],[-68.602344,-31.537981],[-68.602274,-31.537955],[-68.602215,-31.537924],[-68.601746,-31.538537],[-68.601733,-31.538569],[-68.601735,-31.538602],[-68.601759,-31.53863],[-68.601796,-31.538652],[-68.601901,-31.538685],[-68.602016,-31.538721],[-68.602138,-31.538749],[-68.602282,-31.538762],[-68.602415,-31.538769],[-68.603766,-31.538789]]]}},{"type":"Feature","properties":{"id":"m983","m2":18473},"geometry":{"type":"Polygon","coordinates":[[[-68.604579,-31.537109],[-68.604386,-31.537654],[-68.60434,-31.537772],[-68.604196,-31.538031],[-68.604783,-31.538046],[-68.606026,-31.538113],[-68.606135,-31.538105],[-68.606202,-31.538082],[-68.606262,-31.538051],[-68.606316,-31.538019],[-68.606366,-31.537982],[-68.606414,-31.53794],[-68.606459,-31.537886],[-68.606488,-31.537832],[-68.606521,-31.537753],[-68.606534,-31.537696],[-68.606538,-31.537639],[-68.606533,-31.537572],[-68.606505,-31.537489],[-68.606476,-31.537437],[-68.606427,-31.537372],[-68.606398,-31.537348],[-68.606337,-31.537299],[-68.606263,-31.537258],[-68.606183,-31.537235],[-68.606105,-31.537221],[-68.606022,-31.53722],[-68.605942,-31.537221],[-68.605839,-31.537233],[-68.605747,-31.537251],[-68.605656,-31.537273],[-68.605592,-31.537282],[-68.605524,-31.537283],[-68.605463,-31.537284],[-68.605349,-31.537275],[-68.60527,-31.537263],[-68.605167,-31.537237],[-68.605063,-31.53721],[-68.604957,-31.537183],[-68.604858,-31.537161],[-68.604752,-31.53714],[-68.604678,-31.537124],[-68.604579,-31.537109]]]}},{"type":"Feature","properties":{"id":"m984","m2":2086},"geometry":{"type":"Polygon","coordinates":[[[-68.604579,-31.537109],[-68.604503,-31.537103],[-68.604421,-31.537102],[-68.604356,-31.537103],[-68.604187,-31.537613],[-68.604141,-31.537731],[-68.604008,-31.53802],[-68.604196,-31.538031],[-68.60434,-31.537772],[-68.604386,-31.537654],[-68.604579,-31.537109]]]}},{"type":"Feature","properties":{"id":"m985","m2":5833},"geometry":{"type":"Polygon","coordinates":[[[-68.604196,-31.538031],[-68.603852,-31.538726],[-68.603826,-31.538791],[-68.604678,-31.538808],[-68.604783,-31.538046],[-68.604196,-31.538031]]]}},{"type":"Feature","properties":{"id":"m986","m2":13634},"geometry":{"type":"Polygon","coordinates":[[[-68.604783,-31.538046],[-68.604678,-31.538808],[-68.606113,-31.53883],[-68.606246,-31.538822],[-68.606376,-31.538807],[-68.606461,-31.538794],[-68.606551,-31.538769],[-68.606601,-31.538742],[-68.606624,-31.538706],[-68.606635,-31.538673],[-68.606627,-31.538643],[-68.606262,-31.538051],[-68.606202,-31.538082],[-68.606135,-31.538105],[-68.606026,-31.538113],[-68.604783,-31.538046]]]}},{"type":"Feature","properties":{"id":"m987","m2":18348},"geometry":{"type":"Polygon","coordinates":[[[-68.602154,-31.537217],[-68.602086,-31.537281],[-68.602045,-31.537338],[-68.602022,-31.537398],[-68.601996,-31.537469],[-68.601987,-31.537547],[-68.601991,-31.53762],[-68.602023,-31.537716],[-68.602067,-31.537794],[-68.602139,-31.537868],[-68.602215,-31.537924],[-68.602274,-31.537955],[-68.602344,-31.537981],[-68.602424,-31.537995],[-68.6025,-31.538],[-68.604008,-31.53802],[-68.604141,-31.537731],[-68.604187,-31.537613],[-68.604356,-31.537103],[-68.6043,-31.537117],[-68.604247,-31.537135],[-68.604185,-31.537148],[-68.604082,-31.537174],[-68.603954,-31.537204],[-68.603786,-31.537233],[-68.603666,-31.537247],[-68.6035,-31.537255],[-68.603406,-31.537256],[-68.603312,-31.537251],[-68.603186,-31.537232],[-68.603059,-31.537205],[-68.602945,-31.537173],[-68.602831,-31.537143],[-68.602726,-31.537116],[-68.602612,-31.537095],[-68.602521,-31.537094],[-68.602403,-31.537103],[-68.60231,-31.537129],[-68.602225,-31.537171],[-68.602154,-31.537217]]]}},{"type":"Feature","properties":{"id":"m988","m2":9694},"geometry":{"type":"Polygon","coordinates":[[[-68.597734,-31.538561],[-68.597739,-31.538535],[-68.597745,-31.5385],[-68.597746,-31.538437],[-68.59775,-31.538391],[-68.597762,-31.538337],[-68.597785,-31.538277],[-68.597802,-31.538216],[-68.597815,-31.538167],[-68.597817,-31.538125],[-68.597812,-31.538071],[-68.597819,-31.538006],[-68.597829,-31.537968],[-68.597842,-31.537933],[-68.597864,-31.537895],[-68.59789,-31.537857],[-68.597915,-31.537803],[-68.597929,-31.537753],[-68.597936,-31.537688],[-68.597932,-31.537645],[-68.597914,-31.537589],[-68.597905,-31.537545],[-68.59786,-31.537546],[-68.597633,-31.537537],[-68.597482,-31.537532],[-68.597386,-31.537527],[-68.597296,-31.53752],[-68.597228,-31.537513],[-68.597177,-31.537513],[-68.597142,-31.537521],[-68.597112,-31.537545],[-68.597094,-31.537571],[-68.597081,-31.537603],[-68.597068,-31.537661],[-68.597057,-31.537721],[-68.597039,-31.537765],[-68.597012,-31.537794],[-68.596974,-31.537814],[-68.596931,-31.537833],[-68.5969,-31.53786],[-68.596878,-31.537896],[-68.596868,-31.537932],[-68.596857,-31.537982],[-68.596848,-31.538025],[-68.596835,-31.538069],[-68.596814,-31.538142],[-68.596791,-31.5382],[-68.59677,-31.538248],[-68.596764,-31.538284],[-68.596763,-31.53832],[-68.596778,-31.538358],[-68.596794,-31.538389],[-68.596821,-31.538416],[-68.596853,-31.538434],[-68.5969,-31.538446],[-68.596948,-31.538446],[-68.597015,-31.538441],[-68.597045,-31.538442],[-68.597084,-31.538442],[-68.597137,-31.538453],[-68.597172,-31.538468],[-68.597208,-31.5385],[-68.597235,-31.53852],[-68.59727,-31.538542],[-68.597335,-31.538547],[-68.597385,-31.538549],[-68.597443,-31.538551],[-68.597531,-31.538551],[-68.597665,-31.538553],[-68.597734,-31.538561]]]}},{"type":"Feature","properties":{"id":"m989","m2":1222},"geometry":{"type":"Polygon","coordinates":[[[-68.597734,-31.538561],[-68.597816,-31.538567],[-68.59782,-31.538527],[-68.597817,-31.538468],[-68.59782,-31.538419],[-68.597821,-31.53838],[-68.597833,-31.538341],[-68.597855,-31.538288],[-68.597891,-31.538237],[-68.59793,-31.538192],[-68.597957,-31.538148],[-68.59798,-31.53809],[-68.597997,-31.538041],[-68.598009,-31.537976],[-68.598004,-31.537925],[-68.597993,-31.537876],[-68.597993,-31.537834],[-68.597997,-31.537793],[-68.598003,-31.537745],[-68.598015,-31.537703],[-68.598025,-31.53767],[-68.598048,-31.537639],[-68.598076,-31.537601],[-68.598093,-31.537557],[-68.598049,-31.537549],[-68.598012,-31.537542],[-68.597982,-31.53754],[-68.597951,-31.53754],[-68.597905,-31.537545],[-68.597914,-31.537589],[-68.597932,-31.537645],[-68.597936,-31.537688],[-68.597929,-31.537753],[-68.597915,-31.537803],[-68.59789,-31.537857],[-68.597864,-31.537895],[-68.597842,-31.537933],[-68.597829,-31.537968],[-68.597819,-31.538006],[-68.597812,-31.538071],[-68.597817,-31.538125],[-68.597815,-31.538167],[-68.597802,-31.538216],[-68.597785,-31.538277],[-68.597762,-31.538337],[-68.59775,-31.538391],[-68.597746,-31.538437],[-68.597745,-31.5385],[-68.597739,-31.538535],[-68.597734,-31.538561]]]}},{"type":"Feature","properties":{"id":"m990","m2":9997},"geometry":{"type":"Polygon","coordinates":[[[-68.598714,-31.538588],[-68.598749,-31.538586],[-68.59879,-31.538575],[-68.59882,-31.538546],[-68.598833,-31.538511],[-68.598846,-31.538464],[-68.598854,-31.538388],[-68.598862,-31.538271],[-68.598871,-31.538187],[-68.598886,-31.538097],[-68.598913,-31.537996],[-68.598944,-31.537886],[-68.598969,-31.537782],[-68.598978,-31.537726],[-68.598971,-31.53769],[-68.598953,-31.537662],[-68.598934,-31.537638],[-68.598899,-31.537616],[-68.598843,-31.537605],[-68.598785,-31.537605],[-68.598671,-31.537607],[-68.598567,-31.537605],[-68.598475,-31.537596],[-68.598384,-31.537592],[-68.598317,-31.537585],[-68.59824,-31.537577],[-68.598134,-31.537566],[-68.598093,-31.537557],[-68.598076,-31.537601],[-68.598048,-31.537639],[-68.598025,-31.53767],[-68.598015,-31.537703],[-68.598003,-31.537745],[-68.597997,-31.537793],[-68.597993,-31.537834],[-68.597993,-31.537876],[-68.598004,-31.537925],[-68.598009,-31.537976],[-68.597997,-31.538041],[-68.59798,-31.53809],[-68.597957,-31.538148],[-68.59793,-31.538192],[-68.597891,-31.538237],[-68.597855,-31.538288],[-68.597833,-31.538341],[-68.597821,-31.53838],[-68.59782,-31.538419],[-68.597817,-31.538468],[-68.59782,-31.538527],[-68.597816,-31.538567],[-68.597877,-31.538579],[-68.598714,-31.538588]]]}},{"type":"Feature","properties":{"id":"m991","m2":2413},"geometry":{"type":"Polygon","coordinates":[[[-68.588562,-31.546685],[-68.587895,-31.546883],[-68.587552,-31.546986],[-68.587204,-31.54712],[-68.587244,-31.547246],[-68.587599,-31.547142],[-68.588615,-31.546843],[-68.588562,-31.546685]]]}},{"type":"Feature","properties":{"id":"m992","m2":7209},"geometry":{"type":"Polygon","coordinates":[[[-68.59146,-31.546875],[-68.592237,-31.546687],[-68.59196,-31.545861],[-68.591183,-31.546089],[-68.59146,-31.546875]]]}},{"type":"Feature","properties":{"id":"m993","m2":10583},"geometry":{"type":"Polygon","coordinates":[[[-68.588826,-31.547527],[-68.588615,-31.546843],[-68.587599,-31.547142],[-68.587244,-31.547246],[-68.587281,-31.547363],[-68.587446,-31.547891],[-68.587476,-31.547989],[-68.587797,-31.547787],[-68.588699,-31.547559],[-68.588826,-31.547527]]]}},{"type":"Feature","properties":{"id":"m994","m2":1344},"geometry":{"type":"Polygon","coordinates":[[[-68.578819,-31.538681],[-68.578818,-31.538652],[-68.578817,-31.538622],[-68.578708,-31.538624],[-68.578603,-31.538626],[-68.578404,-31.538631],[-68.578248,-31.538633],[-68.57693,-31.538651],[-68.576903,-31.538652],[-68.576785,-31.538653],[-68.576786,-31.538717],[-68.576905,-31.538716],[-68.577058,-31.538714],[-68.577308,-31.53871],[-68.57825,-31.538696],[-68.578713,-31.538684],[-68.578819,-31.538681]]]}},{"type":"Feature","properties":{"id":"m995","m2":1288},"geometry":{"type":"Polygon","coordinates":[[[-68.591106,-31.51626],[-68.591124,-31.516256],[-68.591142,-31.516245],[-68.591155,-31.516236],[-68.591174,-31.516214],[-68.591191,-31.516174],[-68.591203,-31.516137],[-68.591208,-31.516103],[-68.591211,-31.516069],[-68.59121,-31.51603],[-68.591205,-31.515831],[-68.591202,-31.515704],[-68.590952,-31.515735],[-68.590959,-31.51586],[-68.59096,-31.515891],[-68.590965,-31.516012],[-68.590969,-31.516062],[-68.590981,-31.51612],[-68.590989,-31.516163],[-68.591,-31.516192],[-68.591012,-31.516214],[-68.591032,-31.516238],[-68.591052,-31.516255],[-68.591083,-31.516262],[-68.591106,-31.51626]]]}},{"type":"Feature","properties":{"id":"m996","m2":22240},"geometry":{"type":"Polygon","coordinates":[[[-68.592149,-31.526063],[-68.592098,-31.526262],[-68.592073,-31.526355],[-68.592056,-31.526413],[-68.592031,-31.526483],[-68.591986,-31.526562],[-68.591942,-31.526649],[-68.591925,-31.526691],[-68.594347,-31.527065],[-68.594718,-31.527095],[-68.595036,-31.527114],[-68.59505,-31.527111],[-68.595066,-31.527108],[-68.59509,-31.527105],[-68.595122,-31.5271],[-68.595129,-31.527057],[-68.595146,-31.526968],[-68.595215,-31.526577],[-68.595221,-31.526544],[-68.595231,-31.52649],[-68.595133,-31.526477],[-68.595069,-31.526467],[-68.594339,-31.526368],[-68.593415,-31.526239],[-68.592348,-31.526091],[-68.59224,-31.526076],[-68.592149,-31.526063]]]}},{"type":"Feature","properties":{"id":"m997","m2":1726},"geometry":{"type":"Polygon","coordinates":[[[-68.584733,-31.519594],[-68.584304,-31.5196],[-68.584301,-31.519975],[-68.584741,-31.519972],[-68.584733,-31.519594]]]}},{"type":"Feature","properties":{"id":"m998","m2":1686},"geometry":{"type":"Polygon","coordinates":[[[-68.583091,-31.519618],[-68.583095,-31.51999],[-68.583527,-31.519986],[-68.583516,-31.519613],[-68.583091,-31.519618]]]}},{"type":"Feature","properties":{"id":"m999","m2":20210},"geometry":{"type":"Polygon","coordinates":[[[-68.584752,-31.520988],[-68.584337,-31.520993],[-68.584331,-31.520616],[-68.583545,-31.520632],[-68.583552,-31.520995],[-68.583132,-31.521002],[-68.582339,-31.521017],[-68.582353,-31.521631],[-68.582372,-31.521634],[-68.582388,-31.52164],[-68.582403,-31.52165],[-68.582414,-31.521663],[-68.58242,-31.521677],[-68.582422,-31.521693],[-68.582512,-31.521691],[-68.584777,-31.521652],[-68.584752,-31.520988]]]}},{"type":"Feature","properties":{"id":"m1000","m2":1643},"geometry":{"type":"Polygon","coordinates":[[[-68.584752,-31.520988],[-68.584739,-31.520608],[-68.584331,-31.520616],[-68.584337,-31.520993],[-68.584752,-31.520988]]]}},{"type":"Feature","properties":{"id":"m1001","m2":1608},"geometry":{"type":"Polygon","coordinates":[[[-68.583132,-31.521002],[-68.583552,-31.520995],[-68.583545,-31.520632],[-68.583124,-31.52064],[-68.583132,-31.521002]]]}},{"type":"Feature","properties":{"id":"m1002","m2":20073},"geometry":{"type":"Polygon","coordinates":[[[-68.579929,-31.520046],[-68.580045,-31.520045],[-68.580382,-31.520041],[-68.581125,-31.520032],[-68.581119,-31.519665],[-68.581511,-31.519659],[-68.582303,-31.519648],[-68.582282,-31.51911],[-68.582269,-31.519034],[-68.582257,-31.518959],[-68.581484,-31.51897],[-68.58033,-31.518988],[-68.580225,-31.51899],[-68.580201,-31.519078],[-68.580155,-31.519246],[-68.580086,-31.519487],[-68.579977,-31.51988],[-68.579974,-31.51989],[-68.579929,-31.520046]]]}},{"type":"Feature","properties":{"id":"m1003","m2":1520},"geometry":{"type":"Polygon","coordinates":[[[-68.581125,-31.520032],[-68.581517,-31.520028],[-68.581511,-31.519659],[-68.581119,-31.519665],[-68.581125,-31.520032]]]}},{"type":"Feature","properties":{"id":"m1004","m2":944},"geometry":{"type":"Polygon","coordinates":[[[-68.573467,-31.539042],[-68.573532,-31.539546],[-68.573713,-31.539525],[-68.573639,-31.539028],[-68.573467,-31.539042]]]}},{"type":"Feature","properties":{"id":"m1005","m2":1641},"geometry":{"type":"Polygon","coordinates":[[[-68.59355,-31.533852],[-68.593568,-31.53379],[-68.593594,-31.533697],[-68.5935,-31.533676],[-68.593496,-31.533675],[-68.593482,-31.533672],[-68.592651,-31.533485],[-68.592604,-31.533639],[-68.593451,-31.533829],[-68.593455,-31.533831],[-68.59355,-31.533852]]]}},{"type":"Feature","properties":{"id":"m1006","m2":1144},"geometry":{"type":"Polygon","coordinates":[[[-68.556418,-31.521655],[-68.556452,-31.521571],[-68.556613,-31.521002],[-68.556512,-31.521004],[-68.556477,-31.521005],[-68.556305,-31.521637],[-68.55624,-31.521876],[-68.55621,-31.521974],[-68.556198,-31.522083],[-68.556251,-31.521984],[-68.556298,-31.521849],[-68.55634,-31.521757],[-68.556418,-31.521655]]]}},{"type":"Feature","properties":{"id":"m1007","m2":1027},"geometry":{"type":"Polygon","coordinates":[[[-68.559416,-31.529103],[-68.559356,-31.529113],[-68.559324,-31.52912],[-68.5593,-31.529143],[-68.559266,-31.529183],[-68.559235,-31.529225],[-68.559226,-31.529238],[-68.559352,-31.529208],[-68.559469,-31.529183],[-68.55958,-31.529165],[-68.559806,-31.529128],[-68.560347,-31.529038],[-68.56033,-31.528949],[-68.559646,-31.529064],[-68.559416,-31.529103]]]}},{"type":"Feature","properties":{"id":"m1008","m2":1183},"geometry":{"type":"Polygon","coordinates":[[[-68.559226,-31.529238],[-68.559235,-31.529225],[-68.559266,-31.529183],[-68.5593,-31.529143],[-68.559324,-31.52912],[-68.559067,-31.529177],[-68.55899,-31.529197],[-68.558968,-31.529202],[-68.558942,-31.52921],[-68.55892,-31.529217],[-68.558449,-31.52936],[-68.558216,-31.529433],[-68.558224,-31.529546],[-68.558548,-31.529443],[-68.558966,-31.529303],[-68.558989,-31.529296],[-68.559015,-31.529289],[-68.559052,-31.529281],[-68.559226,-31.529238]]]}},{"type":"Feature","properties":{"id":"m1009","m2":2516},"geometry":{"type":"Polygon","coordinates":[[[-68.565314,-31.538765],[-68.565511,-31.538778],[-68.565539,-31.53878],[-68.566015,-31.538812],[-68.566054,-31.538815],[-68.566532,-31.538847],[-68.566844,-31.538868],[-68.566868,-31.53887],[-68.567231,-31.538878],[-68.567391,-31.538852],[-68.567403,-31.538815],[-68.567413,-31.538783],[-68.567262,-31.538761],[-68.567239,-31.53876],[-68.566836,-31.538747],[-68.566699,-31.538738],[-68.566188,-31.538704],[-68.566067,-31.538696],[-68.565522,-31.53866],[-68.565461,-31.538656],[-68.565418,-31.538671],[-68.565405,-31.538679],[-68.565371,-31.538704],[-68.565342,-31.53873],[-68.565314,-31.538765]]]}},{"type":"Feature","properties":{"id":"m1010","m2":2855},"geometry":{"type":"Polygon","coordinates":[[[-68.561229,-31.53849],[-68.561367,-31.538499],[-68.56139,-31.538501],[-68.561591,-31.538514],[-68.561872,-31.538533],[-68.562682,-31.538588],[-68.563554,-31.538647],[-68.563568,-31.53853],[-68.562764,-31.538477],[-68.562313,-31.538447],[-68.561883,-31.538418],[-68.561379,-31.538384],[-68.561239,-31.538375],[-68.561229,-31.53849]]]}},{"type":"Feature","properties":{"id":"m1011","m2":3742},"geometry":{"type":"Polygon","coordinates":[[[-68.561229,-31.53849],[-68.561239,-31.538375],[-68.561105,-31.538366],[-68.561077,-31.538364],[-68.560447,-31.538322],[-68.559839,-31.538282],[-68.559619,-31.538267],[-68.55918,-31.538225],[-68.558554,-31.538166],[-68.558352,-31.538147],[-68.558178,-31.538131],[-68.558065,-31.538121],[-68.558048,-31.53822],[-68.558174,-31.538237],[-68.558196,-31.53824],[-68.558544,-31.538274],[-68.558824,-31.538301],[-68.559729,-31.538389],[-68.559897,-31.5384],[-68.561093,-31.538481],[-68.561229,-31.53849]]]}},{"type":"Feature","properties":{"id":"m1012","m2":6218},"geometry":{"type":"Polygon","coordinates":[[[-68.569901,-31.55378],[-68.569728,-31.553368],[-68.56997,-31.553286],[-68.569841,-31.552987],[-68.56896,-31.553265],[-68.569255,-31.553943],[-68.569597,-31.553869],[-68.569901,-31.55378]]]}},{"type":"Feature","properties":{"id":"m1013","m2":1479},"geometry":{"type":"Polygon","coordinates":[[[-68.605345,-31.518938],[-68.605451,-31.518984],[-68.605488,-31.518838],[-68.605576,-31.518649],[-68.605801,-31.517848],[-68.605678,-31.517823],[-68.605457,-31.51863],[-68.605386,-31.518799],[-68.605345,-31.518938]]]}},{"type":"Feature","properties":{"id":"m1014","m2":5642},"geometry":{"type":"Polygon","coordinates":[[[-68.598941,-31.517404],[-68.598627,-31.518373],[-68.599028,-31.518451],[-68.59921,-31.518122],[-68.599617,-31.517577],[-68.598941,-31.517404]]]}},{"type":"Feature","properties":{"id":"m1015","m2":15667},"geometry":{"type":"Polygon","coordinates":[[[-68.610315,-31.521122],[-68.61026,-31.521281],[-68.610061,-31.521853],[-68.611781,-31.522546],[-68.611938,-31.521714],[-68.610417,-31.521099],[-68.610315,-31.521122]]]}},{"type":"Feature","properties":{"id":"m1016","m2":17262},"geometry":{"type":"Polygon","coordinates":[[[-68.610061,-31.521853],[-68.609916,-31.522271],[-68.609746,-31.522762],[-68.611422,-31.523263],[-68.611457,-31.523274],[-68.611499,-31.523282],[-68.611533,-31.523276],[-68.611561,-31.52326],[-68.611577,-31.52324],[-68.611589,-31.523211],[-68.611781,-31.522546],[-68.610061,-31.521853]]]}},{"type":"Feature","properties":{"id":"m1017","m2":10240},"geometry":{"type":"Polygon","coordinates":[[[-68.607233,-31.520893],[-68.60633,-31.52055],[-68.605819,-31.521469],[-68.606742,-31.521756],[-68.607233,-31.520893]]]}},{"type":"Feature","properties":{"id":"m1018","m2":10143},"geometry":{"type":"Polygon","coordinates":[[[-68.608207,-31.525792],[-68.608459,-31.525087],[-68.607219,-31.524838],[-68.607154,-31.524825],[-68.606951,-31.525532],[-68.608207,-31.525792]]]}},{"type":"Feature","properties":{"id":"m1019","m2":10613},"geometry":{"type":"Polygon","coordinates":[[[-68.607154,-31.524825],[-68.607082,-31.524811],[-68.606783,-31.524751],[-68.606738,-31.524675],[-68.605891,-31.524504],[-68.605675,-31.52526],[-68.606951,-31.525532],[-68.607154,-31.524825]]]}},{"type":"Feature","properties":{"id":"m1020","m2":10563},"geometry":{"type":"Polygon","coordinates":[[[-68.605891,-31.524504],[-68.604608,-31.524252],[-68.604439,-31.525012],[-68.605675,-31.52526],[-68.605891,-31.524504]]]}},{"type":"Feature","properties":{"id":"m1021","m2":971},"geometry":{"type":"Polygon","coordinates":[[[-68.602201,-31.534108],[-68.602217,-31.53411],[-68.602229,-31.53411],[-68.602243,-31.534108],[-68.602256,-31.5341],[-68.602267,-31.534089],[-68.602279,-31.534067],[-68.60241,-31.533459],[-68.602409,-31.533442],[-68.602405,-31.533429],[-68.602396,-31.533416],[-68.602377,-31.533405],[-68.602356,-31.533399],[-68.602353,-31.533399],[-68.602332,-31.533398],[-68.602308,-31.533402],[-68.602292,-31.533414],[-68.602284,-31.533434],[-68.602148,-31.534046],[-68.602147,-31.534068],[-68.602154,-31.534088],[-68.602166,-31.534098],[-68.602182,-31.534103],[-68.602201,-31.534108]]]}},{"type":"Feature","properties":{"id":"m1022","m2":1009},"geometry":{"type":"Polygon","coordinates":[[[-68.602633,-31.532187],[-68.60261,-31.532186],[-68.602589,-31.532188],[-68.60257,-31.532197],[-68.602558,-31.53221],[-68.602551,-31.532224],[-68.602413,-31.532844],[-68.60241,-31.53286],[-68.602416,-31.532881],[-68.602435,-31.532899],[-68.602459,-31.532911],[-68.602491,-31.532914],[-68.602517,-31.532904],[-68.602534,-31.532885],[-68.602542,-31.532862],[-68.602686,-31.532247],[-68.602685,-31.532226],[-68.602676,-31.532209],[-68.602661,-31.532196],[-68.602649,-31.53219],[-68.602633,-31.532187]]]}},{"type":"Feature","properties":{"id":"m1023","m2":6698},"geometry":{"type":"Polygon","coordinates":[[[-68.594339,-31.526368],[-68.594345,-31.526322],[-68.594471,-31.525696],[-68.593547,-31.52557],[-68.593415,-31.526239],[-68.594339,-31.526368]]]}},{"type":"Feature","properties":{"id":"m1024","m2":7758},"geometry":{"type":"Polygon","coordinates":[[[-68.592348,-31.526091],[-68.593415,-31.526239],[-68.593547,-31.52557],[-68.592469,-31.525422],[-68.592348,-31.526091]]]}},{"type":"Feature","properties":{"id":"m1025","m2":12412},"geometry":{"type":"Polygon","coordinates":[[[-68.568606,-31.531079],[-68.568476,-31.531093],[-68.56759,-31.53106],[-68.567487,-31.532195],[-68.568253,-31.532247],[-68.568383,-31.532256],[-68.568506,-31.532265],[-68.568592,-31.531253],[-68.568597,-31.531184],[-68.568606,-31.531079]]]}},{"type":"Feature","properties":{"id":"m1026","m2":10156},"geometry":{"type":"Polygon","coordinates":[[[-68.573193,-31.538714],[-68.573303,-31.537911],[-68.573316,-31.537816],[-68.573189,-31.537795],[-68.572428,-31.537801],[-68.572209,-31.537803],[-68.572211,-31.538634],[-68.572234,-31.538732],[-68.572303,-31.538731],[-68.573086,-31.538716],[-68.573193,-31.538714]]]}},{"type":"Feature","properties":{"id":"m1027","m2":10547},"geometry":{"type":"Polygon","coordinates":[[[-68.571135,-31.537811],[-68.57114,-31.538634],[-68.57114,-31.538745],[-68.571221,-31.538744],[-68.572029,-31.538735],[-68.572088,-31.538734],[-68.572148,-31.538733],[-68.572234,-31.538732],[-68.572211,-31.538634],[-68.572209,-31.537803],[-68.572061,-31.537804],[-68.571338,-31.53781],[-68.571135,-31.537811]]]}},{"type":"Feature","properties":{"id":"m1028","m2":10923},"geometry":{"type":"Polygon","coordinates":[[[-68.576286,-31.545978],[-68.576306,-31.545985],[-68.576325,-31.54599],[-68.576337,-31.54599],[-68.577799,-31.545828],[-68.577958,-31.545811],[-68.577861,-31.545226],[-68.576118,-31.545416],[-68.57618,-31.545826],[-68.576191,-31.545896],[-68.576191,-31.545898],[-68.576204,-31.545918],[-68.576213,-31.54593],[-68.576221,-31.545939],[-68.576257,-31.545955],[-68.576286,-31.545978]]]}},{"type":"Feature","properties":{"id":"m1029","m2":850},"geometry":{"type":"Polygon","coordinates":[[[-68.595838,-31.523134],[-68.59584,-31.52311],[-68.595871,-31.522793],[-68.595819,-31.522797],[-68.595781,-31.522803],[-68.59576,-31.522811],[-68.595718,-31.522824],[-68.595681,-31.522835],[-68.595641,-31.522843],[-68.595616,-31.522842],[-68.595596,-31.52284],[-68.595576,-31.522836],[-68.595547,-31.522827],[-68.595528,-31.522818],[-68.595512,-31.522807],[-68.595518,-31.522838],[-68.595512,-31.52287],[-68.595494,-31.522899],[-68.595465,-31.52292],[-68.59543,-31.522933],[-68.595393,-31.522935],[-68.595437,-31.522945],[-68.595469,-31.522958],[-68.595502,-31.522977],[-68.59554,-31.522986],[-68.595575,-31.52299],[-68.595606,-31.522994],[-68.595631,-31.522999],[-68.595645,-31.523004],[-68.59566,-31.523012],[-68.595679,-31.523027],[-68.595694,-31.523041],[-68.595722,-31.523063],[-68.595756,-31.523096],[-68.595791,-31.523114],[-68.595838,-31.523134]]]}},{"type":"Feature","properties":{"id":"m1030","m2":5326},"geometry":{"type":"Polygon","coordinates":[[[-68.595871,-31.522793],[-68.595973,-31.521593],[-68.595885,-31.521587],[-68.595713,-31.521575],[-68.595706,-31.52162],[-68.595696,-31.521671],[-68.595686,-31.521718],[-68.59567,-31.521766],[-68.595651,-31.521811],[-68.595626,-31.52186],[-68.595594,-31.521912],[-68.595556,-31.521963],[-68.595523,-31.522015],[-68.595493,-31.522064],[-68.595476,-31.522106],[-68.595456,-31.522162],[-68.595442,-31.522218],[-68.595421,-31.522298],[-68.595414,-31.522367],[-68.595412,-31.522437],[-68.595414,-31.522498],[-68.595419,-31.52256],[-68.595428,-31.522628],[-68.595443,-31.5227],[-68.595466,-31.522756],[-68.595494,-31.522778],[-68.595512,-31.522807],[-68.595528,-31.522818],[-68.595547,-31.522827],[-68.595576,-31.522836],[-68.595596,-31.52284],[-68.595616,-31.522842],[-68.595641,-31.522843],[-68.595681,-31.522835],[-68.595718,-31.522824],[-68.59576,-31.522811],[-68.595781,-31.522803],[-68.595819,-31.522797],[-68.595871,-31.522793]]]}},{"type":"Feature","properties":{"id":"m1031","m2":933},"geometry":{"type":"Polygon","coordinates":[[[-68.595359,-31.522749],[-68.595395,-31.522741],[-68.595432,-31.522744],[-68.595466,-31.522756],[-68.595443,-31.5227],[-68.595428,-31.522628],[-68.595419,-31.52256],[-68.595414,-31.522498],[-68.595412,-31.522437],[-68.595414,-31.522367],[-68.595421,-31.522298],[-68.595442,-31.522218],[-68.595456,-31.522162],[-68.595476,-31.522106],[-68.595493,-31.522064],[-68.595523,-31.522015],[-68.595556,-31.521963],[-68.595594,-31.521912],[-68.595626,-31.52186],[-68.595651,-31.521811],[-68.59567,-31.521766],[-68.595686,-31.521718],[-68.595696,-31.521671],[-68.595706,-31.52162],[-68.595713,-31.521575],[-68.595702,-31.521594],[-68.595687,-31.521625],[-68.595659,-31.521667],[-68.595624,-31.521715],[-68.595571,-31.521794],[-68.595511,-31.521892],[-68.595461,-31.521977],[-68.595417,-31.522062],[-68.595387,-31.522128],[-68.595366,-31.522199],[-68.595351,-31.522264],[-68.595342,-31.522327],[-68.595338,-31.522395],[-68.595337,-31.522466],[-68.595345,-31.522551],[-68.595351,-31.522624],[-68.595353,-31.52268],[-68.595344,-31.52272],[-68.595327,-31.522766],[-68.595359,-31.522749]]]}},{"type":"Feature","properties":{"id":"m1032","m2":1265},"geometry":{"type":"Polygon","coordinates":[[[-68.595357,-31.522927],[-68.595326,-31.522909],[-68.595303,-31.522883],[-68.595292,-31.522853],[-68.595292,-31.522821],[-68.595298,-31.522807],[-68.595275,-31.522825],[-68.595246,-31.522836],[-68.595191,-31.52285],[-68.595124,-31.52286],[-68.595053,-31.522857],[-68.594975,-31.522834],[-68.594908,-31.522805],[-68.594838,-31.522771],[-68.594769,-31.522722],[-68.594706,-31.522672],[-68.594647,-31.522618],[-68.594594,-31.522558],[-68.594546,-31.522491],[-68.594511,-31.522426],[-68.594484,-31.52235],[-68.594467,-31.522264],[-68.594456,-31.522182],[-68.594456,-31.522121],[-68.594465,-31.522043],[-68.594478,-31.521975],[-68.594496,-31.521919],[-68.594505,-31.521901],[-68.59452,-31.521866],[-68.59449,-31.52186],[-68.594461,-31.521852],[-68.594427,-31.521844],[-68.5944,-31.521837],[-68.59441,-31.52187],[-68.594408,-31.521911],[-68.594393,-31.522006],[-68.594382,-31.522112],[-68.594382,-31.522199],[-68.594396,-31.522296],[-68.594421,-31.522386],[-68.594447,-31.522458],[-68.594488,-31.522536],[-68.594538,-31.522605],[-68.594596,-31.522668],[-68.594663,-31.522733],[-68.59472,-31.522777],[-68.594734,-31.522787],[-68.594814,-31.522836],[-68.594889,-31.522871],[-68.594975,-31.522903],[-68.595058,-31.522922],[-68.595127,-31.522929],[-68.595194,-31.522929],[-68.5953,-31.522922],[-68.595357,-31.522927]]]}},{"type":"Feature","properties":{"id":"m1033","m2":21373},"geometry":{"type":"Polygon","coordinates":[[[-68.595298,-31.522807],[-68.595304,-31.522791],[-68.595327,-31.522766],[-68.595344,-31.52272],[-68.595353,-31.52268],[-68.595351,-31.522624],[-68.595345,-31.522551],[-68.595337,-31.522466],[-68.595338,-31.522395],[-68.595342,-31.522327],[-68.595351,-31.522264],[-68.595366,-31.522199],[-68.595387,-31.522128],[-68.595417,-31.522062],[-68.595461,-31.521977],[-68.595511,-31.521892],[-68.595571,-31.521794],[-68.595624,-31.521715],[-68.595659,-31.521667],[-68.595687,-31.521625],[-68.595702,-31.521594],[-68.595713,-31.521575],[-68.595734,-31.521469],[-68.595748,-31.521366],[-68.595762,-31.521222],[-68.595756,-31.521084],[-68.595749,-31.520989],[-68.595734,-31.520911],[-68.595711,-31.520841],[-68.595682,-31.520767],[-68.595648,-31.520715],[-68.595608,-31.520668],[-68.595555,-31.52062],[-68.595479,-31.520579],[-68.595385,-31.520548],[-68.595292,-31.520532],[-68.595212,-31.520526],[-68.595149,-31.520533],[-68.595093,-31.520548],[-68.595033,-31.520572],[-68.594971,-31.520597],[-68.594932,-31.520617],[-68.594891,-31.52065],[-68.594858,-31.520689],[-68.594836,-31.520721],[-68.594828,-31.520734],[-68.594813,-31.520771],[-68.594798,-31.520807],[-68.594777,-31.520862],[-68.594766,-31.520916],[-68.594765,-31.520969],[-68.594768,-31.52103],[-68.594768,-31.521106],[-68.594771,-31.521163],[-68.594767,-31.521244],[-68.594756,-31.521306],[-68.594741,-31.521389],[-68.594721,-31.521459],[-68.594694,-31.52155],[-68.594668,-31.521614],[-68.594625,-31.521699],[-68.594573,-31.521788],[-68.594523,-31.521861],[-68.59452,-31.521866],[-68.594505,-31.521901],[-68.594496,-31.521919],[-68.594478,-31.521975],[-68.594465,-31.522043],[-68.594456,-31.522121],[-68.594456,-31.522182],[-68.594467,-31.522264],[-68.594484,-31.52235],[-68.594511,-31.522426],[-68.594546,-31.522491],[-68.594594,-31.522558],[-68.594647,-31.522618],[-68.594706,-31.522672],[-68.594769,-31.522722],[-68.594838,-31.522771],[-68.594908,-31.522805],[-68.594975,-31.522834],[-68.595053,-31.522857],[-68.595124,-31.52286],[-68.595191,-31.52285],[-68.595246,-31.522836],[-68.595275,-31.522825],[-68.595298,-31.522807]]]}},{"type":"Feature","properties":{"id":"m1034","m2":16508},"geometry":{"type":"Polygon","coordinates":[[[-68.59472,-31.522777],[-68.594663,-31.522733],[-68.594596,-31.522668],[-68.594538,-31.522605],[-68.594488,-31.522536],[-68.594447,-31.522458],[-68.594421,-31.522386],[-68.594396,-31.522296],[-68.594382,-31.522199],[-68.594382,-31.522112],[-68.594393,-31.522006],[-68.594408,-31.521911],[-68.59441,-31.52187],[-68.5944,-31.521837],[-68.594395,-31.521829],[-68.594387,-31.521818],[-68.594379,-31.52181],[-68.594349,-31.52178],[-68.59431,-31.521743],[-68.594269,-31.521712],[-68.594211,-31.521679],[-68.59415,-31.521651],[-68.594108,-31.521636],[-68.594051,-31.521624],[-68.593981,-31.52161],[-68.593899,-31.521602],[-68.593816,-31.521597],[-68.593737,-31.521597],[-68.593661,-31.521607],[-68.593591,-31.521626],[-68.593534,-31.521653],[-68.593468,-31.521694],[-68.593433,-31.521724],[-68.593389,-31.521769],[-68.593359,-31.52185],[-68.593319,-31.521964],[-68.593292,-31.522089],[-68.59328,-31.522199],[-68.593277,-31.522326],[-68.593292,-31.522524],[-68.593316,-31.522625],[-68.593358,-31.522744],[-68.593417,-31.522848],[-68.593468,-31.522917],[-68.593524,-31.522968],[-68.593603,-31.523014],[-68.59368,-31.523049],[-68.593773,-31.523072],[-68.593839,-31.523077],[-68.593909,-31.523073],[-68.593972,-31.523063],[-68.593991,-31.52306],[-68.59411,-31.523031],[-68.594256,-31.522999],[-68.594396,-31.522982],[-68.594521,-31.522972],[-68.594641,-31.52297],[-68.594674,-31.522952],[-68.594698,-31.522927],[-68.59472,-31.522882],[-68.594729,-31.52285],[-68.594729,-31.522813],[-68.59472,-31.522777]]]}},{"type":"Feature","properties":{"id":"m1035","m2":5268},"geometry":{"type":"Polygon","coordinates":[[[-68.5944,-31.521837],[-68.594427,-31.521844],[-68.594461,-31.521852],[-68.59449,-31.52186],[-68.59452,-31.521866],[-68.594523,-31.521861],[-68.594573,-31.521788],[-68.594625,-31.521699],[-68.594668,-31.521614],[-68.594694,-31.52155],[-68.594721,-31.521459],[-68.594741,-31.521389],[-68.594756,-31.521306],[-68.594767,-31.521244],[-68.594771,-31.521163],[-68.594768,-31.521106],[-68.594768,-31.52103],[-68.594765,-31.520969],[-68.594766,-31.520916],[-68.594777,-31.520862],[-68.594798,-31.520807],[-68.594813,-31.520771],[-68.594809,-31.520724],[-68.594791,-31.520696],[-68.594759,-31.52067],[-68.594726,-31.520661],[-68.594651,-31.520657],[-68.594585,-31.520651],[-68.594527,-31.520643],[-68.594493,-31.520634],[-68.594447,-31.52065],[-68.594427,-31.520664],[-68.594416,-31.520678],[-68.594397,-31.520719],[-68.594396,-31.520782],[-68.594392,-31.520816],[-68.59438,-31.520862],[-68.594364,-31.520906],[-68.594337,-31.520972],[-68.594305,-31.521077],[-68.594286,-31.521196],[-68.59428,-31.521338],[-68.594278,-31.521424],[-68.594277,-31.521458],[-68.594264,-31.521494],[-68.594242,-31.521531],[-68.59422,-31.52156],[-68.594202,-31.521602],[-68.594197,-31.521645],[-68.594211,-31.521679],[-68.594269,-31.521712],[-68.59431,-31.521743],[-68.594349,-31.52178],[-68.594379,-31.52181],[-68.594387,-31.521818],[-68.594395,-31.521829],[-68.5944,-31.521837]]]}},{"type":"Feature","properties":{"id":"m1036","m2":10376},"geometry":{"type":"Polygon","coordinates":[[[-68.594051,-31.521624],[-68.59409,-31.521615],[-68.594123,-31.521607],[-68.59416,-31.521596],[-68.594188,-31.521582],[-68.59422,-31.52156],[-68.594242,-31.521531],[-68.594264,-31.521494],[-68.594277,-31.521458],[-68.594278,-31.521424],[-68.59428,-31.521338],[-68.594286,-31.521196],[-68.594305,-31.521077],[-68.594337,-31.520972],[-68.594364,-31.520906],[-68.59438,-31.520862],[-68.594392,-31.520816],[-68.594396,-31.520782],[-68.594397,-31.520719],[-68.594389,-31.520669],[-68.59437,-31.520616],[-68.594334,-31.520552],[-68.594297,-31.520521],[-68.594252,-31.520486],[-68.594215,-31.520456],[-68.594156,-31.520429],[-68.5941,-31.520406],[-68.594042,-31.520395],[-68.593982,-31.520391],[-68.593916,-31.520396],[-68.593858,-31.520406],[-68.593785,-31.52043],[-68.593716,-31.520468],[-68.593672,-31.520508],[-68.593641,-31.520544],[-68.593598,-31.520598],[-68.593568,-31.520651],[-68.593541,-31.520706],[-68.593506,-31.520773],[-68.593471,-31.520849],[-68.593441,-31.52094],[-68.593418,-31.521029],[-68.593405,-31.521103],[-68.593401,-31.521181],[-68.593394,-31.521286],[-68.593397,-31.521376],[-68.593403,-31.521453],[-68.593407,-31.521474],[-68.59343,-31.521511],[-68.593451,-31.521539],[-68.59348,-31.521559],[-68.593523,-31.521586],[-68.593571,-31.521605],[-68.59361,-31.521608],[-68.593661,-31.521607],[-68.593737,-31.521597],[-68.593816,-31.521597],[-68.593899,-31.521602],[-68.593981,-31.52161],[-68.594051,-31.521624]]]}},{"type":"Feature","properties":{"id":"m1037","m2":2241},"geometry":{"type":"Polygon","coordinates":[[[-68.593972,-31.523063],[-68.593909,-31.523073],[-68.593839,-31.523077],[-68.593773,-31.523072],[-68.59368,-31.523049],[-68.593603,-31.523014],[-68.593524,-31.522968],[-68.593468,-31.522917],[-68.593417,-31.522848],[-68.593358,-31.522744],[-68.593316,-31.522625],[-68.593292,-31.522524],[-68.593267,-31.522712],[-68.593249,-31.522816],[-68.593236,-31.522876],[-68.593204,-31.522975],[-68.593183,-31.523058],[-68.593177,-31.523112],[-68.593186,-31.523173],[-68.593209,-31.523219],[-68.593255,-31.523258],[-68.593305,-31.523291],[-68.593354,-31.52331],[-68.59341,-31.523311],[-68.593462,-31.523305],[-68.593508,-31.523291],[-68.593555,-31.523267],[-68.593622,-31.523232],[-68.593712,-31.523185],[-68.593812,-31.523134],[-68.593886,-31.523096],[-68.593972,-31.523063]]]}},{"type":"Feature","properties":{"id":"m1038","m2":1128},"geometry":{"type":"Polygon","coordinates":[[[-68.594499,-31.552201],[-68.594576,-31.552178],[-68.594395,-31.550943],[-68.594305,-31.55097],[-68.594499,-31.552201]]]}},{"type":"Feature","properties":{"id":"m1039","m2":1452},"geometry":{"type":"Polygon","coordinates":[[[-68.594305,-31.55097],[-68.594395,-31.550943],[-68.594168,-31.549401],[-68.594086,-31.549426],[-68.594305,-31.55097]]]}},{"type":"Feature","properties":{"id":"m1040","m2":995},"geometry":{"type":"Polygon","coordinates":[[[-68.594086,-31.549426],[-68.594168,-31.549401],[-68.594015,-31.548364],[-68.594009,-31.54835],[-68.594001,-31.548343],[-68.593989,-31.548336],[-68.593972,-31.548333],[-68.593955,-31.548335],[-68.593939,-31.548343],[-68.593929,-31.548355],[-68.593925,-31.548367],[-68.594086,-31.549426]]]}},{"type":"Feature","properties":{"id":"m1041","m2":827},"geometry":{"type":"Polygon","coordinates":[[[-68.595031,-31.555255],[-68.594976,-31.554864],[-68.594946,-31.554528],[-68.594922,-31.554393],[-68.594898,-31.55431],[-68.594888,-31.554294],[-68.594899,-31.554391],[-68.594894,-31.554475],[-68.594862,-31.554637],[-68.59486,-31.554728],[-68.594932,-31.55528],[-68.595031,-31.555255]]]}},{"type":"Feature","properties":{"id":"m1042","m2":1426},"geometry":{"type":"Polygon","coordinates":[[[-68.580838,-31.551867],[-68.580819,-31.551816],[-68.580806,-31.551762],[-68.580258,-31.551923],[-68.57964,-31.552105],[-68.579669,-31.552215],[-68.580487,-31.551971],[-68.580725,-31.5519],[-68.580838,-31.551867]]]}},{"type":"Feature","properties":{"id":"m1043","m2":1093},"geometry":{"type":"Polygon","coordinates":[[[-68.588248,-31.525433],[-68.588249,-31.525542],[-68.588527,-31.52554],[-68.589214,-31.525536],[-68.589217,-31.525431],[-68.58852,-31.525433],[-68.588248,-31.525433]]]}},{"type":"Feature","properties":{"id":"m1044","m2":13770},"geometry":{"type":"Polygon","coordinates":[[[-68.588249,-31.525542],[-68.588252,-31.526268],[-68.588505,-31.526261],[-68.589197,-31.526242],[-68.589755,-31.526227],[-68.590074,-31.526218],[-68.590127,-31.525531],[-68.589817,-31.525533],[-68.589214,-31.525536],[-68.588527,-31.52554],[-68.588249,-31.525542]]]}},{"type":"Feature","properties":{"id":"m1045","m2":989},"geometry":{"type":"Polygon","coordinates":[[[-68.588252,-31.526268],[-68.588253,-31.526368],[-68.588504,-31.52636],[-68.589192,-31.526342],[-68.589197,-31.526242],[-68.588505,-31.526261],[-68.588252,-31.526268]]]}},{"type":"Feature","properties":{"id":"m1046","m2":921},"geometry":{"type":"Polygon","coordinates":[[[-68.589197,-31.526242],[-68.589192,-31.526342],[-68.58975,-31.526327],[-68.590066,-31.526319],[-68.590074,-31.526218],[-68.589755,-31.526227],[-68.589197,-31.526242]]]}},{"type":"Feature","properties":{"id":"m1047","m2":1004},"geometry":{"type":"Polygon","coordinates":[[[-68.590135,-31.525429],[-68.589823,-31.525429],[-68.589217,-31.525431],[-68.589214,-31.525536],[-68.589817,-31.525533],[-68.590127,-31.525531],[-68.590135,-31.525429]]]}},{"type":"Feature","properties":{"id":"m1048","m2":874},"geometry":{"type":"Polygon","coordinates":[[[-68.586168,-31.528304],[-68.586016,-31.528994],[-68.585996,-31.529088],[-68.586098,-31.529105],[-68.58612,-31.529011],[-68.586127,-31.528985],[-68.586257,-31.528336],[-68.58626,-31.528312],[-68.586251,-31.528295],[-68.586234,-31.528283],[-68.586219,-31.528278],[-68.586192,-31.528281],[-68.586168,-31.528304]]]}},{"type":"Feature","properties":{"id":"m1049","m2":1951},"geometry":{"type":"Polygon","coordinates":[[[-68.563086,-31.528585],[-68.563258,-31.528556],[-68.564894,-31.528285],[-68.564873,-31.528184],[-68.564558,-31.528237],[-68.563078,-31.528486],[-68.563086,-31.528585]]]}},{"type":"Feature","properties":{"id":"m1050","m2":12956},"geometry":{"type":"Polygon","coordinates":[[[-68.56317,-31.53067],[-68.56292,-31.53199],[-68.563467,-31.531924],[-68.563895,-31.531952],[-68.563897,-31.531907],[-68.564082,-31.530662],[-68.56371,-31.530604],[-68.563424,-31.530639],[-68.563281,-31.530657],[-68.56317,-31.53067]]]}},{"type":"Feature","properties":{"id":"m1051","m2":14369},"geometry":{"type":"Polygon","coordinates":[[[-68.56292,-31.53199],[-68.562673,-31.533291],[-68.562801,-31.533275],[-68.56281,-31.533274],[-68.562873,-31.533266],[-68.563239,-31.533228],[-68.563838,-31.533199],[-68.563895,-31.531952],[-68.563467,-31.531924],[-68.56292,-31.53199]]]}},{"type":"Feature","properties":{"id":"m1052","m2":1029},"geometry":{"type":"Polygon","coordinates":[[[-68.560347,-31.529038],[-68.56138,-31.528867],[-68.561383,-31.528772],[-68.56125,-31.528794],[-68.561038,-31.52883],[-68.56033,-31.528949],[-68.560347,-31.529038]]]}},{"type":"Feature","properties":{"id":"m1053","m2":1138},"geometry":{"type":"Polygon","coordinates":[[[-68.557281,-31.529729],[-68.557323,-31.529835],[-68.558224,-31.529546],[-68.558216,-31.529433],[-68.557281,-31.529729]]]}},{"type":"Feature","properties":{"id":"m1054","m2":3538},"geometry":{"type":"Polygon","coordinates":[[[-68.586094,-31.527837],[-68.586233,-31.527217],[-68.586232,-31.527168],[-68.58622,-31.527132],[-68.586203,-31.527104],[-68.586174,-31.527069],[-68.586135,-31.527041],[-68.58609,-31.527026],[-68.585742,-31.526965],[-68.585769,-31.526999],[-68.585791,-31.527038],[-68.585804,-31.527079],[-68.585811,-31.52712],[-68.585812,-31.527152],[-68.585809,-31.527183],[-68.585701,-31.527643],[-68.585698,-31.527679],[-68.585703,-31.527708],[-68.585718,-31.527734],[-68.58574,-31.527756],[-68.585764,-31.527774],[-68.585794,-31.527791],[-68.586094,-31.527837]]]}},{"type":"Feature","properties":{"id":"m1055","m2":1148},"geometry":{"type":"Polygon","coordinates":[[[-68.56593,-31.52803],[-68.565793,-31.528043],[-68.565726,-31.52805],[-68.565659,-31.528059],[-68.565592,-31.528067],[-68.565525,-31.528077],[-68.565459,-31.528087],[-68.564873,-31.528184],[-68.564894,-31.528285],[-68.565065,-31.528257],[-68.565483,-31.528188],[-68.56555,-31.528178],[-68.565617,-31.528168],[-68.565684,-31.528159],[-68.565751,-31.528151],[-68.565818,-31.528143],[-68.565923,-31.528133],[-68.56593,-31.52803]]]}},{"type":"Feature","properties":{"id":"m1056","m2":2511},"geometry":{"type":"Polygon","coordinates":[[[-68.609628,-31.52633],[-68.609773,-31.526274],[-68.609736,-31.52621],[-68.609637,-31.526056],[-68.608924,-31.524957],[-68.608847,-31.524879],[-68.60885,-31.524916],[-68.608839,-31.524951],[-68.608815,-31.524982],[-68.608781,-31.525004],[-68.609493,-31.526111],[-68.60959,-31.526265],[-68.609628,-31.52633]]]}},{"type":"Feature","properties":{"id":"m1057","m2":929},"geometry":{"type":"Polygon","coordinates":[[[-68.587746,-31.54119],[-68.587184,-31.541186],[-68.587172,-31.541345],[-68.587731,-31.541345],[-68.587746,-31.54119]]]}},{"type":"Feature","properties":{"id":"m1058","m2":893},"geometry":{"type":"Polygon","coordinates":[[[-68.587731,-31.541345],[-68.587172,-31.541345],[-68.587158,-31.5415],[-68.587617,-31.541505],[-68.587682,-31.541473],[-68.587724,-31.541407],[-68.587731,-31.541345]]]}},{"type":"Feature","properties":{"id":"m1059","m2":2656},"geometry":{"type":"Polygon","coordinates":[[[-68.587158,-31.5415],[-68.587172,-31.541345],[-68.586346,-31.541345],[-68.585704,-31.541345],[-68.585528,-31.541345],[-68.585434,-31.541394],[-68.585425,-31.541483],[-68.587158,-31.5415]]]}},{"type":"Feature","properties":{"id":"m1060","m2":3159},"geometry":{"type":"Polygon","coordinates":[[[-68.57443,-31.538754],[-68.574405,-31.538755],[-68.574006,-31.538762],[-68.573809,-31.538765],[-68.573828,-31.538895],[-68.573887,-31.539296],[-68.573952,-31.539289],[-68.5744,-31.539238],[-68.574431,-31.539209],[-68.57445,-31.539171],[-68.574443,-31.539035],[-68.574439,-31.538949],[-68.574435,-31.53887],[-68.57443,-31.538754]]]}},{"type":"Feature","properties":{"id":"m1061","m2":11162},"geometry":{"type":"Polygon","coordinates":[[[-68.559897,-31.5384],[-68.559729,-31.538389],[-68.558824,-31.538301],[-68.558544,-31.538274],[-68.558196,-31.53824],[-68.558174,-31.538237],[-68.558048,-31.53822],[-68.55803,-31.538327],[-68.557999,-31.538509],[-68.557856,-31.539356],[-68.558017,-31.539281],[-68.558059,-31.539261],[-68.558071,-31.539256],[-68.559897,-31.5384]]]}},{"type":"Feature","properties":{"id":"m1062","m2":9125},"geometry":{"type":"Polygon","coordinates":[[[-68.564857,-31.530787],[-68.564704,-31.532003],[-68.565438,-31.532049],[-68.565569,-31.530902],[-68.564997,-31.53081],[-68.564857,-31.530787]]]}},{"type":"Feature","properties":{"id":"m1063","m2":10641},"geometry":{"type":"Polygon","coordinates":[[[-68.564857,-31.530787],[-68.564082,-31.530662],[-68.563897,-31.531907],[-68.563895,-31.531952],[-68.564555,-31.531994],[-68.564704,-31.532003],[-68.564857,-31.530787]]]}},{"type":"Feature","properties":{"id":"m1064","m2":8683},"geometry":{"type":"Polygon","coordinates":[[[-68.564704,-31.532003],[-68.564621,-31.533163],[-68.565356,-31.53313],[-68.565438,-31.532049],[-68.564704,-31.532003]]]}},{"type":"Feature","properties":{"id":"m1065","m2":10102},"geometry":{"type":"Polygon","coordinates":[[[-68.564704,-31.532003],[-68.564555,-31.531994],[-68.563895,-31.531952],[-68.563838,-31.533199],[-68.564621,-31.533163],[-68.564704,-31.532003]]]}},{"type":"Feature","properties":{"id":"m1066","m2":12552},"geometry":{"type":"Polygon","coordinates":[[[-68.562314,-31.518119],[-68.562896,-31.518108],[-68.562956,-31.518103],[-68.563011,-31.51809],[-68.563057,-31.518071],[-68.563105,-31.518041],[-68.563136,-31.518016],[-68.563171,-31.517973],[-68.563197,-31.517933],[-68.563217,-31.517886],[-68.563227,-31.51785],[-68.56323,-31.517819],[-68.563231,-31.517727],[-68.563216,-31.517124],[-68.563037,-31.517127],[-68.562891,-31.517129],[-68.562529,-31.517135],[-68.562541,-31.517683],[-68.562528,-31.517705],[-68.562505,-31.51772],[-68.56248,-31.517727],[-68.561331,-31.517746],[-68.561288,-31.517756],[-68.561261,-31.517778],[-68.561249,-31.517813],[-68.561255,-31.518291],[-68.561609,-31.518166],[-68.561668,-31.518148],[-68.561723,-31.518134],[-68.561777,-31.518128],[-68.561826,-31.518127],[-68.562314,-31.518119]]]}},{"type":"Feature","properties":{"id":"m1067","m2":1067},"geometry":{"type":"Polygon","coordinates":[[[-68.563216,-31.517124],[-68.563318,-31.517122],[-68.563302,-31.516512],[-68.563288,-31.516139],[-68.563187,-31.516141],[-68.563216,-31.517124]]]}},{"type":"Feature","properties":{"id":"m1068","m2":1906},"geometry":{"type":"Polygon","coordinates":[[[-68.58242,-31.516824],[-68.582443,-31.516818],[-68.582471,-31.516804],[-68.582487,-31.516791],[-68.582493,-31.516773],[-68.582496,-31.516116],[-68.582238,-31.516112],[-68.582234,-31.516762],[-68.582257,-31.51679],[-68.582278,-31.516806],[-68.58231,-31.51682],[-68.582322,-31.516821],[-68.582343,-31.516824],[-68.582377,-31.516827],[-68.58241,-31.516827],[-68.58242,-31.516824]]]}},{"type":"Feature","properties":{"id":"m1069","m2":4969},"geometry":{"type":"Polygon","coordinates":[[[-68.582497,-31.515524],[-68.5817,-31.515519],[-68.581695,-31.51606],[-68.581715,-31.516094],[-68.581773,-31.516112],[-68.582238,-31.516112],[-68.582496,-31.516116],[-68.582497,-31.515524]]]}},{"type":"Feature","properties":{"id":"m1070","m2":11227},"geometry":{"type":"Polygon","coordinates":[[[-68.56759,-31.53106],[-68.567538,-31.531058],[-68.566864,-31.531015],[-68.566664,-31.531003],[-68.56654,-31.532124],[-68.566665,-31.532139],[-68.567487,-31.532195],[-68.56759,-31.53106]]]}},{"type":"Feature","properties":{"id":"m1071","m2":13086},"geometry":{"type":"Polygon","coordinates":[[[-68.566664,-31.531003],[-68.565887,-31.530954],[-68.565569,-31.530902],[-68.565438,-31.532049],[-68.566183,-31.532095],[-68.566274,-31.532101],[-68.566412,-31.53211],[-68.56654,-31.532124],[-68.566664,-31.531003]]]}},{"type":"Feature","properties":{"id":"m1072","m2":926},"geometry":{"type":"Polygon","coordinates":[[[-68.555608,-31.524287],[-68.555509,-31.524268],[-68.555432,-31.524254],[-68.555385,-31.524435],[-68.555303,-31.524488],[-68.55528,-31.524493],[-68.555275,-31.524494],[-68.555226,-31.52456],[-68.555373,-31.524659],[-68.555405,-31.524681],[-68.555485,-31.524735],[-68.555507,-31.524634],[-68.555535,-31.524532],[-68.555608,-31.524287]]]}},{"type":"Feature","properties":{"id":"m1073","m2":1079},"geometry":{"type":"Polygon","coordinates":[[[-68.556874,-31.529979],[-68.556831,-31.529875],[-68.556807,-31.529883],[-68.555957,-31.530159],[-68.556003,-31.53026],[-68.556874,-31.529979]]]}},{"type":"Feature","properties":{"id":"m1074","m2":2610},"geometry":{"type":"Polygon","coordinates":[[[-68.554646,-31.530698],[-68.556003,-31.53026],[-68.555957,-31.530159],[-68.554053,-31.530778],[-68.553797,-31.530861],[-68.553763,-31.530983],[-68.554091,-31.53087],[-68.554275,-31.530817],[-68.554646,-31.530698]]]}},{"type":"Feature","properties":{"id":"m1075","m2":2993},"geometry":{"type":"Polygon","coordinates":[[[-68.554802,-31.531344],[-68.554786,-31.531397],[-68.554772,-31.531439],[-68.554748,-31.531469],[-68.554699,-31.531503],[-68.554661,-31.531529],[-68.554642,-31.531543],[-68.554629,-31.53156],[-68.554615,-31.531589],[-68.5545,-31.532121],[-68.555048,-31.532181],[-68.55507,-31.532166],[-68.554968,-31.531609],[-68.554839,-31.531564],[-68.554802,-31.531344]]]}},{"type":"Feature","properties":{"id":"m1076","m2":1016},"geometry":{"type":"Polygon","coordinates":[[[-68.556028,-31.538577],[-68.555968,-31.539213],[-68.556027,-31.539179],[-68.556086,-31.539146],[-68.556112,-31.539108],[-68.556129,-31.539053],[-68.556207,-31.53862],[-68.556204,-31.538586],[-68.556188,-31.538568],[-68.556157,-31.538558],[-68.556028,-31.538577]]]}},{"type":"Feature","properties":{"id":"m1077","m2":952},"geometry":{"type":"Polygon","coordinates":[[[-68.578901,-31.520183],[-68.578924,-31.52016],[-68.578868,-31.52017],[-68.578837,-31.520178],[-68.578774,-31.520192],[-68.578052,-31.520396],[-68.578084,-31.520488],[-68.57878,-31.520302],[-68.578829,-31.520295],[-68.578888,-31.520299],[-68.578942,-31.520311],[-68.578918,-31.520296],[-68.578897,-31.520271],[-68.578887,-31.520242],[-68.578888,-31.520212],[-68.578901,-31.520183]]]}},{"type":"Feature","properties":{"id":"m1078","m2":20046},"geometry":{"type":"Polygon","coordinates":[[[-68.578178,-31.520821],[-68.578084,-31.520488],[-68.578052,-31.520396],[-68.577638,-31.520493],[-68.577471,-31.520529],[-68.577212,-31.520582],[-68.57697,-31.52063],[-68.576713,-31.520672],[-68.576467,-31.520707],[-68.576269,-31.520735],[-68.576046,-31.520763],[-68.575867,-31.520784],[-68.575718,-31.520799],[-68.575553,-31.520815],[-68.575454,-31.520826],[-68.575377,-31.520848],[-68.575327,-31.520874],[-68.575302,-31.520916],[-68.575295,-31.520966],[-68.57529,-31.521032],[-68.575309,-31.521522],[-68.575313,-31.521578],[-68.575322,-31.521609],[-68.575335,-31.521625],[-68.575358,-31.521638],[-68.575386,-31.52165],[-68.575423,-31.521655],[-68.575551,-31.521627],[-68.576177,-31.521416],[-68.576348,-31.521368],[-68.576627,-31.521296],[-68.576955,-31.521234],[-68.577248,-31.521182],[-68.577421,-31.521159],[-68.577741,-31.521122],[-68.577973,-31.521097],[-68.578026,-31.52109],[-68.578071,-31.521079],[-68.57811,-31.521059],[-68.578143,-31.521038],[-68.578166,-31.521011],[-68.578193,-31.520955],[-68.578199,-31.520916],[-68.578178,-31.520821]]]}},{"type":"Feature","properties":{"id":"m1079","m2":2045},"geometry":{"type":"Polygon","coordinates":[[[-68.564868,-31.515465],[-68.564854,-31.515449],[-68.564845,-31.515433],[-68.564837,-31.515411],[-68.564835,-31.515391],[-68.564836,-31.515368],[-68.564843,-31.515349],[-68.56485,-31.515335],[-68.564859,-31.515322],[-68.56487,-31.515311],[-68.564841,-31.515325],[-68.564795,-31.515337],[-68.56475,-31.515345],[-68.564705,-31.51535],[-68.563676,-31.515369],[-68.56363,-31.51537],[-68.563569,-31.515374],[-68.563502,-31.515385],[-68.563439,-31.515402],[-68.563389,-31.515422],[-68.563345,-31.515449],[-68.563301,-31.515483],[-68.563262,-31.515519],[-68.56324,-31.515548],[-68.563219,-31.515584],[-68.5632,-31.515625],[-68.56319,-31.515659],[-68.563182,-31.515698],[-68.563183,-31.51574],[-68.563185,-31.515885],[-68.563187,-31.516141],[-68.563288,-31.516139],[-68.563282,-31.51587],[-68.563281,-31.515772],[-68.563283,-31.515721],[-68.563289,-31.515675],[-68.563303,-31.515632],[-68.563326,-31.51559],[-68.563355,-31.515558],[-68.563382,-31.515532],[-68.563418,-31.515507],[-68.563467,-31.515481],[-68.563514,-31.515466],[-68.563569,-31.515455],[-68.563631,-31.515449],[-68.563674,-31.515449],[-68.564709,-31.515434],[-68.564776,-31.515441],[-68.564819,-31.51545],[-68.564868,-31.515465]]]}},{"type":"Feature","properties":{"id":"m1080","m2":17631},"geometry":{"type":"Polygon","coordinates":[[[-68.558065,-31.538121],[-68.558178,-31.538131],[-68.558352,-31.538147],[-68.558373,-31.538034],[-68.558378,-31.538013],[-68.558618,-31.536773],[-68.557425,-31.536667],[-68.557175,-31.537968],[-68.557156,-31.538064],[-68.557532,-31.538083],[-68.557867,-31.538105],[-68.557959,-31.538111],[-68.558065,-31.538121]]]}},{"type":"Feature","properties":{"id":"m1081","m2":5486},"geometry":{"type":"Polygon","coordinates":[[[-68.559839,-31.538282],[-68.560447,-31.538322],[-68.561077,-31.538364],[-68.561105,-31.538366],[-68.561239,-31.538375],[-68.561251,-31.53824],[-68.561253,-31.538217],[-68.561277,-31.537957],[-68.561255,-31.53784],[-68.561256,-31.537824],[-68.561254,-31.537795],[-68.56125,-31.537767],[-68.561241,-31.537739],[-68.561237,-31.537729],[-68.56123,-31.537723],[-68.561211,-31.537696],[-68.561206,-31.537668],[-68.561146,-31.53771],[-68.561112,-31.537734],[-68.561097,-31.537745],[-68.561078,-31.537756],[-68.561054,-31.53777],[-68.561042,-31.537776],[-68.561028,-31.537782],[-68.561013,-31.537789],[-68.560524,-31.537949],[-68.560084,-31.538156],[-68.559839,-31.538282]]]}},{"type":"Feature","properties":{"id":"m1082","m2":6273},"geometry":{"type":"Polygon","coordinates":[[[-68.587244,-31.547246],[-68.58651,-31.547461],[-68.586657,-31.548069],[-68.586671,-31.548093],[-68.586688,-31.548115],[-68.586702,-31.548134],[-68.586722,-31.548145],[-68.586748,-31.548151],[-68.586767,-31.548159],[-68.587476,-31.547989],[-68.587446,-31.547891],[-68.587281,-31.547363],[-68.587244,-31.547246]]]}},{"type":"Feature","properties":{"id":"m1083","m2":3139},"geometry":{"type":"Polygon","coordinates":[[[-68.587244,-31.547246],[-68.587204,-31.54712],[-68.58705,-31.547166],[-68.584936,-31.547797],[-68.584973,-31.547911],[-68.58509,-31.547877],[-68.585796,-31.54767],[-68.58651,-31.547461],[-68.587244,-31.547246]]]}},{"type":"Feature","properties":{"id":"m1084","m2":810},"geometry":{"type":"Polygon","coordinates":[[[-68.587476,-31.547989],[-68.586767,-31.548159],[-68.586787,-31.548171],[-68.586802,-31.548188],[-68.586811,-31.548209],[-68.586812,-31.54823],[-68.586807,-31.54825],[-68.586794,-31.548268],[-68.586881,-31.548247],[-68.587507,-31.548087],[-68.587476,-31.547989]]]}},{"type":"Feature","properties":{"id":"m1085","m2":5737},"geometry":{"type":"Polygon","coordinates":[[[-68.58651,-31.547461],[-68.585796,-31.54767],[-68.585938,-31.54837],[-68.586525,-31.548218],[-68.586596,-31.548201],[-68.586609,-31.548184],[-68.586617,-31.548176],[-68.586631,-31.548165],[-68.586643,-31.548129],[-68.586653,-31.548099],[-68.586657,-31.548069],[-68.58651,-31.547461]]]}},{"type":"Feature","properties":{"id":"m1086","m2":9758},"geometry":{"type":"Polygon","coordinates":[[[-68.586171,-31.549542],[-68.587035,-31.549434],[-68.586729,-31.548377],[-68.586727,-31.548375],[-68.586718,-31.548359],[-68.5867,-31.548344],[-68.58667,-31.548315],[-68.586638,-31.548308],[-68.585959,-31.548476],[-68.586171,-31.549542]]]}},{"type":"Feature","properties":{"id":"m1087","m2":6025},"geometry":{"type":"Polygon","coordinates":[[[-68.580683,-31.550862],[-68.580499,-31.550894],[-68.580044,-31.550975],[-68.580258,-31.551923],[-68.580806,-31.551762],[-68.580791,-31.551651],[-68.580704,-31.551013],[-68.580683,-31.550862]]]}},{"type":"Feature","properties":{"id":"m1088","m2":6940},"geometry":{"type":"Polygon","coordinates":[[[-68.580044,-31.550975],[-68.57939,-31.551091],[-68.57964,-31.552105],[-68.580258,-31.551923],[-68.580044,-31.550975]]]}},{"type":"Feature","properties":{"id":"m1089","m2":15857},"geometry":{"type":"Polygon","coordinates":[[[-68.57939,-31.551091],[-68.578733,-31.551207],[-68.578065,-31.551325],[-68.578348,-31.552485],[-68.57964,-31.552105],[-68.57939,-31.551091]]]}},{"type":"Feature","properties":{"id":"m1090","m2":17969},"geometry":{"type":"Polygon","coordinates":[[[-68.578065,-31.551325],[-68.577403,-31.551443],[-68.576739,-31.55156],[-68.577057,-31.552866],[-68.578348,-31.552485],[-68.578065,-31.551325]]]}},{"type":"Feature","properties":{"id":"m1091","m2":9579},"geometry":{"type":"Polygon","coordinates":[[[-68.576739,-31.55156],[-68.576088,-31.551675],[-68.576365,-31.552889],[-68.576575,-31.553007],[-68.577057,-31.552866],[-68.576739,-31.55156]]]}},{"type":"Feature","properties":{"id":"m1092","m2":6996},"geometry":{"type":"Polygon","coordinates":[[[-68.609163,-31.518361],[-68.610317,-31.518457],[-68.610381,-31.517929],[-68.609081,-31.517807],[-68.609163,-31.518361]]]}},{"type":"Feature","properties":{"id":"m1093","m2":8424},"geometry":{"type":"Polygon","coordinates":[[[-68.609081,-31.517807],[-68.610381,-31.517929],[-68.610451,-31.517354],[-68.608995,-31.51722],[-68.609081,-31.517807]]]}},{"type":"Feature","properties":{"id":"m1094","m2":1319},"geometry":{"type":"Polygon","coordinates":[[[-68.574601,-31.546269],[-68.576004,-31.546114],[-68.57602,-31.546116],[-68.576034,-31.54612],[-68.576048,-31.546124],[-68.576044,-31.546121],[-68.576029,-31.54609],[-68.576024,-31.546056],[-68.576029,-31.546022],[-68.576037,-31.546008],[-68.57602,-31.546018],[-68.576007,-31.546025],[-68.575994,-31.546027],[-68.574622,-31.546179],[-68.574601,-31.546269]]]}},{"type":"Feature","properties":{"id":"m1095","m2":11767},"geometry":{"type":"Polygon","coordinates":[[[-68.565356,-31.53313],[-68.566282,-31.533088],[-68.56643,-31.533107],[-68.56654,-31.532124],[-68.566412,-31.53211],[-68.566274,-31.532101],[-68.566183,-31.532095],[-68.565438,-31.532049],[-68.565356,-31.53313]]]}},{"type":"Feature","properties":{"id":"m1096","m2":1972},"geometry":{"type":"Polygon","coordinates":[[[-68.608765,-31.52501],[-68.608725,-31.525017],[-68.608684,-31.525013],[-68.608647,-31.524999],[-68.608616,-31.524975],[-68.608216,-31.526126],[-68.608373,-31.526161],[-68.608765,-31.52501]]]}},{"type":"Feature","properties":{"id":"m1097","m2":1634},"geometry":{"type":"Polygon","coordinates":[[[-68.597491,-31.532547],[-68.597502,-31.532529],[-68.597482,-31.53252],[-68.59752,-31.53247],[-68.59745,-31.532325],[-68.597892,-31.532219],[-68.597892,-31.532217],[-68.59792,-31.532222],[-68.597931,-31.532224],[-68.597956,-31.532088],[-68.597951,-31.531986],[-68.597951,-31.531984],[-68.597946,-31.531986],[-68.597936,-31.53199],[-68.597941,-31.532082],[-68.597915,-31.532203],[-68.597444,-31.532311],[-68.597371,-31.53216],[-68.59736,-31.532164],[-68.59735,-31.532168],[-68.597422,-31.532316],[-68.597101,-31.532401],[-68.597058,-31.532279],[-68.597048,-31.532283],[-68.597039,-31.532286],[-68.597079,-31.532409],[-68.59658,-31.53259],[-68.59639,-31.532533],[-68.596374,-31.532539],[-68.596349,-31.532549],[-68.596532,-31.532606],[-68.59652,-31.532662],[-68.596488,-31.532679],[-68.596477,-31.532682],[-68.596476,-31.532673],[-68.59647,-31.532663],[-68.596462,-31.532657],[-68.596451,-31.532652],[-68.596439,-31.532652],[-68.596427,-31.532655],[-68.59642,-31.53266],[-68.596412,-31.532668],[-68.59641,-31.532676],[-68.59641,-31.532687],[-68.596414,-31.532696],[-68.59642,-31.532701],[-68.596428,-31.532706],[-68.596433,-31.532708],[-68.596439,-31.532709],[-68.596429,-31.532768],[-68.596418,-31.532767],[-68.5964,-31.532768],[-68.596382,-31.532771],[-68.596366,-31.532776],[-68.596354,-31.532782],[-68.596343,-31.532789],[-68.596336,-31.532795],[-68.595956,-31.532698],[-68.595939,-31.532705],[-68.595925,-31.53271],[-68.596318,-31.532816],[-68.596311,-31.532829],[-68.596306,-31.532844],[-68.596305,-31.532857],[-68.596305,-31.532871],[-68.596309,-31.532888],[-68.596317,-31.532903],[-68.596326,-31.532916],[-68.59634,-31.532929],[-68.596355,-31.532939],[-68.596369,-31.532945],[-68.596378,-31.532948],[-68.5962,-31.533188],[-68.596215,-31.533189],[-68.596225,-31.533191],[-68.59641,-31.532954],[-68.59642,-31.532954],[-68.59643,-31.532953],[-68.59644,-31.532951],[-68.596449,-31.532949],[-68.596455,-31.532947],[-68.596548,-31.533232],[-68.596563,-31.533234],[-68.596575,-31.533236],[-68.596478,-31.532936],[-68.596484,-31.532933],[-68.596494,-31.532924],[-68.596505,-31.532912],[-68.596517,-31.532893],[-68.596523,-31.532873],[-68.596524,-31.532856],[-68.596828,-31.53284],[-68.596829,-31.53283],[-68.596832,-31.532819],[-68.596517,-31.532827],[-68.59651,-31.532815],[-68.596502,-31.532804],[-68.596493,-31.532795],[-68.596484,-31.532788],[-68.596471,-31.532781],[-68.59646,-31.532775],[-68.596452,-31.532772],[-68.596455,-31.532744],[-68.596467,-31.532745],[-68.596467,-31.532747],[-68.596468,-31.532751],[-68.596471,-31.532755],[-68.596476,-31.532757],[-68.596528,-31.532763],[-68.59653,-31.532767],[-68.596533,-31.532773],[-68.596536,-31.532776],[-68.596542,-31.53278],[-68.596547,-31.532782],[-68.596645,-31.532792],[-68.59665,-31.532732],[-68.596625,-31.532705],[-68.59664,-31.532705],[-68.596643,-31.532677],[-68.596543,-31.532659],[-68.596553,-31.532614],[-68.59689,-31.532689],[-68.596909,-31.532678],[-68.596932,-31.532663],[-68.596599,-31.532598],[-68.597083,-31.532423],[-68.597163,-31.532676],[-68.597174,-31.532677],[-68.597189,-31.532679],[-68.597105,-31.532416],[-68.597432,-31.53233],[-68.597497,-31.532471],[-68.59744,-31.532548],[-68.597562,-31.532613],[-68.597734,-31.532795],[-68.597744,-31.532789],[-68.597753,-31.532784],[-68.597576,-31.532596],[-68.597491,-31.532547]]]}},{"type":"Feature","properties":{"id":"m1098","m2":853},"geometry":{"type":"Polygon","coordinates":[[[-68.582149,-31.531543],[-68.582488,-31.530591],[-68.582407,-31.53058],[-68.582076,-31.531502],[-68.582149,-31.531543]]]}},{"type":"Feature","properties":{"id":"m1099","m2":10115},"geometry":{"type":"Polygon","coordinates":[[[-68.582076,-31.531502],[-68.582407,-31.53058],[-68.58073,-31.530407],[-68.580636,-31.530378],[-68.580661,-31.530448],[-68.58075,-31.530548],[-68.580894,-31.530686],[-68.581104,-31.530868],[-68.581261,-31.530992],[-68.581396,-31.531088],[-68.581539,-31.531184],[-68.581722,-31.531302],[-68.581957,-31.531436],[-68.582076,-31.531502]]]}},{"type":"Feature","properties":{"id":"m1100","m2":11103},"geometry":{"type":"Polygon","coordinates":[[[-68.568506,-31.532265],[-68.568383,-31.532256],[-68.568253,-31.532247],[-68.567487,-31.532195],[-68.567395,-31.533179],[-68.56853,-31.533255],[-68.568499,-31.532887],[-68.568499,-31.532594],[-68.568506,-31.532265]]]}},{"type":"Feature","properties":{"id":"m1101","m2":10909},"geometry":{"type":"Polygon","coordinates":[[[-68.586777,-31.548285],[-68.586753,-31.548314],[-68.586741,-31.54834],[-68.58673,-31.548374],[-68.586729,-31.548377],[-68.587035,-31.549434],[-68.587885,-31.549325],[-68.587507,-31.548087],[-68.586881,-31.548247],[-68.586794,-31.548268],[-68.586777,-31.548285]]]}},{"type":"Feature","properties":{"id":"m1102","m2":841},"geometry":{"type":"Polygon","coordinates":[[[-68.555277,-31.529315],[-68.555269,-31.529295],[-68.555254,-31.529279],[-68.555236,-31.529272],[-68.555192,-31.529274],[-68.555126,-31.529274],[-68.555068,-31.529274],[-68.554933,-31.529261],[-68.554865,-31.529251],[-68.554476,-31.529167],[-68.554416,-31.529154],[-68.554411,-31.529152],[-68.554296,-31.529128],[-68.554283,-31.529171],[-68.554312,-31.529179],[-68.554397,-31.529198],[-68.554402,-31.529199],[-68.554897,-31.529347],[-68.555175,-31.529402],[-68.555218,-31.529401],[-68.555246,-31.529386],[-68.555264,-31.529367],[-68.555273,-31.529353],[-68.555276,-31.529343],[-68.555278,-31.529329],[-68.555277,-31.529315]]]}},{"type":"Feature","properties":{"id":"m1103","m2":1206},"geometry":{"type":"Polygon","coordinates":[[[-68.553296,-31.532639],[-68.553282,-31.532689],[-68.553389,-31.532712],[-68.55344,-31.532721],[-68.553448,-31.532722],[-68.55346,-31.532724],[-68.553488,-31.532726],[-68.553774,-31.532747],[-68.553831,-31.53275],[-68.553865,-31.532755],[-68.553997,-31.532342],[-68.554002,-31.532294],[-68.553977,-31.532269],[-68.553896,-31.532243],[-68.553835,-31.532241],[-68.553828,-31.532276],[-68.553751,-31.53257],[-68.553726,-31.532636],[-68.553682,-31.532664],[-68.553631,-31.53267],[-68.553584,-31.532668],[-68.553499,-31.532665],[-68.55347,-31.532664],[-68.553455,-31.532663],[-68.553449,-31.532663],[-68.553404,-31.532658],[-68.553296,-31.532639]]]}},{"type":"Feature","properties":{"id":"m1104","m2":924},"geometry":{"type":"Polygon","coordinates":[[[-68.580445,-31.549237],[-68.580551,-31.549206],[-68.580581,-31.549197],[-68.581311,-31.548984],[-68.581279,-31.548889],[-68.580431,-31.549142],[-68.580445,-31.549237]]]}},{"type":"Feature","properties":{"id":"m1105","m2":9987},"geometry":{"type":"Polygon","coordinates":[[[-68.56654,-31.532124],[-68.56643,-31.533107],[-68.566554,-31.533123],[-68.567395,-31.533179],[-68.567487,-31.532195],[-68.566665,-31.532139],[-68.56654,-31.532124]]]}},{"type":"Feature","properties":{"id":"m1106","m2":11799},"geometry":{"type":"Polygon","coordinates":[[[-68.582772,-31.547778],[-68.582976,-31.548382],[-68.584561,-31.547909],[-68.584676,-31.547875],[-68.584642,-31.547755],[-68.584569,-31.547475],[-68.584515,-31.547284],[-68.582772,-31.547778]]]}},{"type":"Feature","properties":{"id":"m1107","m2":10862},"geometry":{"type":"Polygon","coordinates":[[[-68.584515,-31.547284],[-68.584569,-31.547475],[-68.58459,-31.547487],[-68.584638,-31.547506],[-68.584681,-31.547516],[-68.584739,-31.547519],[-68.584774,-31.547512],[-68.584802,-31.5475],[-68.584838,-31.547473],[-68.584872,-31.547432],[-68.584878,-31.547334],[-68.584885,-31.547177],[-68.584906,-31.546683],[-68.584906,-31.546576],[-68.584889,-31.546484],[-68.584658,-31.545713],[-68.584565,-31.545404],[-68.584507,-31.545376],[-68.584465,-31.54536],[-68.584414,-31.545356],[-68.584357,-31.545362],[-68.584303,-31.545381],[-68.584249,-31.545417],[-68.584209,-31.545472],[-68.584178,-31.545968],[-68.584183,-31.546067],[-68.584225,-31.546242],[-68.584515,-31.547284]]]}},{"type":"Feature","properties":{"id":"m1108","m2":11475},"geometry":{"type":"Polygon","coordinates":[[[-68.584888,-31.548623],[-68.584869,-31.548517],[-68.584733,-31.548073],[-68.58471,-31.547988],[-68.583137,-31.548449],[-68.583011,-31.548486],[-68.583197,-31.549036],[-68.583495,-31.548963],[-68.584148,-31.548803],[-68.584888,-31.548623]]]}},{"type":"Feature","properties":{"id":"m1109","m2":1916},"geometry":{"type":"Polygon","coordinates":[[[-68.584888,-31.548623],[-68.585159,-31.548558],[-68.585001,-31.548002],[-68.584973,-31.547911],[-68.58471,-31.547988],[-68.584733,-31.548073],[-68.584869,-31.548517],[-68.584888,-31.548623]]]}},{"type":"Feature","properties":{"id":"m1110","m2":2130},"geometry":{"type":"Polygon","coordinates":[[[-68.58471,-31.547988],[-68.584676,-31.547875],[-68.584561,-31.547909],[-68.582976,-31.548382],[-68.583011,-31.548486],[-68.583137,-31.548449],[-68.58471,-31.547988]]]}},{"type":"Feature","properties":{"id":"m1111","m2":1000},"geometry":{"type":"Polygon","coordinates":[[[-68.584676,-31.547875],[-68.584936,-31.547797],[-68.584898,-31.547677],[-68.584875,-31.54757],[-68.584869,-31.547469],[-68.584872,-31.547432],[-68.584838,-31.547473],[-68.584802,-31.5475],[-68.584774,-31.547512],[-68.584739,-31.547519],[-68.584681,-31.547516],[-68.584638,-31.547506],[-68.58459,-31.547487],[-68.584569,-31.547475],[-68.584642,-31.547755],[-68.584676,-31.547875]]]}},{"type":"Feature","properties":{"id":"m1112","m2":850},"geometry":{"type":"Polygon","coordinates":[[[-68.584209,-31.545472],[-68.584249,-31.545417],[-68.584303,-31.545381],[-68.584357,-31.545362],[-68.584414,-31.545356],[-68.584465,-31.54536],[-68.584507,-31.545376],[-68.584565,-31.545404],[-68.584525,-31.545269],[-68.584511,-31.545182],[-68.584517,-31.545073],[-68.584228,-31.545159],[-68.584209,-31.545472]]]}},{"type":"Feature","properties":{"id":"m1113","m2":12403},"geometry":{"type":"Polygon","coordinates":[[[-68.583197,-31.549036],[-68.583011,-31.548486],[-68.581311,-31.548984],[-68.581506,-31.549578],[-68.581741,-31.549521],[-68.58234,-31.549377],[-68.582921,-31.549238],[-68.583107,-31.549193],[-68.583197,-31.549036]]]}},{"type":"Feature","properties":{"id":"m1114","m2":1957},"geometry":{"type":"Polygon","coordinates":[[[-68.583011,-31.548486],[-68.582976,-31.548382],[-68.582815,-31.54843],[-68.581279,-31.548889],[-68.581311,-31.548984],[-68.583011,-31.548486]]]}},{"type":"Feature","properties":{"id":"m1115","m2":19911},"geometry":{"type":"Polygon","coordinates":[[[-68.584936,-31.547797],[-68.58705,-31.547166],[-68.587204,-31.54712],[-68.58702,-31.546529],[-68.586838,-31.545943],[-68.586114,-31.546144],[-68.586297,-31.546758],[-68.585683,-31.54694],[-68.584885,-31.547177],[-68.584878,-31.547334],[-68.584872,-31.547432],[-68.584869,-31.547469],[-68.584875,-31.54757],[-68.584898,-31.547677],[-68.584936,-31.547797]]]}},{"type":"Feature","properties":{"id":"m1116","m2":40447},"geometry":{"type":"Polygon","coordinates":[[[-68.585683,-31.54694],[-68.586297,-31.546758],[-68.586114,-31.546144],[-68.586838,-31.545943],[-68.58666,-31.545369],[-68.586446,-31.544679],[-68.586328,-31.544647],[-68.5862,-31.544618],[-68.586106,-31.544614],[-68.585994,-31.54463],[-68.584517,-31.545073],[-68.584511,-31.545182],[-68.584525,-31.545269],[-68.584565,-31.545404],[-68.584658,-31.545713],[-68.584889,-31.546484],[-68.584906,-31.546576],[-68.584906,-31.546683],[-68.584885,-31.547177],[-68.585683,-31.54694]]]}},{"type":"Feature","properties":{"id":"m1117","m2":2608},"geometry":{"type":"Polygon","coordinates":[[[-68.611971,-31.547346],[-68.612145,-31.547353],[-68.612543,-31.546542],[-68.612812,-31.545993],[-68.612764,-31.545976],[-68.612658,-31.545939],[-68.612627,-31.546003],[-68.612035,-31.547214],[-68.611971,-31.547346]]]}},{"type":"Feature","properties":{"id":"m1118","m2":8743},"geometry":{"type":"Polygon","coordinates":[[[-68.608538,-31.545306],[-68.609286,-31.54521],[-68.609283,-31.544176],[-68.609283,-31.5441],[-68.609024,-31.544149],[-68.608845,-31.544168],[-68.608692,-31.544165],[-68.608539,-31.544131],[-68.608539,-31.544296],[-68.608538,-31.545306]]]}},{"type":"Feature","properties":{"id":"m1119","m2":8579},"geometry":{"type":"Polygon","coordinates":[[[-68.609286,-31.54521],[-68.610003,-31.545114],[-68.610008,-31.54406],[-68.610009,-31.543966],[-68.609283,-31.5441],[-68.609283,-31.544176],[-68.609286,-31.54521]]]}},{"type":"Feature","properties":{"id":"m1120","m2":8853},"geometry":{"type":"Polygon","coordinates":[[[-68.610003,-31.545114],[-68.610747,-31.545022],[-68.61075,-31.543982],[-68.61075,-31.543907],[-68.610009,-31.543966],[-68.610008,-31.54406],[-68.610003,-31.545114]]]}},{"type":"Feature","properties":{"id":"m1121","m2":13926},"geometry":{"type":"Polygon","coordinates":[[[-68.610747,-31.545022],[-68.611482,-31.544928],[-68.612019,-31.544859],[-68.612024,-31.544009],[-68.612025,-31.543932],[-68.611576,-31.543897],[-68.611094,-31.543889],[-68.61075,-31.543907],[-68.61075,-31.543982],[-68.610747,-31.545022]]]}},{"type":"Feature","properties":{"id":"m1122","m2":856},"geometry":{"type":"Polygon","coordinates":[[[-68.592206,-31.532007],[-68.592227,-31.532083],[-68.592246,-31.532114],[-68.592585,-31.532312],[-68.592624,-31.532312],[-68.592699,-31.532219],[-68.59269,-31.532178],[-68.592479,-31.532073],[-68.592465,-31.532043],[-68.592445,-31.531965],[-68.592206,-31.532007]]]}},{"type":"Feature","properties":{"id":"m1123","m2":941},"geometry":{"type":"Polygon","coordinates":[[[-68.578943,-31.518977],[-68.578817,-31.518948],[-68.578605,-31.519581],[-68.57862,-31.519599],[-68.578662,-31.519612],[-68.578708,-31.519609],[-68.578742,-31.519598],[-68.578943,-31.518977]]]}},{"type":"Feature","properties":{"id":"m1124","m2":862},"geometry":{"type":"Polygon","coordinates":[[[-68.555516,-31.52394],[-68.555526,-31.523903],[-68.555073,-31.523814],[-68.555038,-31.523817],[-68.555016,-31.523833],[-68.554986,-31.523963],[-68.555485,-31.524058],[-68.555488,-31.524044],[-68.555516,-31.52394]]]}},{"type":"Feature","properties":{"id":"m1125","m2":801},"geometry":{"type":"Polygon","coordinates":[[[-68.553584,-31.532668],[-68.553631,-31.53267],[-68.553682,-31.532664],[-68.553726,-31.532636],[-68.553751,-31.53257],[-68.553828,-31.532276],[-68.553835,-31.532241],[-68.55371,-31.532214],[-68.553659,-31.532213],[-68.553636,-31.532226],[-68.55361,-31.532441],[-68.553584,-31.532668]]]}},{"type":"Feature","properties":{"id":"m1126","m2":1034},"geometry":{"type":"Polygon","coordinates":[[[-68.569705,-31.516486],[-68.569672,-31.516492],[-68.569642,-31.516506],[-68.569617,-31.516528],[-68.569572,-31.516588],[-68.569538,-31.516627],[-68.569493,-31.516655],[-68.569439,-31.51667],[-68.569382,-31.516671],[-68.569328,-31.516656],[-68.569281,-31.516629],[-68.569247,-31.516591],[-68.569218,-31.516564],[-68.569196,-31.516547],[-68.569165,-31.516534],[-68.56913,-31.516527],[-68.569156,-31.51652],[-68.569182,-31.51651],[-68.569202,-31.516494],[-68.569221,-31.516477],[-68.569238,-31.516456],[-68.569268,-31.516413],[-68.569314,-31.51638],[-68.569368,-31.516361],[-68.569427,-31.516358],[-68.569484,-31.516372],[-68.569534,-31.516399],[-68.56957,-31.516439],[-68.569588,-31.516453],[-68.569613,-31.516466],[-68.569639,-31.516478],[-68.569666,-31.516484],[-68.569705,-31.516486]]]}},{"type":"Feature","properties":{"id":"m1127","m2":9584},"geometry":{"type":"Polygon","coordinates":[[[-68.585541,-31.53012],[-68.585403,-31.530718],[-68.585249,-31.531385],[-68.584577,-31.531195],[-68.584868,-31.529923],[-68.585541,-31.53012]]]}},{"type":"Feature","properties":{"id":"m1128","m2":1798},"geometry":{"type":"Polygon","coordinates":[[[-68.551799,-31.525348],[-68.551803,-31.525373],[-68.551813,-31.525406],[-68.551827,-31.525458],[-68.551829,-31.525504],[-68.551719,-31.525982],[-68.551708,-31.52602],[-68.551694,-31.526042],[-68.551676,-31.52606],[-68.551653,-31.526072],[-68.551479,-31.526142],[-68.551449,-31.526148],[-68.551411,-31.526135],[-68.551387,-31.526113],[-68.55138,-31.526091],[-68.551381,-31.526066],[-68.551394,-31.526024],[-68.551663,-31.525482],[-68.551679,-31.525458],[-68.551701,-31.525434],[-68.551736,-31.525403],[-68.551775,-31.525373],[-68.551799,-31.525348]]]}},{"type":"Feature","properties":{"id":"m1129","m2":8648},"geometry":{"type":"Polygon","coordinates":[[[-68.567816,-31.544051],[-68.567873,-31.543116],[-68.569202,-31.543237],[-68.569226,-31.543353],[-68.569102,-31.543463],[-68.568923,-31.543605],[-68.56866,-31.543747],[-68.568485,-31.543833],[-68.568016,-31.543994],[-68.567816,-31.544051]]]}},{"type":"Feature","properties":{"id":"m1130","m2":2432},"geometry":{"type":"Polygon","coordinates":[[[-68.580008,-31.541318],[-68.579941,-31.54089],[-68.580466,-31.540825],[-68.580534,-31.541258],[-68.580008,-31.541318]]]}},{"type":"Feature","properties":{"id":"m1131","m2":1675},"geometry":{"type":"Polygon","coordinates":[[[-68.579764,-31.539573],[-68.579707,-31.53924],[-68.580176,-31.539182],[-68.580228,-31.539516],[-68.579764,-31.539573]]]}},{"type":"Feature","properties":{"id":"m1132","m2":2438},"geometry":{"type":"Polygon","coordinates":[[[-68.580285,-31.543057],[-68.580215,-31.542627],[-68.580742,-31.542565],[-68.580811,-31.542998],[-68.580285,-31.543057]]]}},{"type":"Feature","properties":{"id":"m1133","m2":2495},"geometry":{"type":"Polygon","coordinates":[[[-68.580553,-31.544809],[-68.580485,-31.544373],[-68.581021,-31.544312],[-68.581089,-31.544744],[-68.580553,-31.544809]]]}},{"type":"Feature","properties":{"id":"m1134","m2":12497},"geometry":{"type":"Polygon","coordinates":[[[-68.576463,-31.531871],[-68.576471,-31.531841],[-68.576488,-31.531812],[-68.576516,-31.531789],[-68.576551,-31.531775],[-68.576599,-31.531764],[-68.577177,-31.531673],[-68.578786,-31.531426],[-68.579034,-31.531383],[-68.579072,-31.531389],[-68.579091,-31.531404],[-68.579104,-31.53142],[-68.579107,-31.531443],[-68.579103,-31.531461],[-68.579083,-31.531485],[-68.579057,-31.531507],[-68.57902,-31.531539],[-68.578947,-31.531612],[-68.578938,-31.531633],[-68.578928,-31.531661],[-68.578923,-31.531693],[-68.578926,-31.531756],[-68.578931,-31.531841],[-68.578944,-31.531922],[-68.578964,-31.531965],[-68.579001,-31.532001],[-68.57896,-31.531998],[-68.578907,-31.532003],[-68.57884,-31.532008],[-68.578253,-31.532091],[-68.578122,-31.53211],[-68.578035,-31.532119],[-68.577963,-31.532121],[-68.577875,-31.532117],[-68.577807,-31.532113],[-68.57719,-31.532063],[-68.576623,-31.532017],[-68.576568,-31.532009],[-68.576531,-31.531995],[-68.5765,-31.531978],[-68.576478,-31.531955],[-68.576464,-31.531925],[-68.57646,-31.531902],[-68.576463,-31.531871]]]}},{"type":"Feature","properties":{"id":"m1135","m2":1020},"geometry":{"type":"Polygon","coordinates":[[[-68.552553,-31.527787],[-68.552519,-31.52779],[-68.552466,-31.527783],[-68.552378,-31.527767],[-68.552263,-31.527746],[-68.552343,-31.527425],[-68.552458,-31.527446],[-68.552546,-31.527462],[-68.552633,-31.527477],[-68.552553,-31.527787]]]}},{"type":"Feature","properties":{"id":"m1136","m2":1287},"geometry":{"type":"Polygon","coordinates":[[[-68.578752,-31.518934],[-68.578778,-31.518862],[-68.5788,-31.518834],[-68.57883,-31.518813],[-68.578867,-31.518802],[-68.578905,-31.518802],[-68.578942,-31.518812],[-68.578973,-31.518832],[-68.578995,-31.518859],[-68.579005,-31.51889],[-68.579003,-31.518923],[-68.57898,-31.518986],[-68.578943,-31.518977],[-68.578742,-31.519598],[-68.578708,-31.519609],[-68.578662,-31.519612],[-68.57862,-31.519599],[-68.578605,-31.519581],[-68.578817,-31.518948],[-68.578752,-31.518934]]]}},{"type":"Feature","properties":{"id":"m1137","m2":944},"geometry":{"type":"Polygon","coordinates":[[[-68.573467,-31.539042],[-68.573639,-31.539028],[-68.573713,-31.539525],[-68.573532,-31.539546],[-68.573467,-31.539042]]]}},{"type":"Feature","properties":{"id":"m1138","m2":6218},"geometry":{"type":"Polygon","coordinates":[[[-68.569901,-31.55378],[-68.569597,-31.553869],[-68.569255,-31.553943],[-68.56896,-31.553265],[-68.569841,-31.552987],[-68.56997,-31.553286],[-68.569728,-31.553368],[-68.569901,-31.55378]]]}},{"type":"Feature","properties":{"id":"m1139","m2":5642},"geometry":{"type":"Polygon","coordinates":[[[-68.598941,-31.517404],[-68.599617,-31.517577],[-68.59921,-31.518122],[-68.599028,-31.518451],[-68.598627,-31.518373],[-68.598941,-31.517404]]]}},{"type":"Feature","properties":{"id":"m1140","m2":3538},"geometry":{"type":"Polygon","coordinates":[[[-68.586094,-31.527837],[-68.585794,-31.527791],[-68.585764,-31.527774],[-68.58574,-31.527756],[-68.585718,-31.527734],[-68.585703,-31.527708],[-68.585698,-31.527679],[-68.585701,-31.527643],[-68.585809,-31.527183],[-68.585812,-31.527152],[-68.585811,-31.52712],[-68.585804,-31.527079],[-68.585791,-31.527038],[-68.585769,-31.526999],[-68.585742,-31.526965],[-68.58609,-31.527026],[-68.586135,-31.527041],[-68.586174,-31.527069],[-68.586203,-31.527104],[-68.58622,-31.527132],[-68.586232,-31.527168],[-68.586233,-31.527217],[-68.586094,-31.527837]]]}},{"type":"Feature","properties":{"id":"m1141","m2":2993},"geometry":{"type":"Polygon","coordinates":[[[-68.554802,-31.531344],[-68.554839,-31.531564],[-68.554968,-31.531609],[-68.55507,-31.532166],[-68.555048,-31.532181],[-68.5545,-31.532121],[-68.554615,-31.531589],[-68.554629,-31.53156],[-68.554642,-31.531543],[-68.554661,-31.531529],[-68.554699,-31.531503],[-68.554748,-31.531469],[-68.554772,-31.531439],[-68.554786,-31.531397],[-68.554802,-31.531344]]]}},{"type":"Feature","properties":{"id":"m1142","m2":21346},"geometry":{"type":"Polygon","coordinates":[[[-68.579144,-31.520343],[-68.579095,-31.520329],[-68.579057,-31.520321],[-68.579028,-31.520317],[-68.578999,-31.520322],[-68.578969,-31.520319],[-68.578942,-31.520311],[-68.578888,-31.520299],[-68.578829,-31.520295],[-68.57878,-31.520302],[-68.578084,-31.520488],[-68.578178,-31.520821],[-68.578199,-31.520916],[-68.578193,-31.520955],[-68.578166,-31.521011],[-68.578143,-31.521038],[-68.57811,-31.521059],[-68.578071,-31.521079],[-68.578026,-31.52109],[-68.577973,-31.521097],[-68.577741,-31.521122],[-68.577421,-31.521159],[-68.577248,-31.521182],[-68.576955,-31.521234],[-68.576627,-31.521296],[-68.576348,-31.521368],[-68.576177,-31.521416],[-68.575551,-31.521627],[-68.575423,-31.521655],[-68.575386,-31.52165],[-68.575358,-31.521638],[-68.575335,-31.521625],[-68.575322,-31.521609],[-68.575313,-31.521578],[-68.575309,-31.521522],[-68.57529,-31.521032],[-68.575295,-31.520966],[-68.575302,-31.520916],[-68.575327,-31.520874],[-68.575377,-31.520848],[-68.575454,-31.520826],[-68.575553,-31.520815],[-68.575718,-31.520799],[-68.575867,-31.520784],[-68.576046,-31.520763],[-68.576269,-31.520735],[-68.576467,-31.520707],[-68.576713,-31.520672],[-68.57697,-31.52063],[-68.577212,-31.520582],[-68.577471,-31.520529],[-68.577638,-31.520493],[-68.578052,-31.520396],[-68.578774,-31.520192],[-68.578837,-31.520178],[-68.578868,-31.52017],[-68.578924,-31.52016],[-68.578955,-31.520145],[-68.578989,-31.520139],[-68.579024,-31.520142],[-68.579056,-31.520156],[-68.579081,-31.520177],[-68.579096,-31.520204],[-68.579101,-31.520233],[-68.579094,-31.520263],[-68.579101,-31.520292],[-68.579113,-31.520313],[-68.579144,-31.520343]]]}},{"type":"Feature","properties":{"id":"m1143","m2":1634},"geometry":{"type":"Polygon","coordinates":[[[-68.597491,-31.532547],[-68.597576,-31.532596],[-68.597753,-31.532784],[-68.597744,-31.532789],[-68.597734,-31.532795],[-68.597562,-31.532613],[-68.59744,-31.532548],[-68.597497,-31.532471],[-68.597432,-31.53233],[-68.597105,-31.532416],[-68.597189,-31.532679],[-68.597174,-31.532677],[-68.597163,-31.532676],[-68.597083,-31.532423],[-68.596599,-31.532598],[-68.596932,-31.532663],[-68.596909,-31.532678],[-68.59689,-31.532689],[-68.596553,-31.532614],[-68.596543,-31.532659],[-68.596643,-31.532677],[-68.59664,-31.532705],[-68.596625,-31.532705],[-68.59665,-31.532732],[-68.596645,-31.532792],[-68.596547,-31.532782],[-68.596542,-31.53278],[-68.596536,-31.532776],[-68.596533,-31.532773],[-68.59653,-31.532767],[-68.596528,-31.532763],[-68.596476,-31.532757],[-68.596471,-31.532755],[-68.596468,-31.532751],[-68.596467,-31.532747],[-68.596467,-31.532745],[-68.596455,-31.532744],[-68.596452,-31.532772],[-68.59646,-31.532775],[-68.596471,-31.532781],[-68.596484,-31.532788],[-68.596493,-31.532795],[-68.596502,-31.532804],[-68.59651,-31.532815],[-68.596517,-31.532827],[-68.596832,-31.532819],[-68.596829,-31.53283],[-68.596828,-31.53284],[-68.596524,-31.532856],[-68.596523,-31.532873],[-68.596517,-31.532893],[-68.596505,-31.532912],[-68.596494,-31.532924],[-68.596484,-31.532933],[-68.596478,-31.532936],[-68.596575,-31.533236],[-68.596563,-31.533234],[-68.596548,-31.533232],[-68.596455,-31.532947],[-68.596449,-31.532949],[-68.59644,-31.532951],[-68.59643,-31.532953],[-68.59642,-31.532954],[-68.59641,-31.532954],[-68.596225,-31.533191],[-68.596215,-31.533189],[-68.5962,-31.533188],[-68.596378,-31.532948],[-68.596369,-31.532945],[-68.596355,-31.532939],[-68.59634,-31.532929],[-68.596326,-31.532916],[-68.596317,-31.532903],[-68.596309,-31.532888],[-68.596305,-31.532871],[-68.596305,-31.532857],[-68.596306,-31.532844],[-68.596311,-31.532829],[-68.596318,-31.532816],[-68.595925,-31.53271],[-68.595939,-31.532705],[-68.595956,-31.532698],[-68.596336,-31.532795],[-68.596343,-31.532789],[-68.596354,-31.532782],[-68.596366,-31.532776],[-68.596382,-31.532771],[-68.5964,-31.532768],[-68.596418,-31.532767],[-68.596429,-31.532768],[-68.596439,-31.532709],[-68.596433,-31.532708],[-68.596428,-31.532706],[-68.59642,-31.532701],[-68.596414,-31.532696],[-68.59641,-31.532687],[-68.59641,-31.532676],[-68.596412,-31.532668],[-68.59642,-31.53266],[-68.596427,-31.532655],[-68.596439,-31.532652],[-68.596451,-31.532652],[-68.596462,-31.532657],[-68.59647,-31.532663],[-68.596476,-31.532673],[-68.596477,-31.532682],[-68.596488,-31.532679],[-68.59652,-31.532662],[-68.596532,-31.532606],[-68.596349,-31.532549],[-68.596374,-31.532539],[-68.59639,-31.532533],[-68.59658,-31.53259],[-68.597079,-31.532409],[-68.597039,-31.532286],[-68.597048,-31.532283],[-68.597058,-31.532279],[-68.597101,-31.532401],[-68.597422,-31.532316],[-68.59735,-31.532168],[-68.59736,-31.532164],[-68.597371,-31.53216],[-68.597444,-31.532311],[-68.597915,-31.532203],[-68.597941,-31.532082],[-68.597936,-31.53199],[-68.597946,-31.531986],[-68.597951,-31.531984],[-68.597951,-31.531986],[-68.597956,-31.532088],[-68.597931,-31.532224],[-68.59792,-31.532222],[-68.597892,-31.532217],[-68.597892,-31.532219],[-68.59745,-31.532325],[-68.59752,-31.53247],[-68.597482,-31.53252],[-68.597502,-31.532529],[-68.597491,-31.532547]]]}},{"type":"Feature","properties":{"id":"m1144","m2":10967},"geometry":{"type":"Polygon","coordinates":[[[-68.582149,-31.531543],[-68.582076,-31.531502],[-68.581957,-31.531436],[-68.581722,-31.531302],[-68.581539,-31.531184],[-68.581396,-31.531088],[-68.581261,-31.530992],[-68.581104,-31.530868],[-68.580894,-31.530686],[-68.58075,-31.530548],[-68.580661,-31.530448],[-68.580636,-31.530378],[-68.58073,-31.530407],[-68.582407,-31.53058],[-68.582488,-31.530591],[-68.582149,-31.531543]]]}}]}